Summary,Issue key,Issue id,Issue Type,Status,Project key,Project name,Project type,Project lead,Project lead id,Project description,Project url,Priority,Resolution,Assignee,Assignee Id,Reporter,Reporter Id,Creator,Creator Id,Created,Updated,Last Viewed,Resolved,Fix versions,Fix versions,Components,Due date,Votes,Labels,Labels,Description,Environment,Watchers,Watchers,Watchers,Watchers,Watchers Id,Watchers Id,Watchers Id,Watchers Id,Original estimate,Remaining Estimate,Time Spent,Work Ratio,Σ Original Estimate,Σ Remaining Estimate,Σ Time Spent,Security Level,Inward issue link (Cloners),Inward issue link (Defect),Inward issue link (Defect),Inward issue link (Dependency),Inward issue link (Relates),Outward issue link (Relates),Inward issue link (Test),Inward issue link (Test),Inward issue link (Test),Outward issue link (Test),Attachment,Attachment,Attachment,Attachment,Attachment,Attachment,Attachment,Attachment,Custom field (AI Empowered),Custom field (Acceptance Criteria),Custom field (Acceptance Owner),Custom field (Action Completed Date),Custom field (Actual Delivery Date),Custom field (Actual Result),Custom field (Actual end),Custom field (Actual start),Custom field (Additional Activities),Custom field (Additional Questions),Custom field (Affected services),Custom field (Analysis Actual Story Points),Custom field (Analysis Effort),Custom field (Analysis Owner),Custom field (Analysis Owner)Id,Custom field (Analysis Updated Effort),Custom field (Approvals),Custom field (Approved By),Custom field (Architect),Custom field (Asset Class),Custom field (Assignment Type),Custom field (Associated Automation),Custom field (Automated),Custom field (Automated By),Custom field (Automated Date),Custom field (Automation Status),Custom field (BA Assignee),Custom field (BA Assignee)Id,Custom field (Backlog Rank),Custom field (Begin Date),Custom field (Billing Project Link),Custom field (Billing Project Number),Custom field (Block Reason),Custom field (Bug Origin),Custom field (Bug Type),Custom field (Business Domain),Custom field (Business Owner),Custom field (Business Owner)Id,Custom field (CS Task ID),Custom field (CS Task Owner),Custom field (Candidate for Automation),Custom field (Category),Custom field (Change Approver),Custom field (Change Reporter),Custom field (Change reason),Custom field (Change risk),Custom field (Change type),Custom field (Change_Reason),Custom field (Closed),Custom field (Closed By),Custom field (Closed By)Id,Custom field (Committed by),Custom field (Customer),Custom field (Customer Impact),Custom field (Dev Actual Story Points),Custom field (Dev Effort),Custom field (Dev Owner),Custom field (Dev Owner)Id,Custom field (Dev Updated Effort),Custom field (Development),Custom field (Development Team Priority),Custom field (Division),Custom field (Documentation Completed),Custom field (Documentation Notes),Custom field (EPIC Type),Custom field (ETA Given Date),Custom field (Engineering Manager),Custom field (Epic Color),Custom field (Epic Name),Custom field (Epic Salesforce ID),Custom field (Epic Status),Custom field (Epic Story Points),Custom field (EpicClosure),Custom field (Escalation Notes),Custom field (Estimated Story Points),Custom field (Expected Next Update),Custom field (Expected Result),Custom field (External issue ID),Custom field (External issue ID),Custom field (External issue ID),Custom field (External issue ID),Custom field (External issue ID),Custom field (FR Owner),Custom field (FR Status),Custom field (Feature Name),Custom field (Field Readiness Notes),Custom field (Flag - Comment Added),Custom field (Flag - Status Changed),Custom field (Focus Areas),Custom field (Forecast Delivery Date),Custom field (Functionality),Custom field (Functionality Required Version),Custom field (GDPR Files Location),Custom field (Gate Date),Custom field (General Questions),Custom field (Goals),Custom field (Groomed Story Points),Custom field (Guide Names),Custom field (Guide Page\Section),Custom field (Guide Version),Custom field (High Level Estimate),Custom field (Impact),Custom field (Impact (migrated)),Custom field (Impacted Applications),Custom field (Impacted Applications),Custom field (Initial Supported Users),Custom field (Initiative Type),Custom field (Installation Steps),Custom field (Instance SP),Custom field (Instance Version),Custom field (Instrument Type),Custom field (Investigation Steps),Custom field (Issue Category),Custom field (Issue color),Custom field (Justification),Custom field (KEM Version),Custom field (Last Updated By Wiser),Custom field (Link to CS Task),Custom field (Link to Case/SR),Custom field (Link to Task),Custom field (Locked forms),Custom field (MIS Project Link),Custom field (MIS Project Number),Custom field (MVP Delivery Date),Custom field (Main Application),Custom field (Max score),Custom field (Measurements),Custom field (Method Name),Custom field (Mitigations),Custom field (Number of Users per Scale),Custom field (OLD Issue URL),Custom field (Old Issue ID),Custom field (Old Issue Key),Custom field (On Budget),Custom field (On Scope),Custom field (On Time),Custom field (Open forms),Custom field (Pair Assignee),Custom field (Partner Project Link),Custom field (Partner Project Number),Custom field (Peer Review Required),Custom field (Peer Reviewer),Custom field (Planned Date),Custom field (Planned Story Points),Custom field (Platform Version),Custom field (Possible Root Cause),Custom field (Preventive Action Owner),Custom field (Pricing Deck Link),Custom field (Pricing Only),Custom field (Pricing Project Link),Custom field (Pricing Project Number),Custom field (Pricing Project Status),Custom field (Priority Customer),Custom field (Product Owner),Custom field (Product Questions),Custom field (Program Manager),Custom field (Project Link),Custom field (Project Manager),Custom field (Project Risk),Custom field (Project Type),Custom field (Project Updates),Custom field (Project overview key),Custom field (Project overview status),Custom field (Q1 Score),Custom field (Q2 Score),Custom field (Q3 Score),Custom field (Q4 Score),Custom field (QA Owner),Custom field (QA Owner)Id,Custom field (QA Test Status),Custom field (RN Description),Custom field (RN Fix),Custom field (RN Summary),Custom field (RTC ID),Custom field (Rank),Custom field (Ready to Deploy Date),Custom field (Recompiled Objects),Custom field (Regression),Custom field (Rejected By),Custom field (Release Highlights),Custom field (Release Notes),Custom field (Release On Content),Custom field (Release On Quality),Custom field (Release On Time),Custom field (Release Start Date),Custom field (Release Type),Custom field (Release on Scope),Custom field (Remaining Analysis Effort),Custom field (Remaining Dev Effort),Custom field (Reopen Counter),Custom field (Request Initiator),Custom field (Request Type),Custom field (Request language),Custom field (Request participants),Custom field (Request_Type),Custom field (Requested Date),Custom field (Requested PI),Custom field (Requirement Category),Custom field (Resolution Type),Custom field (Resolved By),Custom field (Resolved Date),Custom field (Risk Notes),Custom field (Risk Score),Custom field (Root Cause Analysis),Custom field (Root Cause Category),Custom field (Root cause for No Automation),Custom field (Run Once),Custom field (Run on Build),Custom field (SF Created Date),Custom field (SF Linked Date),Custom field (SF Project Manager),Custom field (SF Project Number),Custom field (SLA Exceeded),Custom field (SNOW Ticket Number),Custom field (Salesforce Case),Custom field (Salesforce ID),Satisfaction rating,Custom field (Satisfaction date),Custom field (Sentiment),Custom field (Severity),Custom field (Shared Attachment Folder),Custom field (Solution Required Version),Custom field (Source),Sprint,Sprint,Sprint,Sprint,Sprint,Sprint,Sprint,Sprint,Sprint,Sprint,Sprint,Sprint,Sprint,Sprint,Sprint,Sprint,Sprint,Sprint,Sprint,Sprint,Sprint,Sprint,Sprint,Sprint,Sprint,Sprint,Sprint,Sprint,Sprint,Sprint,Sprint,Sprint,Sprint,Sprint,Sprint,Sprint,Sprint,Sprint,Sprint,Sprint,Sprint,Sprint,Sprint,Sprint,Sprint,Sprint,Sprint,Custom field (Start date),Custom field (Steps To Reproduce),Custom field (Story Points),Custom field (Story Type),Custom field (Story point estimate),Custom field (Sub Module),Custom field (Sub-Task Type),Custom field (Submitted forms),Custom field (SupportEngEmail),Custom field (T-shirt Size),Custom field (TFS ID),Custom field (TFS URL),Custom field (Target end),Custom field (Target start),Custom field (Task ID),Custom field (Team),Custom field (Team Name),Custom field (Technical Description \ Limitation),Custom field (Technical Design),Custom field (Temp - TFS ID),Custom field (Tenant ID),Custom field (Test Case ID),Custom field (Test Coverage Type),Custom field (Test Notes),Custom field (Testing Required),Custom field (Total forms),Custom field (URL to QC),Custom field (URL to RTC),Custom field (URL to TFS),Custom field (User Name),Custom field (Version),Custom field (Vulnerability),Custom field (Weight),Custom field (Wiser Attachments),Custom field (Wiser Case Creation Date),Custom field (Wiser Case Owner),Custom field (Wiser Case#),Custom field (Wiser Item Name),Custom field (Wiser SysID),Custom field (Work item created forms),Custom field (Workstream Priority),Custom field (Xray Begin Date),Custom field (Xray End Date),Custom field ([CHART] Date of First Response),Custom field ([CHART] Time in Status),Custom field (customfield_10050),Custom field (customfield_10050),Comment,Comment,Comment,Comment,Comment,Comment,Comment,Comment,Parent,Parent key,Parent summary,Status Category,Status Category Changed
206129 - MIS for reporting on Cadebill Billing for CX Success,CXMIS-6624,798850,Epic,Open,CXMIS,CXMIS,software,Chanchal Katiyar,6405e9049ce2cd2c240f713a,,,,,,,srv Jira,712020:fbe734e5-99e6-46ff-b65c-bcc60d1677cc,Rajiv Ranjan,5c233e5a71c9f02df7746418,17/Jul/25 10:44 AM,24/Apr/26 4:22 PM,,,,,,,0,CXMIS_Missing_Epic2,,"Phase 2 project requirements
 •	MIS for reporting on Cadebill Billing for CX Success
 •	Today, Services teams have functionality that accrues and decrements PS Project and PSoD hours to their account based off their purchased success package (although it is not functioning; SF team working on a fix to the VisualForce page now).  This functionality/automation exists within the PSOD/Project Hours Allocation button located on the account page of a given customer.  The automation only tracks allocated and used time, but does feed to Cadebill when hours are used (this is done manually for PSoD hours and not tracked for PS Project Hours).  For this enhancement, we want to automate the billing aspect when hours are used from this allocation.  KB Process articles below (for today’s handling)
 o	PS OnDemand Billing &amp; Time Logging Procedures: https://niceincontact.my.salesforce.com/kA139000000H6Jz?srPos=1&amp;srKp=ka1&amp;lang=en_US
 o	PS Project Hours – no documented process available; the teams track these hours in an excel doc to manage their accrual and usage month over month (the expectation is that this enhancement will allow the teams to eliminate the manual tracking aspect and rely on the PSOD/Project Hours Allocation button to track available hours.
 •	Invoice display requirements
 o	Invoice should display PSoD charge with SOW reference on invoice when utilized
 	If PSoD hours are available for use on the customer’s account, these should be decremented (from the PSOD/Project Hours Allocation button) and displayed as $0 charge on the invoice
 o	Invoice should display PS Project hours charge with SOW reference on invoice when utilized
 	If PS Project hours are available for use on the customer’s account, these should be decremented (from the PSOD/Project Hours Allocation button) and displayed as $0 charge on the invoice
 1.	Start to End workflow expectations
 1.	Customer Accrues PSoD/PS Project Hours based off their Success Package
 2.	Customer Uses hours for project
 3.	Hours logged to PSOD/Project Hours Allocation button by Professional Services or Technical Success
 4.	If hours are available, they are decremented from the allocation
 	If hours are not available, they will be billed to the customer at the correct rate (based off qty of hours)
 •	Need to verify that Cadebill adjusts the billing rate by customer (we have some customers with grandfathered rates; Cadebill does currently account for this when calculating the billing total based off hours entered)
 5.	Customer receives invoice
 6.	Invoice displays the hours billed with reference to the Project ID/SOW (see attached example, this is done for PSoD hours today, but not PS Project Hours)
 	If hours were used from their available allocation, a credit would display to offset the charges on the invoice
 7.	End
 
 Additional requirements
 Need to ensure that the PSOD/Project Hours Allocation button data is synced with the PS Package Hours field on the account level (see attached)",,Rajiv Ranjan,,,,5c233e5a71c9f02df7746418,,,,,,,,,,,,,,,,,,,,,,,,,,,,,,,,,,,,,,,,,,,jonathan.jensen,712020:0ccf8b0f-2002-4a3d-bc14-ae34e9bc6d3c,,ApprovalsCFValue{approvals=[]},,,,,,,,,,Jonathan Jensen,712020:4c7bb93a-69d9-47b6-bc60-f97d9b955661,,,,,,,,Customer Experience,Tyler Baldwin,622b9c9d14cd2400690d20cc,,,,,,,,,,,,,,,,,,,,,,{},19.0,CX,,,,,,,,,,,,,,,,,,,,,,,,,,,,,,,,,,,,,,,,,,,,,,,,,,,,,,,,,,,,,,,,,,,,,,,,,,,,,,,,,,,,,,,,,,,,,,,https://niceincontact.lightning.force.com/a0d3n000006ZGJLAA4,,,,,,,,,,,,,,,,,,1|i05es3:,,,,,,,,,,,,,,,,Scott Mendenhall,,,,,,,,,,,,,,,,,,,,,206129,,,,a0d3n000006ZGJLAA4,,,,,,,,,,,,,,,,,,,,,,,,,,,,,,,,,,,,,,,,,,,,,,,,,,,,,,,,,,,,,,,,L,,,,,,,Guardians of the Galaxy,,,,,,,,,,,,,,,,,,,,,,,,35.0,,,,,,,,,,,,,,,,,,To Do,17/Jul/25 10:44 AM
Identity Server - Password History Limit Missing,CXMIS-6596,798849,Epic,Open,CXMIS,CXMIS,software,Chanchal Katiyar,6405e9049ce2cd2c240f713a,,,,,,,srv Jira,712020:fbe734e5-99e6-46ff-b65c-bcc60d1677cc,Rajiv Ranjan,5c233e5a71c9f02df7746418,17/Jul/25 10:44 AM,24/Apr/26 4:22 PM,,,,,,,0,CXMIS_Missing_Epic2,,"Currently, Identity Server is allowing the re-use of old passwords. Per Trust, we need to have a 10 password minimum limitation on the use of old passwords.

**Stories for the listed items below - validation stories** - Requires SA coordination

MMN
MUN
User Mgt
Support Site
Customer Community
Partner Community


Change is limited to ADFS - set max number of unique passwords on the labFed01 in PreProd - msfs.ucn.net in production (SA Task)

User friendly messages when they try to use a password that has been used within that ten password limit.

John D to follow up w/stakeholders on limit issues and deadlines for notifications. Also to follow up with Eddie on password duration before changing. Verify this does not apply to exempt users like ServiceSite acct and the account used for Legal (Terms of use)


FOR QA: we need to be able to go back and forth in PreProd - for testing.",,Rajiv Ranjan,,,,5c233e5a71c9f02df7746418,,,,,,,,,,,,,,,,,,,,,,,,,,,,,,,,,,,,,,,,,,,jonathan.jensen,712020:0ccf8b0f-2002-4a3d-bc14-ae34e9bc6d3c,,ApprovalsCFValue{approvals=[]},,,,,,,,,,Jonathan Jensen,712020:4c7bb93a-69d9-47b6-bc60-f97d9b955661,,,,,,,,Trust/Security,Eddie Lyman,622b8c7449c9000070243fa1,,,,,,,,,,,,,,,,,,,,,,{},23.0,CX,,,,,,,,,,,,,,,,,,,,,,,,,,,,,,,,,,,,,,,,,,,,,,,,,,,,,,,,,,,,,,,,,,,,,,,,,,,,,,,,,,,,,,,,,,,,,,,https://niceincontact.lightning.force.com/a0d3n000006ZDzrAAG,,,,,,,,,,,,,,,,,,1|i05erv:,,,,,,,,,,,,,,,,John Doucette,,,,,,,,,,,,,,,,,,,,,204528,,,,a0d3n000006ZDzrAAG,,,,,,,,,,,,,,,,,,,,,,,,,,,,,,,,,,,,,,,,,,,,,,,,,,,,,,,,,,,,,,,,S,,,,,,,Justice League,,,,,,,,,,,,,,,,,,,,,,,,1.0,,,,,,,,,,,,,,,,,,To Do,17/Jul/25 10:44 AM
358479 - Provisioning For New Instrument 12713 - Add Template,CXMIS-2197,794253,Story,New,CXMIS,CXMIS,software,Chanchal Katiyar,6405e9049ce2cd2c240f713a,,,None,,Jonathan Jensen,712020:4c7bb93a-69d9-47b6-bc60-f97d9b955661,Jonathan Jensen,712020:4c7bb93a-69d9-47b6-bc60-f97d9b955661,Rajiv Ranjan,5c233e5a71c9f02df7746418,16/Jul/25 10:53 AM,28/Jul/26 2:24 PM,,,,,Provisioning and CARE,,0,Needs_Grooming,,"As a voice services user, I want to use Cadebill to provision this new instrument for CXONE provisioning and number tracking.

+*_Acceptance Criteria:_*+

# Add request is Successful when using the new template.

*Template Settings:*

| |12713 - INTERNATIONAL TO SWITCHED|
|Carriers|SONUS_PROVISIONING|
|Properties|RING_TO_NUMBER
COUNTRY_CODE
PROVISIONED_CARRIER|
|Sonus Route Type|NONE|
|Sonus Route Label|NONE|
|Sonus Route Label - Billable|NONE|
|Target Template Group|ITERNATIONAL TEMPLATES|
|Product ID|{color:#ff5630}*TBD*{color}|
|Feature Key |{color:#ff5630}*TBD*{color}|
|Instrument Parameters|SONUS_PROVISIONING|
|Product Parameters |LINE_TYPE (WORLDVOICE)
COUNTRY|
|LineType |WORLDVOICE SWITCHED|
|Rating Type |2|
|Rating Method |26|
|LineType - Calc Type|5|
|Country - Calc Type |1|
|Scheduled Campaign  Number |{color:#ff5630}*TBD*{color}|
|Feature Editor Def |{color:#ff5630}*TBD*{color}|
|Instrument Subtype|{color:#ff5630}*TBD*{color}|

#  This is a new instrument.



*BA Notes:*

# I should have answers to{color:#ff5630} *TBD*{color} tomorrow. (May 8",,Rajiv Ranjan,,,,5c233e5a71c9f02df7746418,,,,,,,,,,,,,,,,,,,,,,,,,,,,,,,,,,,,,,,,,,,,,,ApprovalsCFValue{approvals=[]},,,,,,,,,,Jonathan Jensen,712020:4c7bb93a-69d9-47b6-bc60-f97d9b955661,,,,,,,,,,,,,,,,,,,,,,,,,,,,,,,,{},,,,,,,,,,a0dHu00000HMl2CIAT,,,,,,,,,,,,,,,,,,,,,,,,,,,,,,,,,,,,,,,,,,,,,,,,,,,,,,,,,,,,,https://nice-ce-cxone-prod.atlassian.net/browse/CXMISCOE-2621,1860244,CXMISCOE-2621,,,,,,,,,,,,,,,,,,,,,,,,,,,,,,,,,,,Pratik Jain,6345989d7d10ef7914927f28,,,,,,1|i043cz:hhkzmzz5zzyzi,,,,,,,,,,,,,,,,,,,,,,,,,,,,,,,,,,,,,358479,,,,https://niceincontact.lightning.force.com/aEVUi0000008wwTOAQ,,,,,,,,,,,,,,,,,,,,,,,,,,,,,,,,,,,,,,,,,,,,,,,,,,,,,,,,,,Business Story,,,,,,,,,,,,,Provisioning,,,,,,,,,,,,,,,,,,,,,,,,,,,,,,,,,,,,,,,794018,CXMIS-1978,358479 - Provisioning API for New Instruments 12713,To Do,16/Jul/25 10:53 AM
435023 - AutoBU for Cognigy,CXMIS-19270,846749,Epic,Ready for Dev,CXMIS,CXMIS,software,Chanchal Katiyar,6405e9049ce2cd2c240f713a,,,P3,,,,srv Jira,712020:fbe734e5-99e6-46ff-b65c-bcc60d1677cc,srv Jira,712020:fbe734e5-99e6-46ff-b65c-bcc60d1677cc,02/Mar/26 3:02 PM,09/Jul/26 4:49 AM,,,,,,,0,,,"Automatically assign US Cognigy standalone deals to cluster C209 (or other Cluster as defined by Capacity)
Use the Cognigy Standalone Flag on the Opportunity to identify Cognigy Standalone deals
Order Management Capacity Tickets would be identified as ""Cognigy only""",,srv Jira,,,,712020:fbe734e5-99e6-46ff-b65c-bcc60d1677cc,,,,,,,,,,,,,,,,,,,,,,,,,,,,,,,"Business Goal:Automatically assign US Cognigy standalone deals to cluster C209Automatically assign International region Cognigy standalone deals will be placed on least full cluster.Order Management Capacity Tickets would be identified as ""Cognigy only""",,,,,,,,,,,,,,,ApprovalsCFValue{approvals=[]},,,,,,No,,,,Jonathan Jensen,712020:4c7bb93a-69d9-47b6-bc60-f97d9b955661,,,,,,,,Finance,robert.gordon,712020:df79a8f6-847c-4b10-a993-274b231e4ebc,,,,,,,,,,,,,,,,,,,,,,{},,CX,,,,,,ghx-label-1,,,To Do,,,,,,,,,,,,,,,"Sizing document change:

PS Architecture change:

PS Methodology change:

PS Project plan change:

Data requirement change:

Update PS Tools:

Training Materials:

Communication:

Update PS Sales:

PS Demo:

General Notes:
1. Alpha testing
2. Beta testing
3. Project Risk Mitigation",,,,,,,,,,,,,,,,,,,,,,,,,,,,dark_grey,,,,,,,,,,,,,,,,,,,,,,,,,,,,,,,,,,,,,,,,,,,https://niceincontact.lightning.force.com/a0dUi00000HdnFBIAZ,,,,,,,,,,,,,,,,,,1|i09ywr:,,,No,,,,,,,,,,,,,Jonathan Jensen,,,,,,,,,,,,,,,,,,,,,435023,,,,a0dUi00000HdnFBIAZ,,,,,,,,,,,,,,,,,,,,,,,,,,,,,,,,,,,,,,,,,,,,,,,,,,,,,,,,,,,,,,,,,,,,,,,Customer Experience,,,,,,,,,,,,,,,,,,,,,,,,,,,,,,,,,,,,,,,,,,To Do,02/Mar/26 3:02 PM
422582 - LiveVox SF2CB data Migration,CXMIS-15967,824647,Epic,Ready for Dev,CXMIS,CXMIS,software,Chanchal Katiyar,6405e9049ce2cd2c240f713a,,,P3,,,,srv Jira,712020:fbe734e5-99e6-46ff-b65c-bcc60d1677cc,srv Jira,712020:fbe734e5-99e6-46ff-b65c-bcc60d1677cc,03/Nov/25 4:48 PM,24/Jun/26 6:08 PM,,,,,,,0,,,Run SF2CB automation to pull LiveVox orders down to Cadebill,,srv Jira,,,,712020:fbe734e5-99e6-46ff-b65c-bcc60d1677cc,,,,,,,,,,,,,,,,,,,,,,,,,,,,,,,Pull LiveVox order data from Salesforce down to Cadebill,,,,,,,,,,,,,,,ApprovalsCFValue{approvals=[]},,,,,,No,,,,Jonathan Jensen,712020:4c7bb93a-69d9-47b6-bc60-f97d9b955661,,,,,,,,Finance,robert.gordon,712020:df79a8f6-847c-4b10-a993-274b231e4ebc,,,,,,,,,,,,,,,,,,,,,,{},,CX,,,,,,ghx-label-4,,,To Do,,,,,,,,,,,,,,,"Sizing document change:

PS Architecture change:

PS Methodology change:

PS Project plan change:

Data requirement change:

Update PS Tools:

Training Materials:

Communication:

Update PS Sales:

PS Demo:

General Notes:
1. Alpha testing
2. Beta testing
3. Project Risk Mitigation",,,,,,,,,,,,,,,,,,,,,,,,,,,,dark_blue,,,,,,,,,,,,,,,,,,,,,,,,,,,,,,,,,,,,,,,,,,,https://niceincontact.lightning.force.com/a0dUi00000E5bYLIAZ,,,,,,,,,,,,,,,,,,1|i08a6r:,,,No,,,,,,,,,,,,,Jonathan Jensen,,,,,,,,,,,,,,,,,,,,,422582,,,,a0dUi00000E5bYLIAZ,,,,,,,,,,,,,,,,,,,,,,,,,,,,,,,,,,,,,,,,,,,,,,,,,,,,,,,,,,,,,,,,,,,,,,,Justice League,,,,,,,,,,,,,,,,,,,,,,,,,,,,,,,,,,,,,,,,,,To Do,03/Nov/25 4:48 PM
420665 - Circuit breaker enhancement for BU Automation Account Tenant Sync Processor,CXMIS-15400,821314,Epic,Ready for Dev,CXMIS,CXMIS,software,Chanchal Katiyar,6405e9049ce2cd2c240f713a,,,P3,,,,srv Jira,712020:fbe734e5-99e6-46ff-b65c-bcc60d1677cc,srv Jira,712020:fbe734e5-99e6-46ff-b65c-bcc60d1677cc,15/Oct/25 6:20 PM,09/Jul/26 4:50 AM,11/Aug/26 3:26 PM,,,,,,0,,,"Currently, the AccountTenantSyncProcessor service has a circuit breaker policy that is common across all regions. We’d like to enhance this by implementing a region-wise circuit breaker, so that transient errors in one region only affect that specific region, without impacting others.",,srv Jira,,,,712020:fbe734e5-99e6-46ff-b65c-bcc60d1677cc,,,,,,,,,,,,,,,,,,,,,,,,,,,,,,,"Update the AccountTenantSyncProcessor service circuit breaker policy to a region specific circuit breaker so transient errors in one region, won't impact other regions.",,,,,,,,,,,,,,,ApprovalsCFValue{approvals=[]},,,,,,No,,,,Jonathan Jensen,712020:4c7bb93a-69d9-47b6-bc60-f97d9b955661,,,,,,,,Finance,robert.gordon,712020:df79a8f6-847c-4b10-a993-274b231e4ebc,,,,,,,,,,,,,,,,,,,,,,{},,CX,,,,,,ghx-label-7,,,To Do,,,,,,,,,,,,,,,"Sizing document change:

PS Architecture change:

PS Methodology change:

PS Project plan change:

Data requirement change:

Update PS Tools:

Training Materials:

Communication:

Update PS Sales:

PS Demo:

General Notes:
1. Alpha testing
2. Beta testing
3. Project Risk Mitigation",,,,,,,,,,,,,,,,,,,,,,,,,,,,purple,,,,,,,,,,,,,,,,,,,,,,,,,,,,,,,,,,,,,,,,,,,https://niceincontact.lightning.force.com/a0dUi00000DYUFVIA5,,,,,,,,,,,,,,,,,,1|i0809v:,,,No,,,,,,,,,,,,,Jonathan Jensen,,,,,,,,,,,,,,,,,,,,,420665,,,,a0dUi00000DYUFVIA5,,,,,,,,,,,,,,,,,,,,,,,,,,,,,,,,,,,,,,,,,,,,,,,,,,,,,,,,,,,,,,,,,,,,,,,Customer Experience,,,,,,,,,,,,,,,,,,,,,,,,,,,,,,,,,,,,,,,,,,To Do,15/Oct/25 6:20 PM
419783 - Analysis - Kinesis Provisioning Status Processor Service,CXMIS-15376,820630,Epic,Ready for Dev,CXMIS,CXMIS,software,Chanchal Katiyar,6405e9049ce2cd2c240f713a,,,P3,,,,srv Jira,712020:fbe734e5-99e6-46ff-b65c-bcc60d1677cc,srv Jira,712020:fbe734e5-99e6-46ff-b65c-bcc60d1677cc,08/Oct/25 1:34 PM,09/Jul/26 4:50 AM,,,,,,,0,,,Change the logic to calculate BU number for the Tenant events received for the manually created Tenants so that we will be able to update BU Status in Cadebill for such a request and avoid manual step.,,srv Jira,,,,712020:fbe734e5-99e6-46ff-b65c-bcc60d1677cc,,,,,,,,,,,,,,,,,,,,,,,,,,,,,,,"Check for BU number in CTMASS Tenant Queue table for Tenant IdIf entry present, use this BU # (Current Logic)If entry not present (New Logic to implement)Analyze how to Call TM Get API &amp; get BU # from thereDocument the analysis and present and get it approved from feature leads.",,,,,,,,,,,,,,,ApprovalsCFValue{approvals=[]},,,,,,No,,,,Jonathan Jensen,712020:4c7bb93a-69d9-47b6-bc60-f97d9b955661,,,,,,,,MIS,robert.gordon,712020:df79a8f6-847c-4b10-a993-274b231e4ebc,,,,,,,,,,,,,,,,,,,,,,{},,CX,,,,,,ghx-label-11,,,To Do,,,,,,,,,,,,,,,"Sizing document change:

PS Architecture change:

PS Methodology change:

PS Project plan change:

Data requirement change:

Update PS Tools:

Training Materials:

Communication:

Update PS Sales:

PS Demo:

General Notes:
1. Alpha testing
2. Beta testing
3. Project Risk Mitigation",,,,,,,,,,,,,,,,,,,,,,,,,,,,teal,,,,,,,,,,,,,,,,,,,,,,,,,,,,,,,,,,,,,,,,,,,https://niceincontact.lightning.force.com/a0dUi00000DM1ArIAL,,,,,,,,,,,,,,,,,,1|i07y6b:,,,No,,,,,,,,,,,,,Jonathan Jensen,,,,,,,,,,,,,,,,,,,,,419783,,,,a0dUi00000DM1ArIAL,,,,,,,,,,,,,,,,,,,,,,,,,,,,,,,,,,,,,,,,,,,,,,,,,,,,,,,,,,,,,,,,,,,,,,,Customer Experience,,,,,,,,,,,,,,,,,,,,,,,,,,,,,,,,,,,,,,,,,,To Do,08/Oct/25 1:34 PM
358479 - Provisioning API for New Instruments 12713,CXMIS-1978,794018,Epic,Ready for Dev,CXMIS,CXMIS,software,Chanchal Katiyar,6405e9049ce2cd2c240f713a,,,,,Jonathan Jensen,712020:4c7bb93a-69d9-47b6-bc60-f97d9b955661,srv Jira,712020:fbe734e5-99e6-46ff-b65c-bcc60d1677cc,Rajiv Ranjan,5c233e5a71c9f02df7746418,16/Jul/25 4:27 AM,09/Jul/26 5:06 AM,12/Aug/26 2:19 PM,,,,,,0,CXMIS_Missing_Epic,,"Please create standard Sonus and CXONE/Central provisioning API for new instruments 12713

New Instrument International to Switched 12713 mirrors Type 2

Main Project 347276 Inbound International Switched",,Rajiv Ranjan,,,,5c233e5a71c9f02df7746418,,,,,,,,,,,,,,,,,,,,,,,,,,,,,,,"<p><span style=""font-size: 10.5pt;"">As a Cadebill user, I need to be able to provision a Toll Free Instrument type:</span></p><p><strong style=""color: rgb(24, 24, 24); font-size: 10.5pt;"">12713 – International to Switched</strong></p>",,,,,,,,,,,,jonathan.jensen,712020:0ccf8b0f-2002-4a3d-bc14-ae34e9bc6d3c,,ApprovalsCFValue{approvals=[]},,,,,,,,,,jonathan.jensen,712020:0ccf8b0f-2002-4a3d-bc14-ae34e9bc6d3c,,,,,,,,Voice,Amy Matheson,63db8db9790148a1809486ee,,,,,,,,,,,,,,,,,,,,,,{},,CX,,,,,,,,,,,,,,,,,,,,,,,,,,,,,,,,,,,,,,,,,,,,,,,,,,,,,,,,,,,,,,,,,,,,,,,,,,,,,,,,,,,,,,,,,,,,,,,https://niceincontact.lightning.force.com/a0dHu00000HMl2CIAT,,,,,,,,,,,,,,,,,,1|i04lh7:,,,,,,,,,,,,,,,,Amy Matheson,,,,,,,,,,,,,,,,,,,,,358479,,,,a0dHu00000HMl2CIAT,,,,,,,,,,,,,,,,,,,,,,,,,,,,,,,,,,,,,,,,,,,,,,,,,,,,,,,,,,,,,,,,,,,,,,,Provisioning,,,,,,,,,,,,,,,,,,,,,,,,,,,,,,,,,,,,,,,,,,To Do,16/Jul/25 4:27 AM
441517 - (Sonus) UK3 Sovereign (UKSov2),CXMIS-21329,857277,Epic,Design,CXMIS,CXMIS,software,Chanchal Katiyar,6405e9049ce2cd2c240f713a,,,P3,,,,srv Jira,712020:fbe734e5-99e6-46ff-b65c-bcc60d1677cc,srv Jira,712020:fbe734e5-99e6-46ff-b65c-bcc60d1677cc,24/Apr/26 7:59 PM,27/Jul/26 5:06 PM,11/Aug/26 12:57 PM,,,,,,0,,,"Breaking the Sonus items out from the AutoBU (Project#430789) items so I can close them.

1.  Create a new Sonus Sov Wrapper UK3
2.  Add CostGuard Url to ClusterRoute & inContactProvisioning - United Kingdom Sovereign Cloud 2 (UK3) for BU Automation
3.  Use wrapper in Sonus Service UK3
4.  OPS Provisioning Viewer- Add a new section for UK3
3.",,Jonathan Jensen,srv Jira,,,712020:4c7bb93a-69d9-47b6-bc60-f97d9b955661,712020:fbe734e5-99e6-46ff-b65c-bcc60d1677cc,,,,,,,,,,,,,,,,,,,,,27/Jul/26 3:43 PM;5d660108-31f4-4202-8e32-73ae87acfd1a;10315 (930d5676-3a25-45a8-b0e4-80f60015f88d).svg;https://nice-it.atlassian.net/rest/api/3/attachment/content/199918,27/Jul/26 3:43 PM;5d660108-31f4-4202-8e32-73ae87acfd1a;10315 (cda9691c-e275-4095-84f7-f712d21aafc5).svg;https://nice-it.atlassian.net/rest/api/3/attachment/content/199917,27/Jul/26 3:43 PM;5d660108-31f4-4202-8e32-73ae87acfd1a;10315 (ef14f186-9200-4aec-a058-1be5ac2ef04b).svg;https://nice-it.atlassian.net/rest/api/3/attachment/content/199919,27/Jul/26 3:42 PM;5d660108-31f4-4202-8e32-73ae87acfd1a;10315.svg;https://nice-it.atlassian.net/rest/api/3/attachment/content/199916,,,,,,Breaking the Sonus items out from the AutoBU (Project#430789)1. Create a new Sonus Sov Wrapper UK32. Add CostGuard Url to ClusterRoute &amp; inContactProvisioning - United Kingdom Sovereign Cloud 2 (UK3) for BU Automation3. Use wrapper in Sonus Service UK34. OPS Provisioning Viewer- Add a new section for UK3,,,,,,,,,,,,,,,ApprovalsCFValue{approvals=[]},,,,,,No,,,,Jonathan Jensen,712020:4c7bb93a-69d9-47b6-bc60-f97d9b955661,,,,,,,,Finance,robert.gordon,712020:df79a8f6-847c-4b10-a993-274b231e4ebc,,,,,,,,,,,,,,,,,,,,,,{},,CX,,,,,,ghx-label-8,,,To Do,,,,,,,,,,,,,,,"Sizing document change:

PS Architecture change:

PS Methodology change:

PS Project plan change:

Data requirement change:

Update PS Tools:

Training Materials:

Communication:

Update PS Sales:

PS Demo:

General Notes:
1. Alpha testing
2. Beta testing
3. Project Risk Mitigation",,,,,,,,,,,,,,,,,,,,,,,,,,,,dark_purple,,,,,,,,,,,,,,,,,,,,,,,,,,,,,,,,,,,,,,,,,,,https://niceincontact.lightning.force.com/a0dUi00000JIvOHIA1,,,,,,,,,,,,,,,,,,1|i0awar:,,,No,,,,,,,,,,,,,Jonathan Jensen,,,,,,,,,,,,,,,,,,,,,441517,,,,a0dUi00000JIvOHIA1,,,,,,,,,,,,,,,,,,,,,,,,,,,,,,,,,,,,,,,,,,,,,,,,,,,,,,,,,,,,,,,,,,,,,,,Provisioning,,,,,,,,,,,,,,,,,,,,,,,,,,,2026-05-05 14:47:42.653,,,,05/May/26 2:47 PM;712020:4c7bb93a-69d9-47b6-bc60-f97d9b955661;Followed up with Danial today and still no details.  He will provide them once he has them.,,,,,,,,,,,To Do,24/Apr/26 7:59 PM
CSO Tool Enhancement - Add additional instrument/SKU for Toll Free,CXMIS-19271,846753,Epic,Design,CXMIS,CXMIS,software,Chanchal Katiyar,6405e9049ce2cd2c240f713a,,,P3,,,,srv Jira,712020:fbe734e5-99e6-46ff-b65c-bcc60d1677cc,srv Jira,712020:fbe734e5-99e6-46ff-b65c-bcc60d1677cc,02/Mar/26 3:37 PM,09/Jul/26 5:04 AM,11/Aug/26 3:26 PM,,,,,,0,,,"TF ordering within CSO is being developed on Project 345528.

We need to add an enhancement to have an option to use instrument TF to Dedicated Route Label.  This instrument will be used for the new AI First product that will route calls to Cognigy.  Customers need to be able to order their AI First inbound numbers via the portal.

Instrument: 12620 TF to Dedicated Route Labe

I believe we will need to also include the SKUs:

CXone Toll Free Number to Dedicated Route Label [US] 1270-1638-000-XX $1 MRC
CXone Toll Free Number to Dedicated Route Label [US] - Setup 12619-1635-000-XX $1 NRC",,srv Jira,,,,712020:fbe734e5-99e6-46ff-b65c-bcc60d1677cc,,,,,,,,,,,,,,,,,,,,,,,,,,,,,,,,,,,,,,,,,,,,,,ApprovalsCFValue{approvals=[]},,,,,,No,,,,Jonathan Jensen,712020:4c7bb93a-69d9-47b6-bc60-f97d9b955661,,,,,,,,Voice,Amy Matheson,63db8db9790148a1809486ee,,,,,,,,,,,,,,,,,,,,,,{},,CX,,,,,,ghx-label-5,,,To Do,,,,,,,,,,,,,,,"Sizing document change:

PS Architecture change:

PS Methodology change:

PS Project plan change:

Data requirement change:

Update PS Tools:

Training Materials:

Communication:

Update PS Sales:

PS Demo:

General Notes:
1. Alpha testing
2. Beta testing
3. Project Risk Mitigation",,,,,,,,,,,,,,,,,,,,,,,,,,,,dark_teal,,,,,,,,,,,,,,,,,,,,,,,,,,,,,,,,,,,,,,,,,,,https://niceincontact.lightning.force.com/a0dUi00000Ha4GEIAZ,,,,,,,,,,,,,,,,,,1|i09yxf:,,,No,,,,,,,,,,,,,Amy Matheson,,,,,,,,,,,,,,,,,,,,,434913,,,,a0dUi00000Ha4GEIAZ,,,,,,,,,,,,,,,,,,,,,,,,,,,,,,,,,,,,,,,,,,,,,,,,,,,,,,,,,,,,,,,,,,,,,,,Provisioning,,,,,,,,,,,,,,,,,,,,,,,,,,,,,,,,,,,,,,,,,,To Do,02/Mar/26 3:37 PM
CSO Tool Enhancement - Add additional instrument/SKU for DID ordering,CXMIS-19269,846748,Epic,Design,CXMIS,CXMIS,software,Chanchal Katiyar,6405e9049ce2cd2c240f713a,,,P3,,,,srv Jira,712020:fbe734e5-99e6-46ff-b65c-bcc60d1677cc,srv Jira,712020:fbe734e5-99e6-46ff-b65c-bcc60d1677cc,02/Mar/26 2:47 PM,09/Jul/26 5:04 AM,,,,,,,0,,,"We need to add an enhancement to the Local Inbound DID CSO ordering function.  We need to add an option to use instrument DID to Dedicated Route Label.  This instrument will be used for the new AI First product that will route calls to Cognigy.  Customers need to be able to order their AI First inbound numbers via the portal.

Instrument: 12621 Local Inbound to Dedicated Route Label

I believe we will need to also include the SKUs as well.

CXone Local Inbound Number to Dedicated Route Label [US] 1012-1637-000-XX $5 MRC
CXone Local Inbound Number to Dedicated Route Label [US] - Setup 12619-1636-000-XX $1 NRC",,srv Jira,,,,712020:fbe734e5-99e6-46ff-b65c-bcc60d1677cc,,,,,,,,,,,,,,,,,,,,,,,,,,,,,,,,,,,,,,,,,,,,,,ApprovalsCFValue{approvals=[]},,,,,,No,,,,Jonathan Jensen,712020:4c7bb93a-69d9-47b6-bc60-f97d9b955661,,,,,,,,Voice,Amy Matheson,63db8db9790148a1809486ee,,,,,,,,,,,,,,,,,,,,,,{},,CX,,,,,,ghx-label-14,,,To Do,,,,,,,,,,,,,,,"Sizing document change:

PS Architecture change:

PS Methodology change:

PS Project plan change:

Data requirement change:

Update PS Tools:

Training Materials:

Communication:

Update PS Sales:

PS Demo:

General Notes:
1. Alpha testing
2. Beta testing
3. Project Risk Mitigation",,,,,,,,,,,,,,,,,,,,,,,,,,,,dark_orange,,,,,,,,,,,,,,,,,,,,,,,,,,,,,,,,,,,,,,,,,,,https://niceincontact.lightning.force.com/a0dUi00000HaFzdIAF,,,,,,,,,,,,,,,,,,1|i09ywj:,,,No,,,,,,,,,,,,,Amy Matheson,,,,,,,,,,,,,,,,,,,,,434914,,,,a0dUi00000HaFzdIAF,,,,,,,,,,,,,,,,,,,,,,,,,,,,,,,,,,,,,,,,,,,,,,,,,,,,,,,,,,,,,,,,,,,,,,,Provisioning,,,,,,,,,,,,,,,,,,,,,,,,,,,,,,,,,,,,,,,,,,To Do,02/Mar/26 2:47 PM
219266 - Verizon Carrier for Auto TF Provisioning,CXMIS-79,790038,Epic,In Development,CXMIS,CXMIS,software,Chanchal Katiyar,6405e9049ce2cd2c240f713a,,,,,,,srv Jira,712020:fbe734e5-99e6-46ff-b65c-bcc60d1677cc,Rajiv Ranjan,5c233e5a71c9f02df7746418,14/Jul/25 6:47 AM,09/Jul/26 5:06 AM,11/Aug/26 1:15 PM,,,,,01/May/26 12:00 AM,0,CXMIS_Project_Import,,For the development of TF provisioning to Impact carrier.,,Rajiv Ranjan,,,,5c233e5a71c9f02df7746418,,,,,,,,,10800,0,,,,,,,,,,,,,,,,,,,,,<p>Add Verizon to Auto TF Provisioning</p>,,,,,,,,,,,,,,,ApprovalsCFValue{approvals=[]},,,,,,,,,,Jonathan Jensen,712020:4c7bb93a-69d9-47b6-bc60-f97d9b955661,,,,,,,,Voice,Jenny Sheppick,611cf81578fb330077205e0a,,,,,,,,,,,,,,,,,,,,,,{},,CX,,,,,,ghx-label-9,,,,,,,,,,,,,,,,,,,,,,,,,,,,,,,,,,,,,,,,,,,,,,orange,,,,,,,,,,,,,,,,,,,,,,,,,,,,,,,,,,,,,,,,,,,https://niceincontact.lightning.force.com/a0d3n000006ZZRhAAO,,,,,,,,,,,,,,,,,,1|i042nv:,,,,,,,,,,,,,,,,Khristine Mary Dela Cruz,,,,,,,,,,,,,,,,,,,,,219266,,,,a0d3n000006ZZRhAAO,,,,,,,,,,,,,,,,,,,,,,,,,,,,,,,,,,,,,,,,,,,,,,,,,,,,,,,,,,,,,,,,,,,,,,,Provisioning,,,,,,,,,,,,,,,,,,,,,,,,,,,,,,,,,,,,,,,,,,In Progress,14/Jul/25 6:47 AM
433678 - Committed Quantity Automation Business Rule,CXMIS-19121,844502,Epic,Done,CXMIS,CXMIS,software,Chanchal Katiyar,6405e9049ce2cd2c240f713a,,,P3,Done,,,srv Jira,712020:fbe734e5-99e6-46ff-b65c-bcc60d1677cc,srv Jira,712020:fbe734e5-99e6-46ff-b65c-bcc60d1677cc,17/Feb/26 1:25 PM,11/Aug/26 1:52 PM,11/Aug/26 1:52 PM,11/Aug/26 1:52 PM,MIS Release_25.09,,,23/Apr/26 12:00 AM,0,,,"When we launched the automation we faced a challenge. The underlying rule was that SOFTW and SOFTU (Software MRC & Usage) will be transferred with a quantity of 1. But there were several exceptions – for specific SKUs and specific SKUs per specific partner (RingCentral & Verizon).

There was no SF identifier for the relevant SKUs, so we relied on SKU External Description and asked MCL to create a business rule for all the SKUs which should be entered with quoted quantity.

Maintaining this list would be a nightmare and prone to errors.

Since then, we moved RingCentral automation to rely on Unit of Measure Business Rule.

For each SKU, Workato will “look” at the SKU page and for identified Unit of Measure and Partner RingCentral, will transfer the quoted quantity

Now, SF has created a field on the SKU level, like Unit of Measure, defining whether the SKU should be billed by contracted quantity or higher or normally according to usage.

SKU API : Contracted_QTY__c",,srv Jira,,,,712020:fbe734e5-99e6-46ff-b65c-bcc60d1677cc,,,,,,,,,,,,,,,,,,,,,,,,,,,,,,,"Create a new generic Business Rule: For Product Family “Software MRC” or “Software Usage” Workato will look at the SKU “Contracted_QTY__c” and if True will transfer to Cadebill the quoted “Quantity”In Parallel, create “Verizon Contracted Quantity” BR.If opp Partner Account INCLUDES Verizon ANDAccount “Government Account” is FALSEThen for selected SKUs (existing BR SKUs under Verizon) =&gt; enter “Quantity” to CadebillOnce this is in place, the existing Contracted Quantity BR can be retired  (you can build #2 based on it as well, whatever works)  After that, whenever CPQ defines a new SKU, it will determine whether it is committed quantity True.https://nice-it.atlassian.net/browse/IT-29665",,,,,,,,,,,,,,,ApprovalsCFValue{approvals=[]},,,,,,No,,,,Jonathan Jensen,712020:4c7bb93a-69d9-47b6-bc60-f97d9b955661,,,,,,,,Finance,robert.gordon,712020:df79a8f6-847c-4b10-a993-274b231e4ebc,,,,,,,,,,,11/Aug/26 1:52 PM,Jonathan Jensen,712020:4c7bb93a-69d9-47b6-bc60-f97d9b955661,,,,,,,,,{},,CX,,,,,,ghx-label-3,,,To Do,,,,,,,,,,,,,,,"Sizing document change:

PS Architecture change:

PS Methodology change:

PS Project plan change:

Data requirement change:

Update PS Tools:

Training Materials:

Communication:

Update PS Sales:

PS Demo:

General Notes:
1. Alpha testing
2. Beta testing
3. Project Risk Mitigation",,,,,,,,,,,,,,,,,,,,,,,,,,,,yellow,,,,,,,,,,,,,,,,,,,,,,,,,,,,,,,,,,,,,,,,,,,https://niceincontact.lightning.force.com/a0dUi00000HF7AfIAL,,,,,,,,,,,,,,,,,,1|i09sfn:,,,No,,,,,,,,,,,,,Jonathan Jensen,,,,,,,,,,,,,,,,,,,,,433678,,,,a0dUi00000HF7AfIAL,,,,,,,,,,,,,,,,,,,,,,,,,,,,,,,,,,,,,,,,,,,,,,,,,,,,,,,,,,,,,,,,,,,,,,,Justice League,,,,,,,,,,,,,,,,,,,,,,,,,,,,1_*:*_1_*:*_1650_*|*_10009_*:*_1_*:*_0_*|*_10011_*:*_1_*:*_11452_*|*_10010_*:*_1_*:*_5725185574_*|*_10001_*:*_1_*:*_932830709_*|*_10003_*:*_1_*:*_28840_*|*_10006_*:*_1_*:*_7178954067_*|*_10005_*:*_1_*:*_1284578287,,,,,,,,,,,,,,Done,11/Aug/26 1:52 PM
430789 - (AutoBU) UK3 Sovereign (UKSov2),CXMIS-17885,838178,Epic,Done,CXMIS,CXMIS,software,Chanchal Katiyar,6405e9049ce2cd2c240f713a,,,P3,Done,,,srv Jira,712020:fbe734e5-99e6-46ff-b65c-bcc60d1677cc,srv Jira,712020:fbe734e5-99e6-46ff-b65c-bcc60d1677cc,26/Jan/26 9:23 PM,24/Apr/26 8:10 PM,,24/Apr/26 8:10 PM,MIS Release_26.05,,,12/Mar/26 12:00 AM,0,,,"New AWS Cloud sovereign environment (system) being created.  Will include a new cluster as part of the sovereign environment build.

UKSov2 Environment Page:  https://nice-ce-cxone-prod.atlassian.net/wiki/spaces/IN/pages/2727445955/UKSov2+United+Kingdom+UK3

Cluster LO200 Page not yet available.  

UKSov2 (HMRC) Project Page:  https://nice-ce-cxone-prod.atlassian.net/wiki/spaces/CXONE/pages/2181136386/UK+HMRC",,srv Jira,,,,712020:fbe734e5-99e6-46ff-b65c-bcc60d1677cc,,,,,,,,,0,7200,,,,,,,,,,,,,,,,,,,,,Works,,,,,,,,,,,,,,,ApprovalsCFValue{approvals=[]},,,,,,No,,,,Jonathan Jensen,712020:4c7bb93a-69d9-47b6-bc60-f97d9b955661,,,,,,,,Infrastructure,Lou Corbeil,712020:6ddef0c5-a3e6-43e2-bd14-fff8030b7de0,,,,,,,,,,,24/Apr/26 8:10 PM,Jonathan Jensen,712020:4c7bb93a-69d9-47b6-bc60-f97d9b955661,,,,,,,,,{},,CX,,,,,,ghx-label-11,,,To Do,,,,,,,,,,,,,,,"Sizing document change:

PS Architecture change:

PS Methodology change:

PS Project plan change:

Data requirement change:

Update PS Tools:

Training Materials:

Communication:

Update PS Sales:

PS Demo:

General Notes:
1. Alpha testing
2. Beta testing
3. Project Risk Mitigation",,,,,,,,,,,,,,,,,,,,,,,,,,,,teal,,,,,,,,,,,,,,,,,,,,,,,,,,,,,,,,,,,,,,,,,,,https://niceincontact.lightning.force.com/a0dUi00000GVjE9IAL,,,,,,,,,,,,,,,,,,1|i09cmj:,,,No,,,,,,,,,,,,,Carolyn Hatcher,,,,,,,,,,,,,,,,,,,,,430789,,,,a0dUi00000GVjE9IAL,,,,,,,,,,,,,,,,,,,,,,,,,,,,,,,,,,,,,,,,,,,,,,,,,,,,,,,,,,,,,,,,,,,,,,,Incredibles,,,,,,,,,,,,,,,,,,,,,,,,,,,,1_*:*_1_*:*_1671_*|*_10009_*:*_1_*:*_0_*|*_10011_*:*_1_*:*_206572_*|*_10010_*:*_1_*:*_7597508852_*|*_10001_*:*_1_*:*_5238_*|*_10003_*:*_1_*:*_1094729_*|*_10006_*:*_1_*:*_5514_*|*_10005_*:*_1_*:*_2980,,,,,,,,,,,,,,Done,24/Apr/26 8:10 PM
423295 - Pass Quote Bill to Email from SF to Cadebill as part of the SF2CB process,CXMIS-16052,825453,Epic,Done,CXMIS,CXMIS,software,Chanchal Katiyar,6405e9049ce2cd2c240f713a,,,P3,Done,,,srv Jira,712020:fbe734e5-99e6-46ff-b65c-bcc60d1677cc,srv Jira,712020:fbe734e5-99e6-46ff-b65c-bcc60d1677cc,10/Nov/25 5:09 PM,18/May/26 5:01 PM,,18/May/26 5:01 PM,MIS Release_26.07,,,12/Mar/26 12:00 AM,0,,,The business would like the quote billing email address to passed to cadebill as part AutoBU process.,,srv Jira,,,,712020:fbe734e5-99e6-46ff-b65c-bcc60d1677cc,,,,,,,,,,,,,,,,,,,,,,,,,,,,,,,Done,,,,,,,,,,,,,,,ApprovalsCFValue{approvals=[]},,,,,,No,,,,Jonathan Jensen,712020:4c7bb93a-69d9-47b6-bc60-f97d9b955661,,,,,,,,Finance,robert.gordon,712020:df79a8f6-847c-4b10-a993-274b231e4ebc,,,,,,,,,,,18/May/26 5:01 PM,Jonathan Jensen,712020:4c7bb93a-69d9-47b6-bc60-f97d9b955661,,,,,,,,,{},,CX,,,,,,ghx-label-2,,,To Do,,,,,,,,,,,,,,,"Sizing document change:

PS Architecture change:

PS Methodology change:

PS Project plan change:

Data requirement change:

Update PS Tools:

Training Materials:

Communication:

Update PS Sales:

PS Demo:

General Notes:
1. Alpha testing
2. Beta testing
3. Project Risk Mitigation",,,,,,,,,,,,,,,,,,,,,,,,,,,,dark_yellow,,,,,,,,,,,,,,,,,,,,,,,,,,,,,,,,,,,,,,,,,,,https://niceincontact.lightning.force.com/a0dUi00000EJHujIAH,,,,,,,,,,,,,,,,,,1|i08coz:,,,No,,,,,,,,,,,,,Jonathan Jensen,,,,,,,,,,,,,,,,,,,,,423295,,,,a0dUi00000EJHujIAH,,,,,,,,,,,,,,,,,,,,,,,,,,,,,,,,,,,,,,,,,,,,,,,,,,,,,,,,,,,,,,,,,,,,,,,Incredibles,,,,,,,,,,,,,,,,,,,,,,,,,,,,1_*:*_1_*:*_1306_*|*_10009_*:*_1_*:*_0_*|*_10011_*:*_1_*:*_6956_*|*_10010_*:*_1_*:*_16329030460_*|*_10001_*:*_1_*:*_3366_*|*_10003_*:*_1_*:*_71796_*|*_10006_*:*_1_*:*_5203_*|*_10005_*:*_1_*:*_5757,,,,,,,,,,,,,,Done,18/May/26 5:01 PM
"SF2CB Order Integration Phase 2 - (No Charge Products, Minimums)",CXMIS-13513,812102,Epic,Done,CXMIS,CXMIS,software,Chanchal Katiyar,6405e9049ce2cd2c240f713a,,,P3,Done,Jonathan Jensen,712020:4c7bb93a-69d9-47b6-bc60-f97d9b955661,srv Jira,712020:fbe734e5-99e6-46ff-b65c-bcc60d1677cc,srv Jira,712020:fbe734e5-99e6-46ff-b65c-bcc60d1677cc,22/Aug/25 5:41 PM,17/Jun/26 5:21 PM,,17/Jun/26 5:21 PM,MIS Release_25.09,,,13/Nov/25 12:00 AM,0,,,"h2. Objective

Automate the integration of no charge products and minimums for the SF2CB system.

h2. Context

This issue focuses on enhancing the SF2CB system by integrating specific no charge products and minimums. The integration aims to streamline processes related to these products.

h2. Scope

* *Included*:
** Integration of SKU specific no charge products.
** Integration of all MRC no charge products.
** Minimum integration.
* *Not Included*:
** Any integrations outside of no charge products and minimums.

h2. Success criteria

* Successful integration of SKU specific no charge products.
* Successful integration of all MRC no charge products.
* Implementation of minimum integration.

h2. Risks and dependencies

* Potential delays in integration due to unforeseen technical challenges.
* Dependencies on existing infrastructure for successful implementation.

h2. Other information

N/A",,Jonathan Jensen,srv Jira,,,712020:4c7bb93a-69d9-47b6-bc60-f97d9b955661,712020:fbe734e5-99e6-46ff-b65c-bcc60d1677cc,,,,,,,,,,,,,,,,,,,,,,,,,,,,,,Done,,,,,,,,,,,,,,,ApprovalsCFValue{approvals=[]},,,,,,No,,,,Jonathan Jensen,712020:4c7bb93a-69d9-47b6-bc60-f97d9b955661,,,,,,,,Finance,robert.gordon,712020:df79a8f6-847c-4b10-a993-274b231e4ebc,,,,,,,,,,,17/Jun/26 5:21 PM,Jonathan Jensen,712020:4c7bb93a-69d9-47b6-bc60-f97d9b955661,,,,,,,,,{},,CX,,,,,,ghx-label-14,,,To Do,,,,,,,,,,,,,,,"Sizing document change:

PS Architecture change:

PS Methodology change:

PS Project plan change:

Data requirement change:

Update PS Tools:

Training Materials:

Communication:

Update PS Sales:

PS Demo:

General Notes:
1. Alpha testing
2. Beta testing
3. Project Risk Mitigation",,,,,,,,,,,,,,,,,,,,,,,,,,,,dark_orange,,,,,,,,,,,,,,,,,,,,,,,,,,,,,,,,,,,,,,,,,,,https://niceincontact.lightning.force.com/a0dUi00000CPnJZIA1,,,,,,,,,,,Virat Jain,622b9dbb49c900007024482a,,,,,,1|i076sz:,,,No,,,,,,,,,,,,,Jonathan Jensen,,,,,,,,,,,,,,,,,,,,,414692,,,,a0dUi00000CPnJZIA1,,,,,,,,,,,,,,,,,,,,,,,,,,,,,,,,,,,,,,,,,,,,,,,,,,,,,,,,,,,,,,,,,,,,,,,Justice League,,,,,,,,,,,,,,,,,,,,,,,,,,,2026-06-17 17:21:07.668,1_*:*_1_*:*_1283_*|*_10009_*:*_1_*:*_0_*|*_10011_*:*_1_*:*_9054_*|*_10010_*:*_1_*:*_25832097381_*|*_10001_*:*_1_*:*_3044_*|*_10003_*:*_1_*:*_273520_*|*_10006_*:*_1_*:*_1982_*|*_10005_*:*_1_*:*_2737,,,17/Jun/26 5:21 PM;712020:4c7bb93a-69d9-47b6-bc60-f97d9b955661;Done,17/Jun/26 5:21 PM;712020:4c7bb93a-69d9-47b6-bc60-f97d9b955661;Done,17/Jun/26 5:21 PM;712020:4c7bb93a-69d9-47b6-bc60-f97d9b955661;Done,,,,,,,,,Done,17/Jun/26 5:21 PM
"SF2CB Order Integration Phase 2 - (Milestones, Tiered Pricing) ",CXMIS-13480,812018,Epic,Done,CXMIS,CXMIS,software,Chanchal Katiyar,6405e9049ce2cd2c240f713a,,,P3,Done,,,srv Jira,712020:fbe734e5-99e6-46ff-b65c-bcc60d1677cc,srv Jira,712020:fbe734e5-99e6-46ff-b65c-bcc60d1677cc,21/Aug/25 8:08 PM,24/Apr/26 8:28 PM,,24/Apr/26 8:28 PM,MIS Release_25.16,,,13/Nov/25 12:00 AM,0,,,"SF2CB Order Integration Phase 2

- PS Milestones Integration​Actual Completion Date Outbound message​
- Actual Completion Date – change start date in Cadebill​
- No Charge Products Integration – SKU Specific​
- No Charge Products Integration – All MRC​
- Tiered Pricing Integration​
- Minimum Integration​",,srv Jira,,,,712020:fbe734e5-99e6-46ff-b65c-bcc60d1677cc,,,,,,,,,,,,,,,,,,,,,,,,,,,,,,,SF2CB Order Integration Phase 2PS Milestones IntegrationActual Completion Date – change start date at Cadebill​No Charge Products Integration – SKU Specific​No Charge Products Integration – All MRC​Tiered Pricing IntegrationMinimum Integration​,,,,,,,,,,,,,,,ApprovalsCFValue{approvals=[]},,,,,,No,,,,Jonathan Jensen,712020:4c7bb93a-69d9-47b6-bc60-f97d9b955661,,,,,,,,Finance,robert.gordon,712020:df79a8f6-847c-4b10-a993-274b231e4ebc,,,,,,,,,,,24/Apr/26 8:28 PM,Jonathan Jensen,712020:4c7bb93a-69d9-47b6-bc60-f97d9b955661,,,,,,,,,{},,CX,,,,,,ghx-label-3,,,To Do,,,,,,,,,,,,,,,"Sizing document change:

PS Architecture change:

PS Methodology change:

PS Project plan change:

Data requirement change:

Update PS Tools:

Training Materials:

Communication:

Update PS Sales:

PS Demo:

General Notes:
1. Alpha testing
2. Beta testing
3. Project Risk Mitigation",,,,,,,,,,,,,,,,,,,,,,,,,,,,yellow,,,,,,,,,,,,,,,,,,,,,,,,,,,,,,,,,,,,,,,,,,,https://niceincontact.lightning.force.com/a0dUi00000COPuSIAX,,,,,,,,,,,,,,,,,,1|i076jf:,,,No,,,,,,,,,,,,,Jonathan Jensen,,,,,,,,,,,,,,,,,,,,,414574,,,,a0dUi00000COPuSIAX,,,,,,,,,,,,,,,,,,,,,,,,,,,,,,,,,,,,,,,,,,,,,,,,,,,,,,,,,,,,,,,,,,,,,,,Justice League,,,,,,,,,,,,,,,,,,,,,,,,,,,,1_*:*_1_*:*_1773_*|*_10009_*:*_1_*:*_0_*|*_10011_*:*_1_*:*_33667_*|*_10010_*:*_1_*:*_21255531395_*|*_10001_*:*_1_*:*_3502_*|*_10003_*:*_1_*:*_6118_*|*_10006_*:*_1_*:*_2535_*|*_10005_*:*_1_*:*_2377,,,,,,,,,,,,,,Done,24/Apr/26 8:28 PM
SF2CB - Exclude Product Code from SF2CB Automation,CXMIS-13386,810142,Epic,Done,CXMIS,CXMIS,software,Chanchal Katiyar,6405e9049ce2cd2c240f713a,,,P3,Done,,,srv Jira,712020:fbe734e5-99e6-46ff-b65c-bcc60d1677cc,srv Jira,712020:fbe734e5-99e6-46ff-b65c-bcc60d1677cc,05/Aug/25 9:08 PM,25/Apr/26 3:16 AM,,25/Apr/26 3:16 AM,MIS Release_26.03,,,13/Nov/25 12:00 AM,0,Needs_Grooming,,"Workato should exclude Product Code 610347-3185-XXX from SF2CB Automation for New Logo and Amendments so it is not pulled down to Cadebill.

This products is NRC product that is charged by demand and currently we do not need to transfer it as a product to Cadebill.",,srv Jira,,,,712020:fbe734e5-99e6-46ff-b65c-bcc60d1677cc,,,,,,,,,,,,,,,,,,,,,,,,,,,,,,,Business Goal:Product Code 610347-3185-XXX is excluded from SF2CB Automation for New Logo and Amendments so it is not pulled down to Cadebill.,,,,,,,,,,,,,,,ApprovalsCFValue{approvals=[]},,,,,,No,,,,Jonathan Jensen,712020:4c7bb93a-69d9-47b6-bc60-f97d9b955661,,,,,,,,Finance,robert.gordon,712020:df79a8f6-847c-4b10-a993-274b231e4ebc,,,,,,,,,,,25/Apr/26 3:16 AM,Jonathan Jensen,712020:4c7bb93a-69d9-47b6-bc60-f97d9b955661,,,,,,,,,{},,CX,,,,,,ghx-label-2,,,To Do,,,,,,,,,,,,,,,"Sizing document change:

PS Architecture change:

PS Methodology change:

PS Project plan change:

Data requirement change:

Update PS Tools:

Training Materials:

Communication:

Update PS Sales:

PS Demo:

General Notes:
1. Alpha testing
2. Beta testing
3. Project Risk Mitigation",,,,,,,,,,,,,,,,,,,,,,,,,,,,dark_yellow,,,,,,,,,,,,,,,,,,,,,,,,,,,,,,,,,,,,,,,,,,,https://niceincontact.lightning.force.com/a0dUi00000C4Y7RIAV,,,,,,,,,,,,,,,,,,1|i070uj:,,,No,,,,,,,,,,,,,Jonathan Jensen,,,,,,,,,,,,,,,,,,,,,412870,,,,a0dUi00000C4Y7RIAV,,,,,,,,,,,,,,,,,,,,,,,,,,,,,,,,,,,,,,,,,,,,,,,,,,,,,,,,,,,,,,,,,,,,,,,Justice League,,,,,,,,,,,,,,,,,,,,,,,,,,,,1_*:*_1_*:*_3346_*|*_10009_*:*_1_*:*_0_*|*_10011_*:*_1_*:*_26680_*|*_10010_*:*_1_*:*_22658824618_*|*_10001_*:*_1_*:*_3774_*|*_10003_*:*_1_*:*_6382_*|*_10006_*:*_1_*:*_4808_*|*_10005_*:*_1_*:*_2404,,,,,,,,,,,,,,Done,25/Apr/26 3:16 AM
Rebuild Cadebill Instruments,CXMIS-1981,794021,Epic,Done,CXMIS,CXMIS,software,Chanchal Katiyar,6405e9049ce2cd2c240f713a,,,,Done,,,srv Jira,712020:fbe734e5-99e6-46ff-b65c-bcc60d1677cc,Rajiv Ranjan,5c233e5a71c9f02df7746418,16/Jul/25 4:27 AM,24/Apr/26 8:45 PM,,24/Apr/26 8:45 PM,MIS Release_26.04,,,15/Jan/26 12:00 AM,0,CXMIS_Missing_Epic,,"Instruments 12566 and 12650 have existing numbers in Cadebill but have not been used since 2015.  Because of this, the instruments are not available in the templates.

Please rebuild the 2 instruments, including Cadebill templates and Sonus and Central API Provisioning.

Sonus and Central provisioning will mirror 12550.  No carrier provisioning is required.

12566 Direct Inbound Routing 
12650 CloudRouting",,Rajiv Ranjan,,,,5c233e5a71c9f02df7746418,,,,,,,,,,,,,,,,,,,,,,,,,,,,,,,See US,,,,,,,,,,,,jonathan.jensen,712020:0ccf8b0f-2002-4a3d-bc14-ae34e9bc6d3c,,ApprovalsCFValue{approvals=[]},,,,,,,,,,Jonathan Jensen,712020:4c7bb93a-69d9-47b6-bc60-f97d9b955661,,,,,,,,Voice,Amy Matheson,63db8db9790148a1809486ee,,,,,,,,,,,24/Apr/26 8:45 PM,Jonathan Jensen,712020:4c7bb93a-69d9-47b6-bc60-f97d9b955661,,,,,,,,,{},,CX,,,,,,,,,,,,,,,,,,,,,,,,,,,,,,,,,,,,,,,,,,,,,,,,,,,,,,,,,,,,,,,,,,,,,,,,,,,,,,,,,,,,,,,,,,,,,,,https://niceincontact.lightning.force.com/a0dUi0000028K3dIAE,,,,,,,,,,,,,,,,,,1|i04lhv:,,,,,,,,,,,,,,,,Amy Matheson,,,,,,,,,,,,,,,,,,,,,363707,,,,a0dUi0000028K3dIAE,,,,,,,,,,,,,,,,,,,,,,,,,,,,,,,,,,,,,,,,,,,,,,,,,,,,,,,,,,,,,,,,,,,,,,,Power Rangers,,,,,,,,,,,,,,,,,,,,,,,,,,,,10009_*:*_1_*:*_0_*|*_10011_*:*_1_*:*_51351_*|*_10010_*:*_1_*:*_24423354656_*|*_10001_*:*_1_*:*_3162_*|*_10003_*:*_1_*:*_13401_*|*_10006_*:*_1_*:*_3623_*|*_10005_*:*_1_*:*_11989,,,,,,,,,,,,,,Done,24/Apr/26 8:45 PM
370902 - AutoBU Access Token,CXMIS-149,790140,Epic,Done,CXMIS,CXMIS,software,Chanchal Katiyar,6405e9049ce2cd2c240f713a,,,,Done,,,srv Jira,712020:fbe734e5-99e6-46ff-b65c-bcc60d1677cc,Rajiv Ranjan,5c233e5a71c9f02df7746418,14/Jul/25 10:36 AM,27/Jul/26 4:43 PM,10/Aug/26 3:37 PM,27/Jul/26 4:43 PM,MIS Release_25.09,,,,0,CXMIS_Project_Import,,We need to update the mechanism used to get the access token to create/update/get TM services.,,Rajiv Ranjan,,,,5c233e5a71c9f02df7746418,,,,,,,,,,,,,,,,,,,,,,,,,,,,,,,See US,,,,,,,,,,,,,,,ApprovalsCFValue{approvals=[]},,,,,,,,,,Jonathan Jensen,712020:4c7bb93a-69d9-47b6-bc60-f97d9b955661,,,,,,,,MIS,robert.gordon,712020:df79a8f6-847c-4b10-a993-274b231e4ebc,,,,,,,,,,,27/Jul/26 4:43 PM,Jonathan Jensen,712020:4c7bb93a-69d9-47b6-bc60-f97d9b955661,,,,,,,,,{},,CX,,,,,,,,,,,,,,,,,,,,,,,,,,,,,,,,,,,,,,,,,,,,,,,,,,,,,,,,,,,,,,,,,,,,,,,,,,,,,,,,,,,,,,,,,,,,,,,https://niceincontact.lightning.force.com/a0dUi000003ThCjIAK,,,,,,,,,,,,,,,,,,1|i0439f:,,,,,,,,,,,,,,,,Jonathan Jensen,,,,,,,,,,,,,,,,,,,,,370902,,,,a0dUi000003ThCjIAK,,,,,,,,,,,,,,,,,,,,,,,,,,,,,,,,,,,,,,,,,,,,,,,,,,,,,,,,,,,,,,,,,,,,,,,Customer Experience,,,,,,,,,,,,,,,,,,,,,,,,,,,,10009_*:*_1_*:*_0_*|*_10011_*:*_1_*:*_9726_*|*_10010_*:*_1_*:*_24573999659_*|*_10001_*:*_1_*:*_8107206316_*|*_10003_*:*_1_*:*_17476_*|*_10006_*:*_1_*:*_1858_*|*_10005_*:*_1_*:*_2048,,,,,,,,,,,,,,Done,27/Jul/26 4:43 PM
SF2CB - Exclude Textel SKUS from Automation,CXMIS-56,790014,Epic,Done,CXMIS,CXMIS,software,Chanchal Katiyar,6405e9049ce2cd2c240f713a,,,,Done,,,srv Jira,712020:fbe734e5-99e6-46ff-b65c-bcc60d1677cc,Rajiv Ranjan,5c233e5a71c9f02df7746418,14/Jul/25 6:46 AM,17/Jun/26 2:18 PM,,17/Jun/26 2:18 PM,MIS Release_25.09,,,17/Nov/25 12:00 AM,0,CXMIS_Project_Import,,"Exclude Textel SKUS from automation  for new logo and amendments 
•	SKU code start with 3879
•	Product family = SOFTWARE MRC PRODUCTS or SOFTWARE USAGE PRODUCTS
•	SKU is NOT any of the three SKUs : 3879-2518-00-XX , 3879-2519-00-XX,3879-2520-00-XX",,Jonathan Jensen,Rajiv Ranjan,,,712020:4c7bb93a-69d9-47b6-bc60-f97d9b955661,5c233e5a71c9f02df7746418,,,,,,,,,,,,,,,,,,,,,,,,,,,,,,Done,,,,,,,,,,,,,,,ApprovalsCFValue{approvals=[]},,,,,,,,,,jonathan.jensen,712020:0ccf8b0f-2002-4a3d-bc14-ae34e9bc6d3c,,,,,,,,Finance,robert.gordon,712020:df79a8f6-847c-4b10-a993-274b231e4ebc,,,,,,,,,,,17/Jun/26 2:18 PM,Jonathan Jensen,712020:4c7bb93a-69d9-47b6-bc60-f97d9b955661,,,,,,,,,{},,CX,,,,,,,,,,,,,,,,,,,,,,,,,,,,,,,,,,,,,,,,,,,,,,,,,,,,,,,,,,,,,,,,,,,,,,,,,,,,,,,,,,,,,,,,,,,,,,,https://niceincontact.lightning.force.com/a0dUi00000BXvqnIAD,,,,,,,,,,,,,,,,,,1|i042ij:,,,,,,,,,,,,,,,,Jonathan Jensen,,,,,,,,,,,,,,,,,,,,,409897,,,,a0dUi00000BXvqnIAD,,,,,,,,,,,,,,,,,,,,,,,,,,,,,,,,,,,,,,,,,,,,,,,,,,,,,,,,,,,,,,,,,,,,,,,Justice League,,,,,,,,,,,,,,,,,,,,,,,,,,,2026-06-17 14:18:03.494,10009_*:*_1_*:*_0_*|*_10011_*:*_1_*:*_5841_*|*_10001_*:*_1_*:*_4738_*|*_10003_*:*_1_*:*_29230283332_*|*_10006_*:*_1_*:*_2676_*|*_10005_*:*_1_*:*_10896,,,17/Jun/26 2:18 PM;712020:4c7bb93a-69d9-47b6-bc60-f97d9b955661;Done,17/Jun/26 2:18 PM;712020:4c7bb93a-69d9-47b6-bc60-f97d9b955661;Done,17/Jun/26 2:18 PM;712020:4c7bb93a-69d9-47b6-bc60-f97d9b955661;Done,,,,,,,,,Done,17/Jun/26 2:18 PM
SF2CB - Combine all errors in Workato notification email,CXMIS-55,790013,Epic,Done,CXMIS,CXMIS,software,Chanchal Katiyar,6405e9049ce2cd2c240f713a,,,,Done,,,srv Jira,712020:fbe734e5-99e6-46ff-b65c-bcc60d1677cc,Rajiv Ranjan,5c233e5a71c9f02df7746418,14/Jul/25 6:46 AM,17/Jun/26 2:17 PM,,17/Jun/26 2:17 PM,MIS Release_25.09,,,07/Aug/25 12:00 AM,0,CXMIS_Project_Import,,"Currently, the workato error notification email only show on error at a time for failed opportunities.  It means the same opportunity has to be resubmitted 8 times for it to be a success. 

This project is for Workato capture the entire object containing error and display all the rows in the email instead of showing only 1 reason at a time.",,Jonathan Jensen,Rajiv Ranjan,,,712020:4c7bb93a-69d9-47b6-bc60-f97d9b955661,5c233e5a71c9f02df7746418,,,,,,,,,,,,,,,,,,,,,,,,,,,,,,"<p><strong>Business Goal: </strong></p><p>Display all the errors in the Workato notification email for failed opportunities with multiple errors, instead of 1 at a time.</p><p><br></p><p><strong>Solution Details:</strong></p><ol><li>Workato captures the entire JSON object containing errors and displays all rows from it in the notification email.</li></ol>",,,,,,,,,,,,,,,ApprovalsCFValue{approvals=[]},,,,,,,,,,jonathan.jensen,712020:0ccf8b0f-2002-4a3d-bc14-ae34e9bc6d3c,,,,,,,,Finance,robert.gordon,712020:df79a8f6-847c-4b10-a993-274b231e4ebc,,,,,,,,,,,17/Jun/26 2:17 PM,Jonathan Jensen,712020:4c7bb93a-69d9-47b6-bc60-f97d9b955661,,,,,,,,,{},,CX,,,,,,,,,,,,,,,,,,,,,,,,,,,,,,,,,,,,,,,,,,,,,,,,,,,,,,,,,,,,,,,,,,,,,,,,,,,,,,,,,,,,,,,,,,,,,,,https://niceincontact.lightning.force.com/a0dUi00000BXtDtIAL,,,,,,,,,,,,,,,,,,1|i042ib:,,,,,,,,,,,,,,,,Jonathan Jensen,,,,,,,,,,,,,,,,,,,,,409895,,,,a0dUi00000BXtDtIAL,,,,,,,,,,,,,,,,,,,,,,,,,,,,,,,,,,,,,,,,,,,,,,,,,,,,,,,,,,,,,,,,,,,,,,,Justice League,,,,,,,,,,,,,,,,,,,,,,,,,,,2026-06-17 14:17:17.635,10009_*:*_1_*:*_0_*|*_10011_*:*_1_*:*_7676_*|*_10001_*:*_1_*:*_3434_*|*_10003_*:*_1_*:*_29230238243_*|*_10006_*:*_1_*:*_2117_*|*_10005_*:*_1_*:*_2330,,,17/Jun/26 2:17 PM;712020:4c7bb93a-69d9-47b6-bc60-f97d9b955661;Done,17/Jun/26 2:17 PM;712020:4c7bb93a-69d9-47b6-bc60-f97d9b955661;Done,17/Jun/26 2:17 PM;712020:4c7bb93a-69d9-47b6-bc60-f97d9b955661;Done,,,,,,,,,Done,17/Jun/26 2:17 PM
Add 1 Seat for Opportunities with No ACD Products during Auto BU process,CXMIS-53,790011,Epic,Done,CXMIS,CXMIS,software,Chanchal Katiyar,6405e9049ce2cd2c240f713a,,,,Done,,,srv Jira,712020:fbe734e5-99e6-46ff-b65c-bcc60d1677cc,Rajiv Ranjan,5c233e5a71c9f02df7746418,14/Jul/25 6:46 AM,18/Jun/26 5:37 PM,,17/Jun/26 2:15 PM,MIS Release_25.09,,,07/Aug/25 12:00 AM,0,CXMIS_Project_Import,,"Currently, opportunities that are sent for BU Automation that do not have any ACD products are failing Auto BU creation.  The OM team is going in and manually adding 1 seat to the ACD product and resubmitting the for Auto BU creation.

This is due ACD being sent as product on the opportunity, even though no ACD products are being added.

This project is to add 1 seat to ACD products on opportunities that do not have any ACD products on them so Auto BU process does not fail and will be created automatically.",,Jonathan Jensen,Rajiv Ranjan,,,712020:4c7bb93a-69d9-47b6-bc60-f97d9b955661,5c233e5a71c9f02df7746418,,,,,,,,,,,,,,,,,,,,,,,,,,,,,,Done,,,,,,,,,,,,,,,ApprovalsCFValue{approvals=[]},,,,,,,,,,jonathan.jensen,712020:0ccf8b0f-2002-4a3d-bc14-ae34e9bc6d3c,,,,,,,,Finance,Katie Dresser,622ba4cfdb58c100687e5414,,,,,,,,,,,17/Jun/26 2:15 PM,Jonathan Jensen,712020:4c7bb93a-69d9-47b6-bc60-f97d9b955661,,,,,,,,,{},,CX,,,,,,,,,,,,,,,,,,,,,,,,,,,,,,,,,,,,,,,,,,,,,,,,,,,,,,,,,,,,,,,,,,,,,,,,,,,,,,,,,,,,,,,,,,,,,,,https://niceincontact.lightning.force.com/a0dUi000008JYe5IAG,,,,,,,,,,,,,,,,,,1|i042hv:,,,,,,,,,,,,,,,,Jonathan Jensen,,,,,,,,,,,,,,,,,,,,,394806,,,,a0dUi000008JYe5IAG,,,,,,,,,,,,,,,,,,,,,,,,,,,,,,,,,,,,,,,,,,,,,,,,,,,,,,,,,,,,,,,,,,,,,,,Incredibles,,,,,,,,,,,,,,,,,,,,,,,,,,,2026-06-17 14:15:24.223,10009_*:*_1_*:*_0_*|*_10011_*:*_1_*:*_6352_*|*_10001_*:*_1_*:*_5599_*|*_10003_*:*_1_*:*_29230126601_*|*_10006_*:*_1_*:*_3857_*|*_10005_*:*_1_*:*_3071,,,17/Jun/26 2:15 PM;712020:4c7bb93a-69d9-47b6-bc60-f97d9b955661;Done,18/Jun/26 5:36 PM;712020:4c7bb93a-69d9-47b6-bc60-f97d9b955661;[Comment] Test 1,18/Jun/26 5:36 PM;712020:4c7bb93a-69d9-47b6-bc60-f97d9b955661;[Comment] Test 2,18/Jun/26 5:37 PM;712020:4c7bb93a-69d9-47b6-bc60-f97d9b955661;[Release Notes] Test 1,,,,,,,,Done,17/Jun/26 2:15 PM
Sonus Provisioning - Create new Wrapper for UK2,CXMIS-46,790004,Epic,Done,CXMIS,CXMIS,software,Chanchal Katiyar,6405e9049ce2cd2c240f713a,,,,Done,,,srv Jira,712020:fbe734e5-99e6-46ff-b65c-bcc60d1677cc,Rajiv Ranjan,5c233e5a71c9f02df7746418,14/Jul/25 6:46 AM,18/Jun/26 4:23 PM,11/Aug/26 1:18 PM,17/Jun/26 2:16 PM,MIS Release_25.09,,,07/Aug/25 12:00 AM,0,CXMIS_Project_Import,,Add a new Sonus Sov Wrapper so numbers can be provisioned for the United Kingdom Cloud Region (UK2).,,Jonathan Jensen,Rajiv Ranjan,,,712020:4c7bb93a-69d9-47b6-bc60-f97d9b955661,5c233e5a71c9f02df7746418,,,,,,,,,,,,,,,,,,,,,,,,,,,,,,<p>Add a new Sonus Sov Wrapper so numbers can be provisioned for the United Kingdom Cloud Region (UK2).</p><p><br></p><ol><li>A new user in OPS-&gt; Provisioning Admin is added<ol><li>Username: PSXPROVISIONER_UK2</li><li>Password: &lt;&lt;Not to be shared here&gt;&gt;</li></ol></li><li>A new wrapper service is created</li><li>psxWebServiceUrl: https://sonusems.nicecxone-sov1.uk/emsapi/services/PSXAPI/r16_01_00</li></ol>,,,,,,,,,,,,,,,ApprovalsCFValue{approvals=[]},,,,,,,,,,jonathan.jensen,712020:0ccf8b0f-2002-4a3d-bc14-ae34e9bc6d3c,,,,,,,,Voice,Carolyn Hatcher,622ba24315521d00726f833e,,,,,,,,,,,17/Jun/26 2:16 PM,Jonathan Jensen,712020:4c7bb93a-69d9-47b6-bc60-f97d9b955661,,,,,,,,,{},,CX,,,,,,,,,,,,,,,,,,,,,,,,,,,,,,,,,,,,,,,,,,,,,,,,,,,,,,,,,,,,,,,,,,,,,,,,,,,,,,,,,,,,,,,,,,,,,,,https://niceincontact.lightning.force.com/a0dUi00000BKHb6IAH,,,,,,,,,,,,,,,,,,1|i042gb:,,,,,,,,,,,,,,,,Jonathan Jensen,,,,,,,,,,,,,,,,,,,,,408664,,,,a0dUi00000BKHb6IAH,,,,,,,,,,,,,,,,,,,,,,,,,,,,,,,,,,,,,,,,,,,,,,,,,,,,,,,,,,,,,,,,,,,,,,,Power Rangers,,,,,,,,,,,,,,,,,,,,,,,,,,,2026-06-17 14:16:33.278,10009_*:*_1_*:*_0_*|*_10011_*:*_1_*:*_7095_*|*_10010_*:*_1_*:*_29230184806_*|*_10001_*:*_1_*:*_3268_*|*_10003_*:*_1_*:*_16440_*|*_10006_*:*_1_*:*_2414_*|*_10005_*:*_1_*:*_3407,,,17/Jun/26 2:16 PM;712020:4c7bb93a-69d9-47b6-bc60-f97d9b955661;Done,17/Jun/26 2:16 PM;712020:4c7bb93a-69d9-47b6-bc60-f97d9b955661;Done,17/Jun/26 2:16 PM;712020:4c7bb93a-69d9-47b6-bc60-f97d9b955661;Done,17/Jun/26 4:07 PM;712020:4c7bb93a-69d9-47b6-bc60-f97d9b955661;Release Notes: This a test.,17/Jun/26 4:27 PM;712020:4c7bb93a-69d9-47b6-bc60-f97d9b955661;[Update] This is a test.,17/Jun/26 4:28 PM;712020:4c7bb93a-69d9-47b6-bc60-f97d9b955661;[Comment] This is test 2.,17/Jun/26 4:31 PM;712020:4c7bb93a-69d9-47b6-bc60-f97d9b955661;[Comment] This is test 3.,18/Jun/26 4:23 PM;712020:4c7bb93a-69d9-47b6-bc60-f97d9b955661;[Release Notes] Test 2,,,,Done,17/Jun/26 2:16 PM
447903 - (Phase 1) Credit Memo Automation Workato Recipes,CXMIS-23456,868055,Epic,Qualified,CXMIS,CXMIS,software,Chanchal Katiyar,6405e9049ce2cd2c240f713a,,,P3,,,,srv Jira,712020:fbe734e5-99e6-46ff-b65c-bcc60d1677cc,srv Jira,712020:fbe734e5-99e6-46ff-b65c-bcc60d1677cc,24/Jun/26 4:26 PM,30/Jul/26 5:53 AM,11/Aug/26 2:48 AM,,,,,15/Oct/26 12:00 AM,0,,,"Recipe A — Cadebill to Salesforce
Trigger: MCL Cadebill API call when billing team submits a credit request (either path).
Action: Updates the Invoice Adjustment case in Salesforce with credit payload. Triggers the Salesforce approval queue routing.
Applies to: Both line-item credits (Invoice Adjustment screen) and account-level credits (Payments/Adjustments screen). The 'Submission Path' field in the payload distinguishes the two.

Recipe B — Salesforce to Cadebill
Trigger: Salesforce approval completion event on the Invoice Adjustment case.
Action: Pushes the approval result (approved/rejected, approver details, timestamp) back to Cadebill via MCL's sync-back API. Cadebill then triggers the publication queue for approved memos, or returns rejected submissions to Draft status.

Key Design Constraints
•	Both recipes are one-directional per transfer — no polling loops within a single recipe run
•	Both recipes must be idempotent — retrying must not create duplicate approvals 
•	No business logic in Workato — all rules enforced by source/destination systems
•	Error states must be logged and alerted — no silent failures
•	Recipes are maintained by MIS post go-live



!Blank diagram (3).png|width=1034,alt=""Blank diagram (3).png""!",,srv Jira,,,,712020:fbe734e5-99e6-46ff-b65c-bcc60d1677cc,,,,,,,,,,,,,,,,,,,,,,24/Jun/26 5:31 PM;5d660108-31f4-4202-8e32-73ae87acfd1a;Blank diagram (3).png;https://nice-it.atlassian.net/rest/api/3/attachment/content/192224,,,,,,,,,,,,,,,,,,,,,,,,ApprovalsCFValue{approvals=[]},,,,,,No,,,,Jonathan Jensen,712020:4c7bb93a-69d9-47b6-bc60-f97d9b955661,,,,,,,,Other,Jason Williams,5b32a2c69049987392f67ac6,,,,,,,,,,,,,,,,,,,,,,{},,CX,,,,,,ghx-label-12,,,To Do,,,,,,,,,,,,,,,"Sizing document change:

PS Architecture change:

PS Methodology change:

PS Project plan change:

Data requirement change:

Update PS Tools:

Training Materials:

Communication:

Update PS Sales:

PS Demo:

General Notes:
1. Alpha testing
2. Beta testing
3. Project Risk Mitigation",,,,,,,,,,,,,,,,,,,,,,,,,,,,grey,,,,,,,,,,,,,,,,,,,,,,,,,,,,,,,,,,,,,,,,,,,https://niceincontact.lightning.force.com/a0dUi00000KbGn3IAF,,,,,,,,,,,,,,,,,,1|i0by17:,,,No,,,,,,,,,,,,,Jonathan Jensen,,,,,,,,,,,,,,,,,,,,,447903,,,,a0dUi00000KbGn3IAF,,,,,,,,,,,,,,,,,,,,,,,,,,,,,,,,,,,,,,,,,,,,,,,,,,,,,,,,,,,,,,,,,,,,,,,System Integrations,,,,,,,,,,,,,,,,,,,,,,,,,,,,,,,,,,,,,,,,,,To Do,24/Jun/26 4:26 PM
428801 - Stir Shaken Report Generation,CXMIS-17690,835198,Epic,Qualified,CXMIS,CXMIS,software,Chanchal Katiyar,6405e9049ce2cd2c240f713a,,,P3,,,,srv Jira,712020:fbe734e5-99e6-46ff-b65c-bcc60d1677cc,srv Jira,712020:fbe734e5-99e6-46ff-b65c-bcc60d1677cc,07/Jan/26 6:00 PM,24/Jun/26 6:05 PM,11/Aug/26 3:18 PM,,,,,,0,,,"NICE is required by the FCC to provide a list of all numbers that originate from our network by our customers so they receive an A attestation. Many companies and government agencies want their calls validated with an A attestation to drive customer confidence the call actually originated from them.

We need to do the following:

1. Ability to generate a report of all the toll-free and DID numbers used for outbound dialing that originate on our network by our customers.
a. Numbers used by our customers that were purchased from NICE.
b. Numbers used by our customers that were not purchased from NICE.",,srv Jira,,,,712020:fbe734e5-99e6-46ff-b65c-bcc60d1677cc,,,,,,,,,,,,,,,,,,,,,,,,,,,,,,,Business Goal:Ability to generate a report of all the toll-free and DID numbers used for outbound dialing that originate on our network by our customers.Numbers used by our customers that were purchased from NICE.Numbers used by our customers that were not purchased from NICE.Solution Details:Add a report to the customer community site that will allow an internal user to download a report of numbers so it can be submitted to First Orion.FiltersCountryUSACANGBREUNumbersNICE (numbers in Cadebill)Other (numbers submitted by our customers using page built in #2)View wireframe of pages here: Stir Shaken Customer Portal MIS Project.pptxNotes:Report will be generated using Provisioning20 DB will store Cadebill and Customer submitted numbers.Key stakeholders:Robert (Bob) Vukich - Business Owner who help define requirementsJenny Sheppick - Leader of team currently managing numbers sent in by customers.,,,,,,,,,,,,,,,ApprovalsCFValue{approvals=[]},,,,,,No,,,,Jonathan Jensen,712020:4c7bb93a-69d9-47b6-bc60-f97d9b955661,,,,,,,,Voice,Robert Vukich,622ba0f2932f0f00716bfbaa,,,,,,,,,,,,,,,,,,,,,,{},,CX,,,,,,ghx-label-14,,,To Do,,,,,,,,,,,,,,,"Sizing document change:

PS Architecture change:

PS Methodology change:

PS Project plan change:

Data requirement change:

Update PS Tools:

Training Materials:

Communication:

Update PS Sales:

PS Demo:

General Notes:
1. Alpha testing
2. Beta testing
3. Project Risk Mitigation",,,,,,,,,,,,,,,,,,,,,,,,,,,,dark_orange,,,,,,,,,,,,,,,,,,,,,,,,,,,,,,,,,,,,,,,,,,,https://niceincontact.lightning.force.com/a0dUi00000G5AbpIAF,,,,,,,,,,,,,,,,,,1|i093mj:,,,No,,,,,,,,,,,,,Jonathan Jensen,,,,,,,,,,,,,,,,,,,,,428801,,,,a0dUi00000G5AbpIAF,,,,,,,,,,,,,,,,,,,,,,,,,,,,,,,,,,,,,,,,,,,,,,,,,,,,,,,,,,,,,,,,,,,,,,,Guardians of the Galaxy,,,,,,,,,,,,,,,,,,,,,,,,,,,,,,,,,,,,,,,,,,To Do,07/Jan/26 6:00 PM
426174 - Update Logic for Calculating Scheduled Campaign,CXMIS-16978,831191,Epic,Qualified,CXMIS,CXMIS,software,Chanchal Katiyar,6405e9049ce2cd2c240f713a,,,P3,,,,srv Jira,712020:fbe734e5-99e6-46ff-b65c-bcc60d1677cc,srv Jira,712020:fbe734e5-99e6-46ff-b65c-bcc60d1677cc,09/Dec/25 1:47 PM,09/Jul/26 5:04 AM,11/Aug/26 12:43 PM,,,,,12/Mar/26 12:00 AM,0,,,"Update the logic for calculating the scheduled campaign number
-Remove all existing conditions and simply use the currency on the account to determine the corresponding scheduled campaign number.",,srv Jira,,,,712020:fbe734e5-99e6-46ff-b65c-bcc60d1677cc,,,,,,,,,,,,,,,,,,,,,,,,,,,,,,,Update the stored procedure [inContactInstrumentLoaders].[ADD_INTERNATIONAL]Remove all existing conditions and simply use the currency on the account to determine the corresponding scheduled campaign number.Default Scheduled Campaign currency = USD,,,,,,,,,,,,,,,ApprovalsCFValue{approvals=[]},,,,,,No,,,,Jonathan Jensen,712020:4c7bb93a-69d9-47b6-bc60-f97d9b955661,,,,,,,,Finance,robert.gordon,712020:df79a8f6-847c-4b10-a993-274b231e4ebc,,,,,,,,,,,,,,,,,,,,,,{},,CX,,,,,,ghx-label-10,,,To Do,,,,,,,,,,,,,,,"Sizing document change:

PS Architecture change:

PS Methodology change:

PS Project plan change:

Data requirement change:

Update PS Tools:

Training Materials:

Communication:

Update PS Sales:

PS Demo:

General Notes:
1. Alpha testing
2. Beta testing
3. Project Risk Mitigation",,,,,,,,,,,,,,,,,,,,,,,,,,,,blue,,,,,,,,,,,,,,,,,,,,,,,,,,,,,,,,,,,,,,,,,,,https://niceincontact.lightning.force.com/a0dUi00000FGW3LIAX,,,,,,,,,,,,,,,,,,1|i08rwr:,,,No,,,,,,,,,,,,,Jonathan Jensen,,,,,,,,,,,,,,,,,,,,,426174,,,,a0dUi00000FGW3LIAX,,,,,,,,,,,,,,,,,,,,,,,,,,,,,,,,,,,,,,,,,,,,,,,,,,,,,,,,,,,,,,,,,,,,,,,Provisioning,,,,,,,,,,,,,,,,,,,,,,,,,,,,,,,,,,,,,,,,,,To Do,09/Dec/25 1:47 PM
410622 - Exclude non POC numbers to Fed Ramp and Remove Invalid Instruments,CXMIS-12601,807287,Epic,Qualified,CXMIS,CXMIS,software,Chanchal Katiyar,6405e9049ce2cd2c240f713a,,,P3,,,,srv Jira,712020:fbe734e5-99e6-46ff-b65c-bcc60d1677cc,srv Jira,712020:fbe734e5-99e6-46ff-b65c-bcc60d1677cc,22/Jul/25 1:11 PM,27/Jul/26 4:13 PM,11/Aug/26 2:27 PM,,,,,,0,,,"Currently all numbers are sent to both Sonus Standard and FedRamp.

The only numbers that are expected in both FedRAMP and Production are Point of Contact numbers that would be routed back to a clusters.

We need to exclude non-POC numbers to FedRamp.",,srv Jira,,,,712020:fbe734e5-99e6-46ff-b65c-bcc60d1677cc,,,,,,,,,,,,,,,,,,,,,,,,,,,,,,,,,,,,,,,,,,,,,,ApprovalsCFValue{approvals=[]},,,,,,No,,,,Jonathan Jensen,712020:4c7bb93a-69d9-47b6-bc60-f97d9b955661,,,,,,,,Voice,srv Jira,712020:fbe734e5-99e6-46ff-b65c-bcc60d1677cc,,,,,,,,,,,,,,,,,,,,,,{},,CX,,,,,,ghx-label-14,,,To Do,,,,,,,,,,,,,,,"Sizing document change:

PS Architecture change:

PS Methodology change:

PS Project plan change:

Data requirement change:

Update PS Tools:

Training Materials:

Communication:

Update PS Sales:

PS Demo:

General Notes:
1. Alpha testing
2. Beta testing
3. Project Risk Mitigation",,,,,,,,,,,,,,,,,,,,,,,,,,,,dark_orange,,,,,,,,,,,,,,,,,,,,,,,,,,,,,,,,,,,,,,,,,,,https://niceincontact.lightning.force.com/a0dUi00000BgXsTIAV,,,,,,,,,,,,,,,,,,1|i06ryz:,,,No,,,,,,,,,,,,,Jonathan Jensen,,,,,,,,,,,,,,,,,,,,,410622,,,,a0dUi00000BgXsTIAV,,,,,,,,,,,,,,,,,,,,,,,,,,,,,,,,,,,,,,,,,,,,,,,,,,,,,,,,,,,,,,,,,,,,,,,Provisioning,,,,,,,,,,,,,,,,,,,,,,,,,,,,,,,,,,,,,,,,,,To Do,22/Jul/25 1:11 PM
396704 - Automatically Deprovision Sonus When Number is Terminated,CXMIS-6613,799065,Epic,Qualified,CXMIS,CXMIS,software,Chanchal Katiyar,6405e9049ce2cd2c240f713a,,,,,,,srv Jira,712020:fbe734e5-99e6-46ff-b65c-bcc60d1677cc,Rajiv Ranjan,5c233e5a71c9f02df7746418,17/Jul/25 10:46 AM,09/Jul/26 5:05 AM,,,,,,,0,CXMIS_Missing_Epic2,,"Though we are ticking Sonus Provisioning when terminating the numbers to ensure it is 100% de-provisioned, would you recommend a template improvement that would make Sonus de-provisioning automatic since this is the desired outcome when terminating? Sonus needs to be terminated at all times when terminating - both for a move or complete removal - so it would be beneficial that the system would de-provision them from Sonus all the time, regardless of being Sonus termination box is ticked or not. 

Solution:
Discard the checkbox and deprovision Sonus for all number terminate requests.",,Rajiv Ranjan,,,,5c233e5a71c9f02df7746418,,,,,,,,,,,,,,,,,,,,,,,,,,,,,,,,,,,,,,,,,,,jonathan.jensen,712020:0ccf8b0f-2002-4a3d-bc14-ae34e9bc6d3c,,ApprovalsCFValue{approvals=[]},,,,,,,,,,Jonathan Jensen,712020:4c7bb93a-69d9-47b6-bc60-f97d9b955661,,,,,,,,Voice,majenelyn.alipio,712020:fa22a8c9-8324-47c1-ba30-9b42790e99e6,,,,,,,,,,,,,,,,,,,,,,{},33.0,CX,,,,,,,,,,,,,,,,,,,,,,,,,,,,,,,,,,,,,,,,,,,,,,,,,,,,,,,,,,,,,,,,,,,,,,,,,,,,,,,,,,,,,,,,,,,,,,,https://niceincontact.lightning.force.com/a0dUi000008j7gfIAA,,,,,,,,,,,,,,,,,,1|i05g3v:,,,,,,,,,,,,,,,,Jonathan Jensen,,,,,,,,,,,,,,,,,,,,,396704,,,,a0dUi000008j7gfIAA,,,,,,,,,,,,,,,,,,,,,,,,,,,,,,,,,,,,,,,,,,,,,,,,,,,,,,,,,,,,,,,,M,,,,,,,Provisioning,,,,,,,,,,,,,,,,,,,,,,,,56.0,,,,,,,,,,,,,,,,,,To Do,17/Jul/25 10:46 AM
Stir Shaken Report,CXMIS-6612,798893,Epic,Qualified,CXMIS,CXMIS,software,Chanchal Katiyar,6405e9049ce2cd2c240f713a,,,,,,,Jonathan Jensen,712020:4c7bb93a-69d9-47b6-bc60-f97d9b955661,Rajiv Ranjan,5c233e5a71c9f02df7746418,17/Jul/25 10:44 AM,17/Dec/25 4:49 PM,,,,,,,0,Business_Story,,"NICE is required by the FCC to provide a list of all numbers that originate from our network by our customers so they receive an A attestation. Many companies and government agencies want their calls validated with an A attestation to drive customer confidence the call actually originated from them.

We need to do the following:

1.  Ability to generate a report of all the toll-free and DID numbers used for outbound dialing that originate on our network by our customers.
a.  Numbers used by our customers that were purchased from NICE.
b.  Numbers used by our customers that were not purchased from NICE.
2.  Ability for our customers to submit to NICE and manage all the toll-free and DID numbers not purchased from NICE.
3.  Ability to send customer an email every 6 months to remind them to review and update numbers they have submitted to NICE.",,Rajiv Ranjan,,,,5c233e5a71c9f02df7746418,,,,,,,,,,,,,,,,,,,,,,,,,,,,,,,,,,,,,,,,,,,jonathan.jensen,712020:0ccf8b0f-2002-4a3d-bc14-ae34e9bc6d3c,,ApprovalsCFValue{approvals=[]},,,,,,,,,,Jonathan Jensen,712020:4c7bb93a-69d9-47b6-bc60-f97d9b955661,,,,,,,,Voice,Robert Vukich,622ba0f2932f0f00716bfbaa,,,,,,,,,,,,,,,,,,,,,,{},10.0,CX,,,,,,,,,,,,,,,,,,,,,,,,,,,,,,,,,,,,,,,,,,,,,,,,,,,,,,,,,,,,,,,,,,,,,,,,,,,,,,,,,,,,,,,,,,,,,,,https://niceincontact.lightning.force.com/a0dHu00000HMEyAIAX,,,,,,,,,,,,,,,,,,1|i05f1n:,,,,,,,,,,,,,,,,Robert Vukich,,,,,,,,,,,,,,,,,,,,,353282,,,,a0dHu00000HMEyAIAX,,,,,,,,,,,,,,,,,,,,,,,,,,,,,,,,,,,,,,,,,,,,,,,,,,,,,,,,,,,,,,,,M,,,,,,,Guardians of the Galaxy,,,,,,,,,,,,,,,,,,,,,,,,55.0,,,,,,,,,,,,,,,,,,To Do,17/Jul/25 10:44 AM
346092 - International support for Temporary Inbound Call Redirect,CXMIS-6607,798886,Epic,Qualified,CXMIS,CXMIS,software,Chanchal Katiyar,6405e9049ce2cd2c240f713a,,,,,,,srv Jira,712020:fbe734e5-99e6-46ff-b65c-bcc60d1677cc,Rajiv Ranjan,5c233e5a71c9f02df7746418,17/Jul/25 10:44 AM,09/Jul/26 5:05 AM,,,,,,,0,CXMIS_Missing_Epic2,,"Currently Temporary Inbound Call Redirect is only available domestically, as the input does not account for country codes.

Further development is needed to add support for international customers. 

Related projects:

121622
191225
154034",,Rajiv Ranjan,,,,5c233e5a71c9f02df7746418,,,,,,,,,,,,,,,,,,,,,,,,,,,,,,,"Need to Build new instrument type for International, this will be new templates for Add/edit/Deactivate.",,,,,,,,,,,,jonathan.jensen,712020:0ccf8b0f-2002-4a3d-bc14-ae34e9bc6d3c,,ApprovalsCFValue{approvals=[]},,,,,,,,,,Jonathan Jensen,712020:4c7bb93a-69d9-47b6-bc60-f97d9b955661,,,,,,,,Voice,Florence Lin,62bc0ba5018dea0d40744fc1,,,,,,,,,,,,,,,,,,,,,,{},14.0,CX,,,,,,,,,,,,,,,,,,,,,,,,,,,,,,,,,,,,,,,,,,,,,,,,,,,,,,,,,,,,,,,,,,,,,,,,,,,,,,,,,,,,,,,,,,,,,,,https://niceincontact.lightning.force.com/a0dHu00000HLS1VIAX,,,,,,,,,,,,,,,,,,1|i05f03:,,,,,,,,,,,,,,,,Florence Lin,,,,,,,,,,,,,,,,,,,,,346092,,,,a0dHu00000HLS1VIAX,,,,,,,,,,,,,,,,,,,,,,,,,,,,,,,,,,,,,,,,,,,,,,,,,,,,,,,,,,,,,,,,M,,,,,,,Provisioning,,,,,,,,,,,,,,,,,,,,,,,,39.0,,,,,,,,,,,,,,,,,,To Do,17/Jul/25 10:44 AM
346745 - Lumen Carrier's Canada Toll Free Provisioning & CARE Automation,CXMIS-6605,798887,Epic,Qualified,CXMIS,CXMIS,software,Chanchal Katiyar,6405e9049ce2cd2c240f713a,,,,,,,srv Jira,712020:fbe734e5-99e6-46ff-b65c-bcc60d1677cc,Rajiv Ranjan,5c233e5a71c9f02df7746418,17/Jul/25 10:44 AM,09/Jul/26 5:05 AM,,,,,,,0,CXMIS_Missing_Epic2,,This is a continuance of Project 166438 for the automation of the US carriers. But specifically for Canada Clusters and Lumen carrier.,,Rajiv Ranjan,,,,5c233e5a71c9f02df7746418,,,,,,,,,,,,,,,,,,,,,,,,,,,,,,,Create automated TF Provisioning and CARE process for our Lumen TF carrier to be used for Canada customers.,,,,,,,,,,,,jonathan.jensen,712020:0ccf8b0f-2002-4a3d-bc14-ae34e9bc6d3c,,ApprovalsCFValue{approvals=[]},,,,,,,,,,Jonathan Jensen,712020:4c7bb93a-69d9-47b6-bc60-f97d9b955661,,,,,,,,Voice,Jenny Sheppick,611cf81578fb330077205e0a,,,,,,,,,,,,,,,,,,,,,,{},20.0,CX,,,,,,,,,,,,,,,,,,,,,,,,,,,,,,,,,,,,,,,,,,,,,,,,,,,,,,,,,,,,,,,,,,,,,,,,,,,,,,,,,,,,,,,,,,,,,,,https://niceincontact.lightning.force.com/a0dHu00000HLWNmIAP,,,,,,,,,,,,,,,,,,1|i05f0b:,,,,,,,,,,,,,,,,Khristine Mary Dela Cruz,,,,,,,,,,,,,,,,,,,,,346745,,,,a0dHu00000HLWNmIAP,,,,,,,,,,,,,,,,,,,,,,,,,,,,,,,,,,,,,,,,,,,,,,,,,,,,,,,,,,,,,,,,M,,,,,,,Provisioning,,,,,,,,,,,,,,,,,,,,,,,,54.0,,,,,,,,,,,,,,,,,,To Do,17/Jul/25 10:44 AM
374682 - Sinch Carrier's Canada Toll Free Provisioning & CARE Automation,CXMIS-6600,798945,Epic,Qualified,CXMIS,CXMIS,software,Chanchal Katiyar,6405e9049ce2cd2c240f713a,,,,,,,srv Jira,712020:fbe734e5-99e6-46ff-b65c-bcc60d1677cc,Rajiv Ranjan,5c233e5a71c9f02df7746418,17/Jul/25 10:45 AM,09/Jul/26 5:06 AM,,,,,,,0,CXMIS_Missing_Epic2,,his is a continuance of Project 166438 for the automation of the US carriers. But specifically for Canada Clusters and Sinch carrier.,,Rajiv Ranjan,,,,5c233e5a71c9f02df7746418,,,,,,,,,,,,,,,,,,,,,,,,,,,,,,,"<p><span style=""font-size: 14px;"">Create automated TF Provisioning and CARE process for our Sinch TF carrier to be used for Canada customers.</span></p>",,,,,,,,,,,,jonathan.jensen,712020:0ccf8b0f-2002-4a3d-bc14-ae34e9bc6d3c,,ApprovalsCFValue{approvals=[]},,,,,,,,,,Jonathan Jensen,712020:4c7bb93a-69d9-47b6-bc60-f97d9b955661,,,,,,,,Voice,Jenny Sheppick,611cf81578fb330077205e0a,,,,,,,,,,,,,,,,,,,,,,{},22.0,CX,,,,,,,,,,,,,,,,,,,,,,,,,,,,,,,,,,,,,,,,,,,,,,,,,,,,,,,,,,,,,,,,,,,,,,,,,,,,,,,,,,,,,,,,,,,,,,,https://niceincontact.lightning.force.com/a0dUi00000447mzIAA,,,,,,,,,,,,,,,,,,1|i05fd7:,,,,,,,,,,,,,,,,Jonathan Jensen,,,,,,,,,,,,,,,,,,,,,374682,,,,a0dUi00000447mzIAA,,,,,,,,,,,,,,,,,,,,,,,,,,,,,,,,,,,,,,,,,,,,,,,,,,,,,,,,,,,,,,,,XS,,,,,,,Provisioning,,,,,,,,,,,,,,,,,,,,,,,,52.0,,,,,,,,,,,,,,,,,,To Do,17/Jul/25 10:45 AM
374684 - Telus Carrier's Canada Toll Free Provisioning & CARE Automation,CXMIS-6598,798946,Epic,Qualified,CXMIS,CXMIS,software,Chanchal Katiyar,6405e9049ce2cd2c240f713a,,,,,,,srv Jira,712020:fbe734e5-99e6-46ff-b65c-bcc60d1677cc,Rajiv Ranjan,5c233e5a71c9f02df7746418,17/Jul/25 10:45 AM,09/Jul/26 5:05 AM,,,,,,,0,CXMIS_Missing_Epic2,,This is a continuance of Project 166438 for the automation of the US carriers. But specifically for Canada Clusters and Telus carrier.,,Rajiv Ranjan,,,,5c233e5a71c9f02df7746418,,,,,,,,,,,,,,,,,,,,,,,,,,,,,,,"<p><span style=""font-size: 14px;"">Create automated TF Provisioning and CARE process for our Telus TF carrier to be used for Canada customers.</span></p>",,,,,,,,,,,,jonathan.jensen,712020:0ccf8b0f-2002-4a3d-bc14-ae34e9bc6d3c,,ApprovalsCFValue{approvals=[]},,,,,,,,,,Jonathan Jensen,712020:4c7bb93a-69d9-47b6-bc60-f97d9b955661,,,,,,,,Voice,Jenny Sheppick,611cf81578fb330077205e0a,,,,,,,,,,,,,,,,,,,,,,{},23.0,CX,,,,,,,,,,,,,,,,,,,,,,,,,,,,,,,,,,,,,,,,,,,,,,,,,,,,,,,,,,,,,,,,,,,,,,,,,,,,,,,,,,,,,,,,,,,,,,,https://niceincontact.lightning.force.com/a0dUi00000448G1IAI,,,,,,,,,,,,,,,,,,1|i05fdf:,,,,,,,,,,,,,,,,Jonathan Jensen,,,,,,,,,,,,,,,,,,,,,374684,,,,a0dUi00000448G1IAI,,,,,,,,,,,,,,,,,,,,,,,,,,,,,,,,,,,,,,,,,,,,,,,,,,,,,,,,,,,,,,,,XS,,,,,,,Provisioning,,,,,,,,,,,,,,,,,,,,,,,,53.0,,,,,,,,,,,,,,,,,,To Do,17/Jul/25 10:45 AM
428956 - New Salesforce License Seat Usage Service,CXMIS-17710,835309,Epic,Ready for Deployment,CXMIS,CXMIS,software,Chanchal Katiyar,6405e9049ce2cd2c240f713a,,,P3,,,,srv Jira,712020:fbe734e5-99e6-46ff-b65c-bcc60d1677cc,srv Jira,712020:fbe734e5-99e6-46ff-b65c-bcc60d1677cc,08/Jan/26 8:48 PM,27/Jul/26 5:01 PM,11/Aug/26 2:10 PM,,MIS Release_25.09,,,14/May/26 12:00 AM,0,,,"Salesforce is the source of Salesforce License Seat Usage data for billing. This data is captured using an ETL Tool DBAmp and pushed to BI DWH. SaaS usage is currently captured in MyGlobal Database. 

Currently, Salesforce License Usage is not being capture and stored in MyGlobal Database. With new Mediation Layer, the Salesforce License usage is also expected to be stored in Mediation Layer. This way, SaaS and Salesforce License usage will be consolidated in Mediation Layer.",,srv Jira,,,,712020:fbe734e5-99e6-46ff-b65c-bcc60d1677cc,,,,,,,,,,,,,,,,,,,,,,,,,,,,,,,"The new SF License Seat Usage Service will do the following:This service will pick up the data from Salesforce objectsIdentify the corresponding Cluster and Region of the BUIDSend the Usage information to Mediation Layer Kinesis stream of the corresponding regionIf the Cluster information of the BUID is not available then, we will consider the Region of that BUID as NA1 and pass the Usage information to NA1 Kinesis stream.Send notification email in any of any failuresMIS - Salesforce License Seat Usage - High Level Design - https://nice-ce-cxone-prod.atlassian.net/wiki/spaces/IN/pages/3108503574/MIS+-+Salesforce+License+Seat+Usage+-+High+Level+Design",,,,,,,,,,,,,,,ApprovalsCFValue{approvals=[]},,,,,,No,,,,Jonathan Jensen,712020:4c7bb93a-69d9-47b6-bc60-f97d9b955661,,,,,,,,Finance,robert.gordon,712020:df79a8f6-847c-4b10-a993-274b231e4ebc,,,,,,,,,,,,,,,,,,,,,,{},,CX,,,,,,ghx-label-8,,,To Do,,,,,,,,,,,,,,,"Sizing document change:

PS Architecture change:

PS Methodology change:

PS Project plan change:

Data requirement change:

Update PS Tools:

Training Materials:

Communication:

Update PS Sales:

PS Demo:

General Notes:
1. Alpha testing
2. Beta testing
3. Project Risk Mitigation",,,,,,,,,,,,,,,,,,,,,,,,,,,,dark_purple,,,,,,,,,,,,,,,,,,,,,,,,,,,,,,,,,,,,,,,,,,,https://niceincontact.lightning.force.com/a0dUi00000G7a2LIAR,,,,,,,,,,,,,,,,,,1|i0941f:,,,No,,,,,,,,,,,,,Jonathan Jensen,,,,,,,,,,,,,,,,,,,,,428956,,,,a0dUi00000G7a2LIAR,,,,,,,,,,,,,,,,,,,,,,,,,,,,,,,,,,,,,,,,,,,,,,,,,,,,,,,,,,,,,,,,,,,,,,,System Integrations,,,,,,,,,,,,,,,,,,,,,,,,,,,,,,,,,,,,,,,,,,In Progress,24/Apr/26 8:00 PM
426265 - Pull Qty and Renewed Qty from CB to SF when updated,CXMIS-16984,831270,Epic,Ready for Deployment,CXMIS,CXMIS,software,Chanchal Katiyar,6405e9049ce2cd2c240f713a,,,P3,,Jonathan Jensen,712020:4c7bb93a-69d9-47b6-bc60-f97d9b955661,srv Jira,712020:fbe734e5-99e6-46ff-b65c-bcc60d1677cc,srv Jira,712020:fbe734e5-99e6-46ff-b65c-bcc60d1677cc,09/Dec/25 8:27 PM,17/Jun/26 12:22 PM,,,,,,14/May/26 12:00 AM,0,,,"Our current sales process faces a key challenge: the quantity of products is tracked in our billing system, Cadebill, but our sales platform, Salesforce CPQ, continues to use the original quantity from the initial contract. This discrepancy leads to inaccurate renewals and amendments. To resolve this, we will implement a data synchronization process to pull the most current product usage data from Cadebill and update the corresponding Salesforce subscription records. This ensures that our renewal and amendment quotes are always based on the most up-to-date usage quantities.",,Jonathan Jensen,srv Jira,,,712020:4c7bb93a-69d9-47b6-bc60-f97d9b955661,712020:fbe734e5-99e6-46ff-b65c-bcc60d1677cc,,,,,,,,,,,,,,IT-27194,,,,,,,,,,,,,,,,"Pull the the following Opportunity-&gt;Subscriptions record fields into Salesforce after they are updated in CadebillSBQQ__Quantity__cSBQQ__RenewedQuantity__cCadebill will make a separate API to handle when data is updatedWhen an opportunity record is updated, check a Salesforce checkbox field true",,,,,,,,,,,,,,,ApprovalsCFValue{approvals=[]},,,,,,No,,,,Jonathan Jensen,712020:4c7bb93a-69d9-47b6-bc60-f97d9b955661,,,,,,,,Finance,robert.gordon,712020:df79a8f6-847c-4b10-a993-274b231e4ebc,,,,,,,,,,,,,,,,,,,,,,{},,CX,,,,,,ghx-label-9,,,To Do,,,,,,,,,,,,,,,"Sizing document change:

PS Architecture change:

PS Methodology change:

PS Project plan change:

Data requirement change:

Update PS Tools:

Training Materials:

Communication:

Update PS Sales:

PS Demo:

General Notes:
1. Alpha testing
2. Beta testing
3. Project Risk Mitigation",,,,,,,,,,,,,,,,,,,,,,,,,,,,orange,,,,,,,,,,,,,,,,,,,,,,,,,,,,,,,,,,,,,,,,,,,https://niceincontact.lightning.force.com/a0dUi00000FHe5FIAT,,,,,,,,,,,,,,,,,,1|i08s6b:,,,No,,,,,,,,,,,,,Jonathan Jensen,,,,,,,,,,,,,,,,,,,,,426265,,,,a0dUi00000FHe5FIAT,,,,,,,,,,,,,,,,,,,,,,,,,,,,,,,,,,,,,,,,,,,,,,,,,,,,,,,,,,,,,,,,,,,,,,,Justice League,,,,,,,,,,,,,,,,,,,,,,,,,,,2026-04-23 20:01:33.696,,,,23/Apr/26 8:01 PM;712020:4c7bb93a-69d9-47b6-bc60-f97d9b955661;test,,,,,,,,,,,In Progress,24/Apr/26 8:18 PM
425292 - OPS Provisioning Admin Page Changes,CXMIS-16531,829161,Epic,Ready for Deployment,CXMIS,CXMIS,software,Chanchal Katiyar,6405e9049ce2cd2c240f713a,,,P3,,,,srv Jira,712020:fbe734e5-99e6-46ff-b65c-bcc60d1677cc,srv Jira,712020:fbe734e5-99e6-46ff-b65c-bcc60d1677cc,01/Dec/25 4:08 PM,09/Jul/26 5:04 AM,,,MIS Release_25.06,,,25/Dec/25 12:00 AM,0,,,"Add the following new fields to the OPS->Tools-> Provisioning Admin page:
1.  Database Name
2.  Change Database Name (button)",,srv Jira,,,,712020:fbe734e5-99e6-46ff-b65c-bcc60d1677cc,,,,,,,,,,,,,,,,,,,,,,,,,,,,,,,Add the following new fields to the OPS-&gt;Tools-&gt; Provisioning Admin page:Make changes in OPS tool to maintain Database Name in DBDatabase NameAdd new fieldChange Database NameAdd new button to change field aboveMake changes in each Sonus Wrapper service to use this value instead of config value,,,,,,,,,,,,,,,ApprovalsCFValue{approvals=[]},,,,,,No,,,,Jonathan Jensen,712020:4c7bb93a-69d9-47b6-bc60-f97d9b955661,,,,,,,,Voice,srv Jira,712020:fbe734e5-99e6-46ff-b65c-bcc60d1677cc,,,,,,,,,,,,,,,,,,,,,,{},,CX,,,,,,ghx-label-11,,,To Do,,,,,,,,,,,,,,,"Sizing document change:

PS Architecture change:

PS Methodology change:

PS Project plan change:

Data requirement change:

Update PS Tools:

Training Materials:

Communication:

Update PS Sales:

PS Demo:

General Notes:
1. Alpha testing
2. Beta testing
3. Project Risk Mitigation",,,,,,,,,,,,,,,,,,,,,,,,,,,,teal,,,,,,,,,,,,,,,,,,,,,,,,,,,,,,,,,,,,,,,,,,,https://niceincontact.lightning.force.com/a0dUi00000EykmHIAR,,,,,,,,,,,,,,,,,,1|i08n8b:,,,No,,,,,,,,,,,,,Jonathan Jensen,,,,,,,,,,,,,,,,,,,,,425292,,,,a0dUi00000EykmHIAR,,,,,,,,,,,,,,,,,,,,,,,,,,,,,,,,,,,,,,,,,,,,,,,,,,,,,,,,,,,,,,,,,,,,,,,Provisioning,,,,,,,,,,,,,,,,,,,,,,,,,,,,,,,,,,,,,,,,,,In Progress,24/Apr/26 8:22 PM
412756 - Use https based Costguard service URL for FedRAMP,CXMIS-13373,809963,Epic,Ready for Deployment,CXMIS,CXMIS,software,Chanchal Katiyar,6405e9049ce2cd2c240f713a,,,P3,,,,srv Jira,712020:fbe734e5-99e6-46ff-b65c-bcc60d1677cc,srv Jira,712020:fbe734e5-99e6-46ff-b65c-bcc60d1677cc,04/Aug/25 8:04 PM,09/Jul/26 5:05 AM,,,MIS Release_25.14,,,30/Oct/25 12:00 AM,0,,,Use https based Costguard service URL for FedRAMP,,srv Jira,,,,712020:fbe734e5-99e6-46ff-b65c-bcc60d1677cc,,,,,,,,,,,,,,,,,,,,,,,,,,,,,,,Works,,,,,,,,,,,,,,,ApprovalsCFValue{approvals=[]},,,,,,No,,,,Jonathan Jensen,712020:4c7bb93a-69d9-47b6-bc60-f97d9b955661,,,,,,,,Voice,srv Jira,712020:fbe734e5-99e6-46ff-b65c-bcc60d1677cc,,,,,,,,,,,,,,,,,,,,,,{},,CX,,,,,,ghx-label-11,,,To Do,,,,,,,,,,,,,,,"Sizing document change:

PS Architecture change:

PS Methodology change:

PS Project plan change:

Data requirement change:

Update PS Tools:

Training Materials:

Communication:

Update PS Sales:

PS Demo:

General Notes:
1. Alpha testing
2. Beta testing
3. Project Risk Mitigation",,,,,,,,,,,,,,,,,,,,,,,,,,,,teal,,,,,,,,,,,,,,,,,,,,,,,,,,,,,,,,,,,,,,,,,,,https://niceincontact.lightning.force.com/a0dUi00000C2tcbIAB,,,,,,,,,,,,,,,,,,1|i070a3:,,,No,,,,,,,,,,,,,Jonathan Jensen,,,,,,,,,,,,,,,,,,,,,412756,,,,a0dUi00000C2tcbIAB,,,,,,,,,,,,,,,,,,,,,,,,,,,,,,,,,,,,,,,,,,,,,,,,,,,,,,,,,,,,,,,,,,,,,,,Provisioning,,,,,,,,,,,,,,,,,,,,,,,,,,,,,,,,,,,,,,,,,,In Progress,24/Apr/26 8:30 PM
410122 - Mediation Layer to Cadebill API,CXMIS-12707,808157,Epic,Ready for Deployment,CXMIS,CXMIS,software,Chanchal Katiyar,6405e9049ce2cd2c240f713a,,,P3,,,,srv Jira,712020:fbe734e5-99e6-46ff-b65c-bcc60d1677cc,srv Jira,712020:fbe734e5-99e6-46ff-b65c-bcc60d1677cc,30/Jul/25 5:14 PM,09/Jul/26 4:51 AM,11/Aug/26 2:06 PM,,MIS Release_25.06,,,19/Feb/26 12:00 AM,0,,,"Mediation layer integration with APIs to handle updates to billing cycles and product IDs. These APIs are essential for accurate monthly aggregation and reconciliation in the mediation layer.

The APIs will trigger updates whenever there are changes to the billing cycles or product IDs, ensuring that the mediation layer is always up to date with the latest information from Cadebill.

The integration process involves capturing daily data in the mediation layer, calculating summarized monthly data, and ensuring that the mediation layer is updated with any changes from Kate Bill.",,Jonathan Jensen,srv Jira,,,712020:4c7bb93a-69d9-47b6-bc60-f97d9b955661,712020:fbe734e5-99e6-46ff-b65c-bcc60d1677cc,,,,,,,,,,,,,,,,,,,,,,,,,,,,,,works,,,,,,,,,,,,,,,ApprovalsCFValue{approvals=[]},,,,,,No,,,,Jonathan Jensen,712020:4c7bb93a-69d9-47b6-bc60-f97d9b955661,,,,,,,,Finance,robert.gordon,712020:df79a8f6-847c-4b10-a993-274b231e4ebc,,,,,,,,,,,,,,,,,,,,,,{},,CX,,,,,,ghx-label-13,,,To Do,,,,,,,,,,,,,,,"Sizing document change:

PS Architecture change:

PS Methodology change:

PS Project plan change:

Data requirement change:

Update PS Tools:

Training Materials:

Communication:

Update PS Sales:

PS Demo:

General Notes:
1. Alpha testing
2. Beta testing
3. Project Risk Mitigation",,,,,,,,,,,,,,,,,,,,,,,,,,,,dark_green,,,,,,,,,,,,,,,,,,,,,,,,,,,,,,,,,,,,,,,,,,,https://niceincontact.lightning.force.com/a0dUi00000Ba1qTIAR,,,,,,,,,,,,,,,,,,1|i06uwr:,,,No,,,,,,,,,,,,,Jonathan Jensen,,,,,,,,,,,,,,,,,,,,,410122,,,,a0dUi00000Ba1qTIAR,,,,,,,,,,,,,,,,,,,,,,,,,,,,,,,,,,,,,,,,,,,,,,,,,,,,,,,,,,,,,,,,,,,,,,,System Integrations,,,,,,,,,,,,,,,,,,,,,,,,,,,2025-08-06 14:17:00.308,,,,06/Aug/25 2:17 PM;712020:4c7bb93a-69d9-47b6-bc60-f97d9b955661;Removing this project.  This is being done in [https://nice-it.atlassian.net/browse/CXMIS-12707|https://nice-it.atlassian.net/browse/CXMIS-12707|smart-link].,06/Aug/25 2:17 PM;712020:4c7bb93a-69d9-47b6-bc60-f97d9b955661;Being done in CXMIS-12707,,,,,,,,,,In Progress,24/Apr/26 8:33 PM
Minimum‑Related Case Intake and Routing,CXSCOE-10332,858637,Epic,Done,CXSCOE,CXSCOE,software,Devin Jefferies,611cf68ca3e00f00687a04e0,,,P3,Done,,,srv Jira,712020:fbe734e5-99e6-46ff-b65c-bcc60d1677cc,srv Jira,712020:fbe734e5-99e6-46ff-b65c-bcc60d1677cc,08/May/26 4:54 PM,27/Jul/26 5:22 PM,10/Aug/26 3:41 PM,27/Jul/26 5:22 PM,,,,,0,,,"Sales representatives currently submit minimum‑related inquiries through existing Sales Operations case channels, which results in mixed routing, delayed response times, and lack of ownership clarity. Finance leadership has requested a more structured approach to ensure that minimum‑specific inquiries are handled separately and efficiently.

This project will introduce either:

A separate case submission path for minimum‑related inquiries, or
Enhanced routing logic within existing Sales Ops cases to automatically identify and route minimum‑related cases.
Additionally, Orr has requested the creation of a dedicated case queue for minimum inquiries, which sales representatives can use when opening cases. These cases will route directly to James Boase for handling.

Due to the need for Salesforce configuration and/or development, this work must be initiated as a formal MIS project and aligned with Finance priorities, as confirmed by Robert.",,srv Jira,,,,712020:fbe734e5-99e6-46ff-b65c-bcc60d1677cc,,,,,,,,,,,,,,,,,,,,,,,,,,,,,,,"Business GoalProvide a clear, efficient, and Finance-aligned way for Sales Representatives to submit minimum-related inquiries in Salesforce and ensure those cases are routed correctly without manual intervention.Customer Need:A clear submission path for minimum-related casesCorrect and consistent routing aligned to Finance ownershipReduced delays and rework caused by manual reassignmentVisibility and reporting on minimum-related inquiriesElimination of manual triage burden on Sales Operations and TAM teamsThis request was raised by Orr and is confirmed as part of Finance priorities by Robert.Solution DetailsThe proposed solution is to enhance the existing Salesforce case intake flow to support minimum-specific case handling. Based on the May 28 discovery discussion, the preferred approach is to piggyback on the existing Sales Operations case process rather than create a new case type or separate submission path. This avoids architectural complexity while achieving the desired routing outcome.At a high level, the solution will:Provide Sales Representatives with a clear method to submit cases related to minimums within the existing Sales Ops case submission flowIntroduce a new initial categorization option (e.g., “Contracted Minimum Inquiry”) within the existing case submission flowAutomatically route minimum-related cases to a dedicated Minimum Inquiries queue, owned by James BoaseKeep the case record type as Sales Ops (consistent with the existing model, similar to CPQ Admin queue escalations)Implementation ApproachThe existing Sales Ops case submission experience is a guided flow (not direct Case object creation). Sales reps access it via a button on the relevant Salesforce record (Opportunity, Account, or Quote). The flow presents context-specific initial categorization options based on the record type selected.Technical DetailsHigh-level technical considerations include:Salesforce Case ConfigurationCase Record Type:No new case record type required. Cases will remain Sales Ops record type, consistent with the existing model.New initial categorization option added to the Sales Ops case submission flow under the 'Account' optionOption label to be confirmed “Contracted Minimum Inquiry” under the 'Initial Categorization' drop-down﻿Routing &amp; AssignmentCreate a new dedicated Minimum Inquiries queue in SalesforceQueue ownership assigned to James BoaseAutomated assignment rule or flow logic to route cases with the new categorization to this queueManual fallback: if a case is misdirected, Sales Ops teams (Angie’s and Hugo’s) and James Boase can manually reassign, consistent with current practiceAutomationDeclarative automation preferred (e.g., Record-Triggered Flow or Assignment Rule)Logic to detect the “Contracted Minimum Inquiry” initial categorization and route to the Minimum Inquiries queueNo manual queue management required by Sales Ops teams for correctly submitted casesReporting &amp; VisibilityCases in the Minimum Inquiries queue will be filterable and reportable independently from standard Sales Ops casesThe Minimum Inquiries queue is expected to be excluded from Sales Ops SLA reporting in the same manner as CPQ Admin queue escalations are currently excludedFinance oversight and prioritization of minimum inquiries supported through queue-based reportingGovernanceConfiguration-first approach; custom development only if required following architectural reviewMust adhere to MIS development and deployment standardsAngie Draper and Hugo Pineda (Sales Ops team leads) to review and sign off on the design before implementation proceedsStakeholdersRequestor: OrrFinance Priority Owner: Jason W.Queue Owner: James BoaseImpacted Teams:FinanceSales OperationsMIS / Salesforce Administration",,,,,,,,,,,,jonathan.jensen,712020:0ccf8b0f-2002-4a3d-bc14-ae34e9bc6d3c,,ApprovalsCFValue{approvals=[]},,,,,,No,,,,,,,,,,,,,Finance,srv Jira,712020:fbe734e5-99e6-46ff-b65c-bcc60d1677cc,,,,,,,,,,,27/Jul/26 5:22 PM,,,,,,,,,,,{},28.0,CX,,,,,,ghx-label-7,,,To Do,,,,,,,,,,,,,,,"Sizing document change:

PS Architecture change:

PS Methodology change:

PS Project plan change:

Data requirement change:

Update PS Tools:

Training Materials:

Communication:

Update PS Sales:

PS Demo:

General Notes:
1. Alpha testing
2. Beta testing
3. Project Risk Mitigation",,,,,,,,,,,,,,,,,,,,,,,,,,,,purple,,,,,,,,,,,,,,,,,,,,,,,,,,,,,,,,,,,,,,,,,,,https://niceincontact.lightning.force.com/a0dUi00000JibKHIAZ,,,,,,,,,,,,,,,,,,1|i0b1z7:,,,No,,,,,,,,,,,,,Jonathan Jensen,,,,,,,,,,,,,,,,,,,,,443424,,,,a0dUi00000JibKHIAZ,,,,,,,,,,,,,,,,,,,,,,,,,,,,,,,,,,,,,,,,,,,,,,,,,,,,,,,,,,,,,,,,,,,,,,,SCOE Operations,,,,,,,,,,,,,,,,,,,,,,,,16.0,,,,10010_*:*_2_*:*_872785763_*|*_10189_*:*_5_*:*_513311639_*|*_10188_*:*_4_*:*_1289733304_*|*_10015_*:*_1_*:*_1328_*|*_10003_*:*_1_*:*_0,,,,,,,,,,,,,,Done,27/Jul/26 5:22 PM
Invoice Bounce Back Email OM Case creation Automation,CXSCOE-6762,832654,Epic,Done,CXSCOE,CXSCOE,software,Devin Jefferies,611cf68ca3e00f00687a04e0,,,P3,Done,,,srv Jira,712020:fbe734e5-99e6-46ff-b65c-bcc60d1677cc,srv Jira,712020:fbe734e5-99e6-46ff-b65c-bcc60d1677cc,22/Dec/25 5:33 PM,18/May/26 5:05 PM,,11/May/26 10:42 PM,,,,14/May/26 12:00 AM,0,,,"Automate a process so when bounce-back email is sent, a Billing case will be created in SF for further handling. 


Sending NICE CXone Invoices via Email
https://niceincontact.lightning.force.com/lightning/r/Knowledge__kav/ka0Ui0000008U7gIAE/view

We would like to automate the process of when bounce-back email is being sent to the mailbox “cadebill_automation”, a case will be created in SFDC for further handling.",,srv Jira,,,,712020:fbe734e5-99e6-46ff-b65c-bcc60d1677cc,,,,,,,,,,,,,,,,,,,,,,,,,,,,,,,"Business Goal: When an Undeliverable Invoice email is received in the cadebill_automation (cadebill_automation@incontact.com) mailbox, automatically create a service request case.Solution Details:When an undeliverable email is received in the cadebill_automation mailbox it will be forwarded to a SF email to case mailbox.Configure a new Email-to-Case to support this request.Case Creation Details when a undeliverable email is forward to the TBD SF to Case mailbox. Case Record Type: Work OrderAccount Name: (Can we get the account name from undeliverable email address to populate this?)Contact Name:  (Can we get the account name from undeliverable email address to populate this?)Subject: Undeliverable Billing Invoice EmailDescription: Body of undeliverable email receivedCase Owner: Order Management QueueCase Type: Cadebill RequestProduct or Service: Account-Address UpdateSub-Product or Service: Bill NotificationPriority: P4Case Origin: EmailEmail Example:https://niceincontact.my.salesforce.com/sfc/p/700000008HFc/a/Ui000005hI23/DADVgFUBWBu9vIXvDNGX26wsCSNgorQJpBWywlJ9XEU",,,,,,,,,,,,jonathan.jensen,712020:0ccf8b0f-2002-4a3d-bc14-ae34e9bc6d3c,,ApprovalsCFValue{approvals=[]},,,,,,No,,,,,,,,,,,,,Finance,Roi Yossefi,6114ec8f8c15ca006feba02a,,,,,,,,,,,18/May/26 5:05 PM,,,,,,,,,,,{},21.0,CX,,,,,,ghx-label-14,,,To Do,,,,,,,,,,,,,,,"Sizing document change:

PS Architecture change:

PS Methodology change:

PS Project plan change:

Data requirement change:

Update PS Tools:

Training Materials:

Communication:

Update PS Sales:

PS Demo:

General Notes:
1. Alpha testing
2. Beta testing
3. Project Risk Mitigation",,,,,,,,,,,,,,,,,,,,,,,,,,,,dark_orange,,,,,,,,,,,,,,,,,,,,,,,,,,,,,,,,,,,,,,,,,,,https://niceincontact.lightning.force.com/a0dUi00000FhqNhIAJ,,,,,,,,,,,,,,,,,,1|i08w0b:,,,No,,,,,,,,,,,,,Jonathan Jensen,,,,,,,,,,,,,,,,,,,,,427590,,,,a0dUi00000FhqNhIAJ,,,,,,,,,,,,,,,,,,,,,,,,,,,,,,,,,,,,,,,,,,,,,,,,,,,,,,,,,,,,,,,,,,,,,,,SCOE Operations,,,,,,,,,,,,,,,,,,,,,,,,13.0,,,,10009_*:*_1_*:*_0_*|*_10010_*:*_3_*:*_1305151405_*|*_10189_*:*_5_*:*_418288929_*|*_10188_*:*_11_*:*_3281247181_*|*_10001_*:*_1_*:*_2422773_*|*_10015_*:*_1_*:*_1575_*|*_10003_*:*_2_*:*_5630080339_*|*_10006_*:*_1_*:*_1193057333,,,,,,,,,,,,,,Done,11/May/26 10:42 PM
Auto-Populate Platform Type and Shipping/Billing Address for New Prospects,CXSCOE-5070,820534,Epic,Done,CXSCOE,CXSCOE,software,Devin Jefferies,611cf68ca3e00f00687a04e0,,,P3,Done,,,srv Jira,712020:fbe734e5-99e6-46ff-b65c-bcc60d1677cc,srv Jira,712020:fbe734e5-99e6-46ff-b65c-bcc60d1677cc,07/Oct/25 5:57 PM,27/Jul/26 4:32 PM,10/Aug/26 1:21 PM,14/Jul/26 3:01 PM,,,,28/May/26 12:00 AM,0,,,"After reviewing the current Auto BU success/failure report, we have determined that the the following two items are causing the majority of BU failing in validation for Production BU's.

1.  Account-&gt; Platform Type not being selected
2.  Account-&gt; Shipping/Billing address not being selected

The business problem we are trying to solve is the fields not being populated on an account when it is sent for BU Automation.

I have met with Katie D. (OM) and Hugo P. (Sales) and outlined the requirements below.",,Jonathan Jensen,srv Jira,,,712020:4c7bb93a-69d9-47b6-bc60-f97d9b955661,712020:fbe734e5-99e6-46ff-b65c-bcc60d1677cc,,,,,,,,,,,,,,,,,,,,,,,,,,,,,,"**UPDATED** 12/9/2025Business Goal: Ensure that the Salesforce Account is populated with the following information at the time of conversion from a Lead to a Prospect or at the time of Prospect Account creation so we have the required fields before it is sent for BU Automation so the Auto BU process does not fail.Account Platform StatusAccount Billing AddressAccount Shipping AddressSolution Details:auto_populate_account_fields_for_auto_bu_v5.docxTechnical Details:Auto-populate the account Platform Type to CXone at the time of Prospect Account creation.If Prospect Account is already created, add validation that requires the account platform to be populated on the Account before you can you can go to stages (2 - Determining Problem / Impact) through (5 - Closed – Won) on the Opportunity. Copy the Parent account Billing and/or Shipping Address information and add it to the Prospect Account at the time of creation. (when applicable)If Prospect Account is already created, add validation that requires the account Billing and/or Shipping Address to be populated on the Account before you can go to stages (2 - Determining Problem / Impact) through (5 - Closed – Won) on the Opportunity. Add validation that requires the account Billing and/or Shipping Address to be populated on the Account on the Quote Submit for Approval flow.Notes:If there is not a Parent Billing/Shipping address to populate these fields, nothing needs to be done. Billing/Shipping address will be collected using #4 above.",,,,,,,,,,,,jonathan.jensen,712020:0ccf8b0f-2002-4a3d-bc14-ae34e9bc6d3c,,ApprovalsCFValue{approvals=[]},,,,,,No,,,,,,,,,,,,,Finance,Katie Dresser,622ba4cfdb58c100687e5414,,,,,,,,,,,27/Jul/26 4:32 PM,,,,,,,,,,,{},5.0,CX,,,,,,ghx-label-6,,,To Do,,,,,,,,,,,,,,,"Sizing document change:

PS Architecture change:

PS Methodology change:

PS Project plan change:

Data requirement change:

Update PS Tools:

Training Materials:

Communication:

Update PS Sales:

PS Demo:

General Notes:
1. Alpha testing
2. Beta testing
3. Project Risk Mitigation",,,,,,,,,,,,,,,,,,,,,,,,,,,,green,,,,,,,,,,,,,,,,,,,,,,,,,,,,,,,,,,,,,,,,,,,https://niceincontact.lightning.force.com/a0dUi00000DIQkYIAX,,,,,,,,,,,,,,,,,,1|i07xsr:,,,No,,,,,,,,,,,,,Jonathan Jensen,,,,,,,,,,,,,,,,,,,,,419530,,,,a0dUi00000DIQkYIAX,,,,,,,,,,,,,,,,,,,,,,,,,,,,,,,,,,,,,,,,,,,,,,,,,,,,,,,,,,,,,,,,S,,,,,,,SCOE Operations,,,,,,,,,,,,,,,,,,,,,,,,13.0,,,2026-07-08 18:41:19.574,10007_*:*_2_*:*_1573445991_*|*_10009_*:*_4_*:*_2337066917_*|*_10011_*:*_16_*:*_4712333327_*|*_10010_*:*_1_*:*_516984434_*|*_10189_*:*_12_*:*_2061744852_*|*_10188_*:*_11_*:*_3747046779_*|*_10001_*:*_3_*:*_1542976161_*|*_10015_*:*_1_*:*_1070_*|*_10003_*:*_2_*:*_4202741629_*|*_10006_*:*_2_*:*_1125649172_*|*_10005_*:*_3_*:*_2320250475,,,08/Jul/26 6:41 PM;712020:4c7bb93a-69d9-47b6-bc60-f97d9b955661;[~accountid:611cf83d41ff95006a8f9db1] we are approved to move turn on the validation now.  ,,,,,,,,,,,Done,14/Jul/26 3:01 PM
SF2CB - Send Outbound Message to Workato when Billing Milestone ACD is added,CXSCOE-3569,811465,Epic,Done,CXSCOE,CXSCOE,software,Devin Jefferies,611cf68ca3e00f00687a04e0,,,P3,Done,,,srv Jira,712020:fbe734e5-99e6-46ff-b65c-bcc60d1677cc,srv Jira,712020:fbe734e5-99e6-46ff-b65c-bcc60d1677cc,18/Aug/25 4:08 PM,19/Nov/25 1:10 PM,,17/Nov/25 4:04 PM,,,,13/Nov/25 12:00 AM,0,,,"As a part of SFDC to Cadebill Automation Project, whenever a Billing Milestone Actual Completion Date is is added in Salesforce, Workato needs to be notified that a date has been added and it can be pulled down to Cadebill.",,srv Jira,,,,712020:fbe734e5-99e6-46ff-b65c-bcc60d1677cc,,,,,,,,,,,,,,,,,,,,,,,,,,,,,,,Business Goal: Workato is notified when the actual completion date is added to a billing milestone so the date can be pulled down to Cadebill so billing can start.Solution Details: 1.Send outbound message to Workato immediately after a date is added to the Billing_Milestones__c.Actual_Completion_Date__c field.Technical Details:1.Message sent to workato url: MIS Team will provide.2.Field to send: MIS Team will provide.,,,,,,,,,,,,jonathan.jensen,712020:0ccf8b0f-2002-4a3d-bc14-ae34e9bc6d3c,,ApprovalsCFValue{approvals=[]},,,,,,No,,,,,,,,,,,,,Finance,robert.gordon,712020:df79a8f6-847c-4b10-a993-274b231e4ebc,,,,,,,,,,,19/Nov/25 1:10 PM,,,,,,,,,,,{},1.0,CX,,,,,,ghx-label-12,,,To Do,,,,,,,,,,,,,,,"Sizing document change:

PS Architecture change:

PS Methodology change:

PS Project plan change:

Data requirement change:

Update PS Tools:

Training Materials:

Communication:

Update PS Sales:

PS Demo:

General Notes:
1. Alpha testing
2. Beta testing
3. Project Risk Mitigation",,,,,,,,,,,,,,,,,,,,,,,,,,,,grey,,,,,,,,,,,,,,,,,,,,,,,,,,,,,,,,,,,,,,,,,,,https://niceincontact.lightning.force.com/a0dUi00000CIlcyIAD,,,,,,,,,,,,,,,,,,1|i074xv:,,,No,,,,,,,,,,,,,Jonathan Jensen,,,,,,,,,,,,,,,,,,,,,414128,,,,a0dUi00000CIlcyIAD,,,,,,,,,,,,,,,,,,,,,,,,,,,,,,,,,,,,,,,,,,,,,,,,,,,,,,,,,,,,,,,,,,,,,,,SCOE Operations,,,,,,,,,,,,,,,,,,,,,,,,3.0,,,,10009_*:*_3_*:*_1310674350_*|*_10010_*:*_1_*:*_77263747_*|*_10189_*:*_2_*:*_86617282_*|*_10001_*:*_3_*:*_2685959648_*|*_10015_*:*_1_*:*_1475_*|*_10003_*:*_1_*:*_186120603_*|*_10006_*:*_2_*:*_1962690340,,,,,,,,,,,,,,Done,17/Nov/25 4:04 PM
SF2CB - Load CPIDs to SFDC PROD #2,CXSCOE-42,791372,Epic,Done,CXSCOE,CXSCOE,software,Devin Jefferies,611cf68ca3e00f00687a04e0,,,,Done,,,srv Jira,712020:fbe734e5-99e6-46ff-b65c-bcc60d1677cc,Rajiv Ranjan,5c233e5a71c9f02df7746418,14/Jul/25 1:52 PM,18/Aug/25 3:42 PM,,30/Jul/25 11:00 PM,,,,,0,CXSCOE_Project_Import,,"As art of the SFDC to Cadebill automation - for amendments we will do a data migration to update the Cadebill CPID to quote lines and subscriptions into the production environment.

Note:  There were CPIDs and Subscriptions missed in the last upload.",,Rajiv Ranjan,,,,5c233e5a71c9f02df7746418,,,,,,,,,,,,,,,,,,,,,,,,,,,,,,,Business Goal:Update Cadebill CPID on quote lines and subscriptions in Production environment.Solution Details:Using the provided file add the corresponding CPID values to existing Quote Lines and Subscriptions in the Production environment.Notes:We will coordinate with Sean again to disable CPQ processes while CPID values are being added.,,,,,,,,,,,,jonathan.jensen,712020:0ccf8b0f-2002-4a3d-bc14-ae34e9bc6d3c,,ApprovalsCFValue{approvals=[]},,,,,,,,,,,,,,,,,,,Finance,robert.gordon,712020:df79a8f6-847c-4b10-a993-274b231e4ebc,,,,,,,,,,,18/Aug/25 3:42 PM,,,,,,,,,,,{},17.0,CX,,,,,,,,,,,,,,,,,,,,,,,,,,,,,,,,,,,,,,,,,,,,,,,,,,,,,,,,,,,,,,,,,,,,,,,,,,,,,,,,,,,,,,,,,,,,,,,https://niceincontact.lightning.force.com/a0dUi00000BOHRCIA5,,,,,,,,,,,,,,,,,,1|i04atn:,,,,,,,,,,,,,,,,Jonathan Jensen,,,,,,,,,,,,,,,,,,,,,409039,,,,a0dUi00000BOHRCIA5,,,,,,,,,,,,,,,,,,,,,,,,,,,,,,,,,,,,,,,,,,,,,,,,,,,,,,,,,,,,,,,,XS,,,,,,,SCOE Operations,,,,,,,,,,,,,,,,,,,,,,,,10.0,,,,10001_*:*_2_*:*_608466832,,,,,,,,,,,,,,Done,30/Jul/25 11:00 PM
Remove Existing Invoice Adjustment Case Fields/Logic,CXSCOE-12936,873352,Epic,Qualified,CXSCOE,CXSCOE,software,Devin Jefferies,611cf68ca3e00f00687a04e0,,,P3,,,,srv Jira,712020:fbe734e5-99e6-46ff-b65c-bcc60d1677cc,srv Jira,712020:fbe734e5-99e6-46ff-b65c-bcc60d1677cc,15/Jul/26 3:44 PM,30/Jul/26 5:12 PM,,,,,,,0,,,"Remove fields/logic in the existing invoice adjustment case (and related credit/adjustment object) can be removed, including downstream rollup logic.",,srv Jira,,,,712020:fbe734e5-99e6-46ff-b65c-bcc60d1677cc,,,,,,,,,,,,,,,,,,,,,,,,,,,,,,,,,,,,,,,,,,,jonathan.jensen,712020:0ccf8b0f-2002-4a3d-bc14-ae34e9bc6d3c,,ApprovalsCFValue{approvals=[]},,,,,,No,,,,,,,,,,,,,Other,srv Jira,712020:fbe734e5-99e6-46ff-b65c-bcc60d1677cc,,,,,,,,,,,,,,,,,,,,,,{},,CX,,,,,,ghx-label-1,,,To Do,,,,,,,,,,,,,,,"Sizing document change:

PS Architecture change:

PS Methodology change:

PS Project plan change:

Data requirement change:

Update PS Tools:

Training Materials:

Communication:

Update PS Sales:

PS Demo:

General Notes:
1. Alpha testing
2. Beta testing
3. Project Risk Mitigation",,,,,,,,,,,,,,,,,,,,,,,,,,,,dark_grey,,,,,,,,,,,,,,,,,,,,,,,,,,,,,,,,,,,,,,,,,,,https://niceincontact.lightning.force.com/a0dUi00000KvQNFIA3,,,,,,,,,,,,,,,,,,1|i0cecb:,,,No,,,,,,,,,,,,,Jonathan Jensen,,,,,,,,,,,,,,,,,,,,,449993,,,,a0dUi00000KvQNFIA3,,,,,,,,,,,,,,,,,,,,,,,,,,,,,,,,,,,,,,,,,,,,,,,,,,,,,,,,,,,,,,,,,,,,,,,SCOE Operations,,,,,,,,,,,,,,,,,,,,,,,,13.0,,,,,,,,,,,,,,,,,,To Do,15/Jul/26 3:44 PM
Case Approval Outbound Message to Workato,CXSCOE-12935,873350,Epic,Qualified,CXSCOE,CXSCOE,software,Devin Jefferies,611cf68ca3e00f00687a04e0,,,P3,,,,srv Jira,712020:fbe734e5-99e6-46ff-b65c-bcc60d1677cc,srv Jira,712020:fbe734e5-99e6-46ff-b65c-bcc60d1677cc,15/Jul/26 3:39 PM,30/Jul/26 5:12 PM,,,,,,,0,,,"Outbound message to Workato when case is approved/rejected

*Will need a field change to trigger this outbound message",,srv Jira,,,,712020:fbe734e5-99e6-46ff-b65c-bcc60d1677cc,,,,,,,,,,,,,,,,,,,,,,,,,,,,,,,,,,,,,,,,,,,jonathan.jensen,712020:0ccf8b0f-2002-4a3d-bc14-ae34e9bc6d3c,,ApprovalsCFValue{approvals=[]},,,,,,No,,,,,,,,,,,,,Other,srv Jira,712020:fbe734e5-99e6-46ff-b65c-bcc60d1677cc,,,,,,,,,,,,,,,,,,,,,,{},,CX,,,,,,ghx-label-5,,,To Do,,,,,,,,,,,,,,,"Sizing document change:

PS Architecture change:

PS Methodology change:

PS Project plan change:

Data requirement change:

Update PS Tools:

Training Materials:

Communication:

Update PS Sales:

PS Demo:

General Notes:
1. Alpha testing
2. Beta testing
3. Project Risk Mitigation",,,,,,,,,,,,,,,,,,,,,,,,,,,,dark_teal,,,,,,,,,,,,,,,,,,,,,,,,,,,,,,,,,,,,,,,,,,,https://niceincontact.lightning.force.com/a0dUi00000KvPB3IAN,,,,,,,,,,,,,,,,,,1|i0cebv:,,,No,,,,,,,,,,,,,Jonathan Jensen,,,,,,,,,,,,,,,,,,,,,449990,,,,a0dUi00000KvPB3IAN,,,,,,,,,,,,,,,,,,,,,,,,,,,,,,,,,,,,,,,,,,,,,,,,,,,,,,,,,,,,,,,,,,,,,,,SCOE Operations,,,,,,,,,,,,,,,,,,,,,,,,14.0,,,,,,,,,,,,,,,,,,To Do,15/Jul/26 3:39 PM
Add New Fields to Salesforce to Support Credit Memo Automation,CXSCOE-12934,873349,Epic,Qualified,CXSCOE,CXSCOE,software,Devin Jefferies,611cf68ca3e00f00687a04e0,,,P3,,,,srv Jira,712020:fbe734e5-99e6-46ff-b65c-bcc60d1677cc,srv Jira,712020:fbe734e5-99e6-46ff-b65c-bcc60d1677cc,15/Jul/26 3:34 PM,30/Jul/26 5:12 PM,,,,,,,0,,,"New fields will need to be added in Salesforce to support the Credit Memo automation between Cadebill and Salesforce

*Once MCL provides API on (8/3) we will know what fields need to be added.",,srv Jira,,,,712020:fbe734e5-99e6-46ff-b65c-bcc60d1677cc,,,,,,,,,,,,,,,,,,,,,,,,,,,,,,,,,,,,,,,,,,,jonathan.jensen,712020:0ccf8b0f-2002-4a3d-bc14-ae34e9bc6d3c,,ApprovalsCFValue{approvals=[]},,,,,,No,,,,,,,,,,,,,Other,srv Jira,712020:fbe734e5-99e6-46ff-b65c-bcc60d1677cc,,,,,,,,,,,,,,,,,,,,,,{},,CX,,,,,,ghx-label-13,,,To Do,,,,,,,,,,,,,,,"Sizing document change:

PS Architecture change:

PS Methodology change:

PS Project plan change:

Data requirement change:

Update PS Tools:

Training Materials:

Communication:

Update PS Sales:

PS Demo:

General Notes:
1. Alpha testing
2. Beta testing
3. Project Risk Mitigation",,,,,,,,,,,,,,,,,,,,,,,,,,,,dark_green,,,,,,,,,,,,,,,,,,,,,,,,,,,,,,,,,,,,,,,,,,,https://niceincontact.lightning.force.com/a0dUi00000KvOZxIAN,,,,,,,,,,,,,,,,,,1|i0cebn:,,,No,,,,,,,,,,,,,Jonathan Jensen,,,,,,,,,,,,,,,,,,,,,449989,,,,a0dUi00000KvOZxIAN,,,,,,,,,,,,,,,,,,,,,,,,,,,,,,,,,,,,,,,,,,,,,,,,,,,,,,,,,,,,,,,,,,,,,,,SCOE Operations,,,,,,,,,,,,,,,,,,,,,,,,15.0,,,,,,,,,,,,,,,,,,To Do,15/Jul/26 3:34 PM
BU rerun button for non-RC Accounts (Customer and Partner Accounts),CXSCOE-1336,799050,Epic,Discovery,CXSCOE,CXSCOE,software,Devin Jefferies,611cf68ca3e00f00687a04e0,,,,,,,srv Jira,712020:fbe734e5-99e6-46ff-b65c-bcc60d1677cc,Rajiv Ranjan,5c233e5a71c9f02df7746418,17/Jul/25 10:46 AM,18/Jun/26 6:09 PM,11/Aug/26 1:16 PM,,,,,07/Aug/25 12:00 AM,0,SCOE_Missing_Epic,,"Order Management needs the ability to rerun an account through the auto BU creation process for all accounts.  This is needed for accounts that fail the process.

*This was done for just RC accounts already in the following projects:

238516 - https://niceincontact.lightning.force.com/lightning/r/Project__c/a0d3n000006LURpAAO/view
262664 - https://niceincontact.lightning.force.com/lightning/r/Project__c/a0d3n000006LvedAAC/view",,Jonathan Jensen,Rajiv Ranjan,,,712020:4c7bb93a-69d9-47b6-bc60-f97d9b955661,5c233e5a71c9f02df7746418,,,,,,,,,,,,,,,,,,,,,,,,,,,,,,"Business Goal:Order Management needs the ability to rerun the autobu process on the account level through the auto BU creation process for customers and partner accounts.  (This was already done for RC accounts and now the business would like the this functionality to be used for customers and partners to use as well.)Solution Details:Add a flow to use the existing  'Reprocess with Auto BU API' button' and add logic to do the following:If it is a 'Ring Central' account, go to current visual force page.If it is not a 'Ring Central' account, go to though the current auto buprocess flow for Customers and Partners.Once the option is used, the logic should push the account to the BU API.Order Mgt and Partner Success SF users can access the option from the SF Account level.",,,,,,,,,,,,jonathan.jensen,712020:0ccf8b0f-2002-4a3d-bc14-ae34e9bc6d3c,,ApprovalsCFValue{approvals=[]},,,,,,,,,,,,,,,,,,,Finance,Katie Dresser,622ba4cfdb58c100687e5414,,,,,,,,,,,,,,,,,,,,,,{},47.0,CX,,,,,,,,,,,,,,,,,,,,,,,,,,,,,,,,,,,,,,,,,,,,,,,,,,,,,,,,,,,,,,,,,,,,,,,,,,,,,,,,,,,,,,,,,,,,,,,https://niceincontact.lightning.force.com/a0dUi000008JbYlIAK,,,,,,,,,,,,,,,,,,1|i05g0j:,,,,,,,,,,,,,,,,Jonathan Jensen,,,,,,,,,,,,,,,,,,,,,394812,,,,a0dUi000008JbYlIAK,,,,,,,,,,,,,,,,,,,,,,,,,,,,,,,,,,,,,,,,,,,,,,,,,,,,,,,,,,,,,,,,S,,,,,,,SCOE Operations,,,,,,,,,,,,,,,,,,,,,,,,15.0,,,2026-06-18 18:09:34.551,,,,18/Jun/26 6:09 PM;712020:4c7bb93a-69d9-47b6-bc60-f97d9b955661;[Comment] JUN 17:  Will confirm with Hugo this can be released next week.,,,,,,,,,,,To Do,17/Jul/25 10:46 AM
TELRC Start Date Exception - Business Rule,IT-35969,881454,Change Request,Open,IT,IT,software,Ronit Shor,6114ed430b454a00688bb433,,,P3,,,,Uri Zernitsky,6114ec5175ad960069a77ba9,Uri Zernitsky,6114ec5175ad960069a77ba9,09/Aug/26 12:54 PM,09/Aug/26 12:54 PM,,,,,,,0,,,"Currently, SKUs with Catalog Type “TELRC” are entered with Start Date of Processing Date.
For the vast majority of SKUs, this is correct.
However, for several SKUs, an exception Business Rule is required
Start Date should be Dummy Future Date {{2099-01-01}}

List of SKUs:

|1016-154|
|1019-207|
|1028-1611|
|1028-171|
|1028-2245|
|1033-000|
|1043-1630|
|1450-1272|
|1450-1271|
|1019-471|
|1021-467|
|1021-468|
|1022-469|
|1022-470|
|1024-000|
|1026-1278|
|1026-1279|
|1026-163|
|1026-764|
|1027-164|
|1027-168|
|1027-200|
|1028-172|
|1039-182|
|1039-183|
|1055-000|",,Uri Zernitsky,,,,6114ec5175ad960069a77ba9,,,,,,,,,,,,,,,,,,,,,,,,,,,,,,,,,,,,,,,,,,,,,,ApprovalsCFValue{approvals=[]},,,,,,No,,,,,,,,,,,,,Billing,Orr Rachlevsky,63db8d66790148a18094867c,,,,,,,,,,,,,,,,,,,,,,{},,CX,,,,,,,,,,,,,,,,,,,,,,,,"Sizing document change:

PS Architecture change:

PS Methodology change:

PS Project plan change:

Data requirement change:

Update PS Tools:

Training Materials:

Communication:

Update PS Sales:

PS Demo:

General Notes:
1. Alpha testing
2. Beta testing
3. Project Risk Mitigation",FALSE,,,,,,,,,,,,,,,,,,,,,,,,,,,,,,,,,,,,,,Cadebill,,,,,,,,,,,,,,,,,,,,,,,,,,,New,,,,,,,,,,,,,,,,,,,,,,,1|i0cwbf:,,,No,,,,,,,,,,,,,Orr Rachlevsky,,,,,,,,,,,,,,,,,,,,,,,,,,,,,,,,,,,,,,,,,,,,,,,,,,,,,,,,,,,,,,,,,,,,,,,,,,,,,,,,,,,,,,,,,,,,,,,,Billing,,,,,,,,,,,,,,,,,,,,,,,,,,,,,,,,,,,,,,,,,,To Do,09/Aug/26 12:54 PM
Establish automatic feed of FX rates from Workday to Cadebill,IT-35678,877272,Change Request,Open,IT,IT,software,Ronit Shor,6114ed430b454a00688bb433,,,P3,,,,Uri Zernitsky,6114ec5175ad960069a77ba9,Uri Zernitsky,6114ec5175ad960069a77ba9,28/Jul/26 2:14 PM,28/Jul/26 2:14 PM,11/Aug/26 3:27 PM,,,,,,0,,,Doug wants automatic feed of FX rates from Workday to Cadebill.,,Uri Zernitsky,,,,6114ec5175ad960069a77ba9,,,,,,,,,,,,,,,,,,,,,,,,,,,,,,,,,,,,,,,,,,,,,,ApprovalsCFValue{approvals=[]},,,,,,No,,,,,,,,,,,,,Billing,Orr Rachlevsky,63db8d66790148a18094867c,,,,,,,,,,,,,,,,,,,,,,{},,CX,,,,,,,,,,,,,,,,,,,,,,,,"Sizing document change:

PS Architecture change:

PS Methodology change:

PS Project plan change:

Data requirement change:

Update PS Tools:

Training Materials:

Communication:

Update PS Sales:

PS Demo:

General Notes:
1. Alpha testing
2. Beta testing
3. Project Risk Mitigation",FALSE,,,,,,,,,,,,,,,,,,,,,,,,,,,,,,,,,,,,,,Cadebill,,,,,,,,,,,,,,,,,,,,,,,,,,,New,,,,,,,,,,,,,,,,,,,,,,,1|i0cmwb:,,,No,,,,,,,,,,,,,Orr Rachlevsky,,,,,,,,,,,,,,,,,,,,,,,,,,,,,,,,,,,,,,,,,,,,,,,,,,,,,,,,,,,,,,,,,,,,,,,,,,,,,,,,,,,,,,,,,,,,,,,,Billing,,,,,,,,,,,,,,,,,,,,,,,,,,,,,,,,,,,,,,,,,,To Do,28/Jul/26 2:14 PM
Update invoice structure,IT-35605,876456,Change Request,Open,IT,IT,software,Ronit Shor,6114ed430b454a00688bb433,,,P3,,,,Uri Zernitsky,6114ec5175ad960069a77ba9,Uri Zernitsky,6114ec5175ad960069a77ba9,26/Jul/26 12:26 PM,28/Jul/26 5:32 AM,,,,,,,0,,," 

# With the proliferation of SKUs, our invoices became impossible to read
# The first priority is that lines with zero quantity won’t appear on that month invoice (they might appear on next month invoice if usage is generated…)
# I want to discuss first internally if there are other side effects:
## Usage feed total miss won’t be evident on the invoice
## TAMs won’t see on the invoice products customer does not use
## Customer might be surprised once charges are generated
## Internal reporting (how many customers have my SKU…)",,Eitan Fireberg,Uri Zernitsky,,,621f1c4f94f7e20069fdd50c,6114ec5175ad960069a77ba9,,,,,,,,,,,,,,,,,,,,,26/Jul/26 12:26 PM;ug:1ce7593e-dd0a-4d94-af42-0ed39b158415;Re Requirements came from Doug.msg;https://nice-it.atlassian.net/rest/api/3/attachment/content/199634,,,,,,,,,,,,,,,,,,,,,,,,ApprovalsCFValue{approvals=[]},,,,,,No,,,,,,,,,,,,,Billing,Orr Rachlevsky,63db8d66790148a18094867c,,,,,,,,,,,,,,,,,,,,,,{},,CX,,,,,,,,,,,,,,,,,,,,,,,,"Sizing document change:

PS Architecture change:

PS Methodology change:

PS Project plan change:

Data requirement change:

Update PS Tools:

Training Materials:

Communication:

Update PS Sales:

PS Demo:

General Notes:
1. Alpha testing
2. Beta testing
3. Project Risk Mitigation",FALSE,,,,,,,,,,,,,,,,,,,,,,,,,,,,,,,,,,,,,,Cadebill,,,,,,,,,,,,,,,,,,,,,,,,,,,New,,,,,,,,,,,,,,,,,,,,,,,1|i0cksj:,,,No,,,,,,,,,,,,,Orr Rachlevsky,,,,,,,,,,,,,,,,,,,,,,,,,,,,,,,,,,,,,,,,,,,,,,,,,,,,,,,,,,,,,,,,,,,,,,,,,,,,,,,,,,,,,,,,,,,,,,,,Billing,,,,,,,,,,,,,,,,,,,,,,,,,,,2026-07-28 05:32:30.948,,,,28/Jul/26 5:32 AM;621f1c4f94f7e20069fdd50c;please finalize requirements and have a document ready after discussing all implications. ,,,,,,,,,,,To Do,26/Jul/26 12:26 PM
Define logic to exclude specified child SKUs from Cadebill transfer,IT-35536,875309,Change Request,Open,IT,IT,software,Ronit Shor,6114ed430b454a00688bb433,,,P3,,Meital Rashti,70121:33c9c08c-01ca-4a34-ac93-994a2946b894,Meital Rashti,70121:33c9c08c-01ca-4a34-ac93-994a2946b894,Meital Rashti,70121:33c9c08c-01ca-4a34-ac93-994a2946b894,22/Jul/26 4:48 AM,22/Jul/26 4:55 AM,10/Aug/26 3:56 PM,,,,,,0,SFDC_Automation_to_Cadebill,,"We don't bill these SKUs at the bundle level, so we could create an exception for them.

Only the parent will be transferred for these packages

* Campaign or RatePlans not defined for product SKU: 12621-375
* Campaign or RatePlans not defined for product SKU: 12620-378",,Meital Rashti,,,,70121:33c9c08c-01ca-4a34-ac93-994a2946b894,,,,,,,,,,,,,,,,,,,,,,,,,,,,,,,,,,,,,,,,,,,,,,ApprovalsCFValue{approvals=[]},,,,,,No,,,,,,,,,,,,,Billing,Meital Rashti,70121:33c9c08c-01ca-4a34-ac93-994a2946b894,,,,,,,,,,,,,,,,,,,,,,{},,,,,,,,,,,,,,,,,,,,,,,,,,"Sizing document change:

PS Architecture change:

PS Methodology change:

PS Project plan change:

Data requirement change:

Update PS Tools:

Training Materials:

Communication:

Update PS Sales:

PS Demo:

General Notes:
1. Alpha testing
2. Beta testing
3. Project Risk Mitigation",FALSE,,,,,,,,,,,,,,,,,,,,,,,,,,,,,,,,,,,,,,Cadebill,,,,,,,,,,,,,,,,,,,,,,,,,,,New,,,,,,,,,,,,,,,,,,,,,,,1|i0citf:,,,No,,,,,,,,,,,,,Meital Rashti,,,,,,,,,,,,,,,,,,,,,,,,,,,,,,,,,,,,,,,,,,,,,,,,,,,,,,,,,,,,,,,,,,,,,,,,,,,,,,,,,,,,,,,,,,,,,,,,Billing,,,,,,,,,,,,,,,,,,,,,,,,,,,,,,,,,,,,,,,,,,To Do,22/Jul/26 4:48 AM
In Marketplace invoice change order of amounts,IT-35491,874923,Change Request,Open,IT,IT,software,Ronit Shor,6114ed430b454a00688bb433,,,P3,,Eitan Fireberg,621f1c4f94f7e20069fdd50c,Eitan Fireberg,621f1c4f94f7e20069fdd50c,Eitan Fireberg,621f1c4f94f7e20069fdd50c,21/Jul/26 12:29 PM,10/Aug/26 3:24 PM,11/Aug/26 3:21 PM,,August 2026,,,,0,,,In Marketplace invoice show current amount to be paid below the transferred amount and will be net (without the transferred amount).,,Eitan Fireberg,,,,621f1c4f94f7e20069fdd50c,,,,,,,,,,,,,,,,,,,,,,,,,,,,,,,,,,,,,,,,,,,,,,ApprovalsCFValue{approvals=[]},,,,,,No,,,,,,,,,,,,,Billing,Jason Williams,5b32a2c69049987392f67ac6,,,,,,,,,,,,,,,,,,,,,,{},,CX,,,,,,,,,,,,,,,,,,,,,,,,"Sizing document change:

PS Architecture change:

PS Methodology change:

PS Project plan change:

Data requirement change:

Update PS Tools:

Training Materials:

Communication:

Update PS Sales:

PS Demo:

General Notes:
1. Alpha testing
2. Beta testing
3. Project Risk Mitigation",FALSE,,,,,,,,,,,,,,,,,Cadebill,,,,,,,,,,,,,,,,,,,,,Cadebill,,,,,,,,,,,,,,,,,,,,,,,,,,,New,,,,,,,,,,,,,,,,,,,,,,,1|i0ci4j:,,,No,,,,,,,,,,,,,Doug Pillar,,,,,,,,,,,,,,,,,,,,,,,,,,,,,,,,,IT S68 (27 Jul - 10 Aug 2026),IT S69 (10 Aug - 24 Aug 2026),,,,,,,,,,,,,,,,,,,,,,,,,,,,,,,,,,,,,,,,,,,,,,,,,,,,,,,,,,,,,,Billing,,,,,,,,,,,,,,,,,,,,,,,,,,,,,,,,,,,,,,,,,,To Do,21/Jul/26 12:29 PM
Cadebill Invoicing Report- Naming and SharePoint Automation,IT-34966,870535,Change Request,Open,IT,IT,software,Ronit Shor,6114ed430b454a00688bb433,,,P3,,Pravin Hinge,6114ecb2c51f3a00696cfed8,Uri Zernitsky,6114ec5175ad960069a77ba9,Uri Zernitsky,6114ec5175ad960069a77ba9,08/Jul/26 7:08 PM,09/Jul/26 6:53 AM,,,,,,,0,,,"Similar parameters that we had requested for -""NICE_INVOICE_NOT_PRINTED_REP.xls""  We need the *Cadebill* Invoicing report to automatically generate each day and upload +automatically+ to the Documents section in SharePoint ""OracleCB Reports"" ([link|https://niceonline.sharepoint.com/teams/OracleCBReports/Shared%20Documents/Forms/AllItems.aspx?FilterFields1=DocIcon&FilterValues1=csv%3B%23ods%3B%23xla%3B%23xlam%3B%23xll%3B%23xls%3B%23xlsb%3B%23xlsm%3B%23xlsx%3B%23xlt%3B%23xltm%3B%23xltx&FilterTypes1=Computed&viewid=1f101aff%2D904b%2D470b%2D834e%2Db96b5de44355]) with a daily changing naming mechanism. 

|Once the necessary development is completed for drawing the Cadebill Report to an Excel file report:
 
# *Cadebill Report Naming Convention*
We need the report naming structure to be adjusted to the format below, and for this naming to automatically apply to the Oracle report uploads (similar to our request for the Oracle report)
Cadebill_Invoices_Report_[MM]_[DD]_[YYYY]
Examples:
·                  Report generated on July 8, 2026 → Cadebill_Invoices_Report_07_08_2026.xlsx
·                  Report generated on July 9, 2026 → Cadebill_Invoices_Report_07_09_2026.xlsx
 
# *Automatic Upload to SharePoint*
Need to generate the report from Cadebill with automation: The Cadebill report needs to be sent to Roi Yossefi and Stav Yativ via email AND +automatically+ uploaded daily, upon creation of the daily report, to the _Documents_ section of the *SharePoint folder* named *""OracleCB Reports""* that I previously created.  (similar to our request for the Oracle report)|",,Uri Zernitsky,,,,6114ec5175ad960069a77ba9,,,,,,,,,,,,,,,,,,,,,,,,,,,,,,,,,,,,,,,,,,,,,,ApprovalsCFValue{approvals=[]},,,,,,No,,,,,,,,,,,,,Billing,Roi Yossefi,6114ec8f8c15ca006feba02a,,,,,,,,,,,,,,,,,,,,,,{},,CX,,,,,,,,,,,,,,,,,,,,,,,,"Sizing document change:

PS Architecture change:

PS Methodology change:

PS Project plan change:

Data requirement change:

Update PS Tools:

Training Materials:

Communication:

Update PS Sales:

PS Demo:

General Notes:
1. Alpha testing
2. Beta testing
3. Project Risk Mitigation",FALSE,,,,,,,,,,,,,,,,,,,,,,,,,,,,,,,,,,,,,,Cadebill,,,,,,,,,,,,,,,,,,,,,,,,,,,New,,,,,,,,,,,,,,,,,,,,,,,1|i0c5cz:,,,No,,,,,,,,,,,,,Stav Yativ,,,,,,,,,,,,,,,,,,,,,,,,,,,,,,,,,,,,,,,,,,,,,,,,,,,,,,,,,,,,,,,,,,,,,,,,,,,,,,,,,,,,,,,,,,,,,,,,Billing,,,,,,,,,,,,,,,,,,,,,,,,,,,,,,,,,,,,,,,,,,To Do,08/Jul/26 7:08 PM
Billing Cycle Bottlenecks and Duration Improvement,IT-33590,858424,Change Request,Open,IT,IT,software,Ronit Shor,6114ed430b454a00688bb433,,,P3,,Eitan Fireberg,621f1c4f94f7e20069fdd50c,Eitan Fireberg,621f1c4f94f7e20069fdd50c,Eitan Fireberg,621f1c4f94f7e20069fdd50c,07/May/26 4:50 AM,07/May/26 4:50 AM,,,July 2025,,,,0,,,*Billing Cycle Bottlenecks and Duration Improvement*,,Eitan Fireberg,,,,621f1c4f94f7e20069fdd50c,,,,,,,,,,,,,,,,,,,,,,,,,,,,,,,,,,,,,,,,,,,,,,ApprovalsCFValue{approvals=[]},,,,,,No,,,,,,,,,,,,,Billing,Roi Yossefi,6114ec8f8c15ca006feba02a,,,,,,,,,,,,,,,,,,,,,,{},,CX,,,,,,,,,,,,,,,,,,,,,,,,"Sizing document change:

PS Architecture change:

PS Methodology change:

PS Project plan change:

Data requirement change:

Update PS Tools:

Training Materials:

Communication:

Update PS Sales:

PS Demo:

General Notes:
1. Alpha testing
2. Beta testing
3. Project Risk Mitigation",FALSE,,,,,,,,,,,,,,,,,Cadebill,,,,,,,,,,,,,,,,,,,,,Cadebill,,,,,,,,,,,,,,,,,,,,,,,,,,,New,,,,,,,,,,,,,,,,,,,,,,,1|i0b0zn:,,,No,,,,,,,,,,,,,Jason Williams,,,,,,,,,,,,,,,,,,,,,,,,,,,,,,,,,,,,,,,,,,,,,,,,,,,,,,,,,,,,,,,,,,,,,,,,,,,,,,,,,,,,,,,,,,,,,,,,Billing,,,,,,,,,,,,,,,,,,,,,,,,,,,,,,,,,,,,,,,,,,To Do,07/May/26 4:50 AM
Create new (Usage/MRC) product in Cadebill,IT-32797,851726,Change Request,Open,IT,IT,software,Ronit Shor,6114ed430b454a00688bb433,,,P3,,,,Meital Rashti,70121:33c9c08c-01ca-4a34-ac93-994a2946b894,Meital Rashti,70121:33c9c08c-01ca-4a34-ac93-994a2946b894,26/Mar/26 9:37 AM,26/Mar/26 9:37 AM,,,,,,,0,,,"*Phase 2* - +Create new (Usage/MRC) product in Cadebill+

* New product (Usage/MRC)
* Provider
* Rate 
* Product Segment",,Meital Rashti,,,,70121:33c9c08c-01ca-4a34-ac93-994a2946b894,,,,,,,,,,,,,,,,,,,,,,,,,,,,,,,,,,,,,,,,,,,,,,ApprovalsCFValue{approvals=[]},,,,,,No,,,,,,,,,,,,,Billing,Meital Rashti,70121:33c9c08c-01ca-4a34-ac93-994a2946b894,,,,,,,,,,,,,,,,,,,,,,{},,,,,,,,,,,,,,,,,,,,,,,,,,"Sizing document change:

PS Architecture change:

PS Methodology change:

PS Project plan change:

Data requirement change:

Update PS Tools:

Training Materials:

Communication:

Update PS Sales:

PS Demo:

General Notes:
1. Alpha testing
2. Beta testing
3. Project Risk Mitigation",FALSE,,,,,,,,,,,,,,,,,,,,,,,,,,,,,,,,,,,,,,Cadebill,,,,,,,,,,,,,,,,,,,,,,,,,,,New,,,,,,,,,,,,,,,,,,,,,,,1|i0adc3:,,,No,,,,,,,,,,,,,Meital Rashti,,,,,,,,,,,,,,,,,,,,,,,,,,,,,,,,,,,,,,,,,,,,,,,,,,,,,,,,,,,,,,,,,,,,,,,,,,,,,,,,,,,,,,,,,,,,,,,,Billing,,,,,,,,,,,,,,,,,,,,,,,,,,,,,,,,,,,,,,,789683,IT-26708,Automatic Cadebill SKU Creation,To Do,26/Mar/26 9:37 AM
Demo Defect,IT-31942,844522,Bug,Open,IT,IT,software,Ronit Shor,6114ed430b454a00688bb433,,,P3,,,,Ajinkya Jawanjal,712020:852f441b-a0c8-46c8-8fde-f79fe6a35723,Ajinkya Jawanjal,712020:852f441b-a0c8-46c8-8fde-f79fe6a35723,17/Feb/26 2:31 PM,10/Aug/26 3:23 PM,,,,,AI,,0,,,"||Action||Data||Expected Result||Actual Result||
|TC-01: Execute automation test where tiered line item has tier_type not defined (null/empty)|Line item: tiered; tier_type: null; Other fields: valid|Test execution fails with specific error code for undefined tier_type and displays clear, informative error message as per specification.|Test execution fails with specific error code for undefined tier_type and displays clear, informative error message as per specification.|
|TC-02: Execute automation test where tiered line item has tier_type field missing from payload/schema|Line item: tiered; tier_type: missing attribute; Other fields: valid|System identifies undefined tier_type, returns the same specific error code and clear, informative error message as when tier_type is null/empty.|Not working.|",,Ajinkya Jawanjal,,,,712020:852f441b-a0c8-46c8-8fde-f79fe6a35723,,,,,,,,,,,,,IT-31937,IT-31938,,,,,,,,,,,,,,,,,,,,,,,,,,,,,,,,ApprovalsCFValue{approvals=[]},,,,,,No,,,,,,,,,,,Internal,General,Billing,Ajinkya Jawanjal,712020:852f441b-a0c8-46c8-8fde-f79fe6a35723,,,,,,,,,,,,,,,,,,,,,,{},,,,,,,,,,,,,,,,,,,,,,,,,,"Sizing document change:

PS Architecture change:

PS Methodology change:

PS Project plan change:

Data requirement change:

Update PS Tools:

Training Materials:

Communication:

Update PS Sales:

PS Demo:

General Notes:
1. Alpha testing
2. Beta testing
3. Project Risk Mitigation",,,,,,,,,,,,,,,,,,,,,,,,,,,,,,,,,,,,,,,Cadebill,,,,,,,,,,,,,,,,,,,,,,,,,,,New,,,,,,,,,,,,,,,,,,,,,,,1|i09shv:,,,No,,,,,,,,,,,,,Ajinkya,,,,,,,,,,,,,,,,,,,,,,,,,,,,,Medium,,,,IT S56 (9 Feb - 23 Feb 2026),IT S57 (23 Feb - 9 Mar 2026),IT S58 (9 Mar - 23 Mar 2026),IT S59 (23 Mar - 6 Apr 2026),IT S60 (6 Apr - 20 Apr 2026),IT S61 (20 Apr - 4 May 2026),IT S62 (4 May - 18 May 2026),IT S63 (18 May - 1 Jun 2026),IT S64 (1 Jun - 15 Jun 2026),IT S65 (15 Jun - 29 Jun 2026),IT S66 (29 Jun - 13 Jul 2026),IT S67 (13 Jul - 27 Jul 2026),IT S68 (27 Jul - 10 Aug 2026),IT S69 (10 Aug - 24 Aug 2026),,,,,,,,,,,,,,,,,,,,,,,,,,,,,,,,,,,STR,,,,,,,,,,,,,,,Billing,,,,,,,,,,,,,,,,,,,,,,,,,,,,,,,,,,,,,,,,,,To Do,17/Feb/26 2:31 PM
Automation -  Cannot insert duplicate key row in object 'Customers.customer_property_values' with unique index 'idx_customer_property_values,IT-31292,837368,Change Request,Open,IT,IT,software,Ronit Shor,6114ed430b454a00688bb433,,,P2,,Meital Rashti,70121:33c9c08c-01ca-4a34-ac93-994a2946b894,Meital Rashti,70121:33c9c08c-01ca-4a34-ac93-994a2946b894,Meital Rashti,70121:33c9c08c-01ca-4a34-ac93-994a2946b894,22/Jan/26 6:01 AM,22/Jan/26 7:38 AM,11/Aug/26 3:17 PM,,,,,,0,,,"For example:

Opp#359896

SKU 1506-2066 exists in BU#4601776.

Now an amend request is sent that has +2 line items for 1506-2066+. One line item says update the quantity to 0 and the other line items says add a new instance again with new quantity and rate.

 

In amendment we identify the CPIDs for the line items sent in the request. In this case, same CPID 514025 is identified for both the line items which is causing this error.

 

+*Ideally, it should identify CPID only for the line item where quantity =0 and for other line item CPID should be null which will then be treated as new product.*+

 

Since amend request can also have new line items we need some more parameters (apart from CPID) to identify if an SKU exists or not.

 ",,Meital Rashti,,,,70121:33c9c08c-01ca-4a34-ac93-994a2946b894,,,,,,,,,,,,,,,,,,,,,,,,,,,,,,,,,,,,,,,,,,,,,,ApprovalsCFValue{approvals=[]},,,,,,No,,,,,,,,,,,,,Billing,Meital Rashti,70121:33c9c08c-01ca-4a34-ac93-994a2946b894,,,,,,,,,,,,,,,,,,,,,,{},,,,,,,,,,,,,,,,,,,,,,,,,,"Sizing document change:

PS Architecture change:

PS Methodology change:

PS Project plan change:

Data requirement change:

Update PS Tools:

Training Materials:

Communication:

Update PS Sales:

PS Demo:

General Notes:
1. Alpha testing
2. Beta testing
3. Project Risk Mitigation",FALSE,,,,,,,,,,,,,,,,,Cadebill,,,,,,,,,,,,,,,,,,,,,Cadebill,,,,,,,,,,,,,,,,,,,,,,,,,,,New,,,,,,,,,,,,,,,,,,,,,,,1|i09aqj:,,,No,,,,,,,,,,,,,Meital Rashti,,,,,,,,,,,,,,,,,,,,,,,,,,,,,,,,,,,,,,,,,,,,,,,,,,,,,,,,,,,,,,,,,,,,,,,,,,,,,,,,,,,,,,,,,,,,,,,,Billing,,,,,,,,,,,,,,,,,,,,,,,,,,,,,,,"22/Jan/26 7:38 AM;70121:33c9c08c-01ca-4a34-ac93-994a2946b894;Swati’s comments:

What is the best way to solve this issue and cover all scenarios? -- *Can we have one more identifier apart from CPID to identify if an SKU is existing/NOT? I believe this will solve this issue.*

Are there more scenarios besides +product removal + add same SKU with different quantity+? – *Yes, Rate change*",,,,,,,,,,,To Do,22/Jan/26 6:01 AM
Automatic Case for TAX Certificates that about to expire,IT-30747,834917,Change Request,Open,IT,IT,software,Ronit Shor,6114ed430b454a00688bb433,,,P3,,Eitan Fireberg,621f1c4f94f7e20069fdd50c,Uri Zernitsky,6114ec5175ad960069a77ba9,Uri Zernitsky,6114ec5175ad960069a77ba9,06/Jan/26 12:47 PM,06/May/26 11:13 AM,,,,,,,0,,,"We would like to automate notifications on TAX Certificates that are about to expire.

In Cadebill there’s the list of customers certificates with the “End effective date” column (as below), we would like a case to be created and assigned to Christine Rowley once a certificate date is one month before expiration. In that way Christine will be able to reach out the relevant TAM and ask for an updated certificate before it will be expired.",,Eitan Fireberg,Uri Zernitsky,,,621f1c4f94f7e20069fdd50c,6114ec5175ad960069a77ba9,,,,,,,,,,,,,,,,,,,,,29/Apr/26 12:38 PM;ug:1ce7593e-dd0a-4d94-af42-0ed39b158415;Automatic Case for TAX Certificates that about to expire.docx;https://nice-it.atlassian.net/rest/api/3/attachment/content/184484,,,,,,,,,,,,,,,,,,,,,,,,ApprovalsCFValue{approvals=[]},,,,,,No,,,,,,,,,,,,,OM & Delivery,Roi Yossefi,6114ec8f8c15ca006feba02a,,,,,,,,,,,,,,,,,,,,,,{},,CX,,,,,,,,,,,,,,,,,,,,,,,,"Sizing document change:

PS Architecture change:

PS Methodology change:

PS Project plan change:

Data requirement change:

Update PS Tools:

Training Materials:

Communication:

Update PS Sales:

PS Demo:

General Notes:
1. Alpha testing
2. Beta testing
3. Project Risk Mitigation",FALSE,,,,,,,,,,,,,,,,,,,,,,,,,,,,,,,,,,,,,,Cadebill,,,,,,,,,,,,,,,,,,,,,,,,,,,New,,,,,,,,,,,,,,,,,,,,,,,1|i092n7:,,,No,,,,,,,,,,,,,Michal Mugerman,,,,,,,,,,,,,,,,,,,,,,,,,,,,,,,,,,,,,,,,,,,,,,,,,,,,,,,,,,,,,,,,,,,,,,,,,,,,,,,,,,,,,,,,,,,,,,,,Billing,,,,,,,,,,,,,,,,,,,,,,,,,,,2026-05-06 11:13:02.135,,,,"06/May/26 11:13 AM;621f1c4f94f7e20069fdd50c;[~accountid:6114ec5175ad960069a77ba9] we need to know exactly the report/table/menu you show in the print scree, MCL can’t know from the info you provided",,,,,,,,,,,To Do,06/Jan/26 12:47 PM
Customers Without Assigned Billing Cycle in Cadebill Alert Report,IT-30267,831783,Change Request,Open,IT,IT,software,Ronit Shor,6114ed430b454a00688bb433,,,P3,,Jonathan Jensen,712020:4c7bb93a-69d9-47b6-bc60-f97d9b955661,Eitan Fireberg,621f1c4f94f7e20069fdd50c,Eitan Fireberg,621f1c4f94f7e20069fdd50c,14/Dec/25 3:26 AM,10/Aug/26 3:23 PM,,,February 2026,,,,0,,,"Customers Without Assigned Billing Cycle in Cadebill Report

Send to

Lara Ebal

Kattie Dresser

Stav Yativ

Roi Yossefi

Orr Rachlevski

Kim Cohen

Michal Iriizary

BACS",,,,,,,,,,,,,,,,,,,,,,,,,,,,,,,,,,,,,,,,,,,,,,,,,,,,ApprovalsCFValue{approvals=[]},,,,,,No,,,,,,,,,,,,,Billing,Roi Yossefi,6114ec8f8c15ca006feba02a,,,,,,,,,,,,,,,,,,,,,,{},,CX,,,,,,,,,,,,,,,,,,,,,,,,"Sizing document change:

PS Architecture change:

PS Methodology change:

PS Project plan change:

Data requirement change:

Update PS Tools:

Training Materials:

Communication:

Update PS Sales:

PS Demo:

General Notes:
1. Alpha testing
2. Beta testing
3. Project Risk Mitigation",FALSE,,,,,,,,,,,,,,,,,Cadebill,,,,,,,,,,,,,,,,,,,,,Cadebill,,,,,,,,,,,,,,,,,,,,,,,,,,,New,,,,,,,,,,,,,,,,,,,,,,,1|i08tn7:,,,No,,,,,,,,,,,,,Orr Rachlevsky,,,,,,,,,,,,,,,,,,,,,,,,,,,,,,,,,IT S51 (1 Dec - 15 Dec 2025),IT S52 (15 Dec - 29 Dec 2025),IT S53 (29 Dec - 12 Jan 2026),IT S54 (12 Jan - 26 Jan 2026),IT S55 (26 Jan - 9 Feb 2026),IT S56 (9 Feb - 23 Feb 2026),IT S57 (23 Feb - 9 Mar 2026),IT S58 (9 Mar - 23 Mar 2026),IT S59 (23 Mar - 6 Apr 2026),IT S60 (6 Apr - 20 Apr 2026),IT S61 (20 Apr - 4 May 2026),IT S62 (4 May - 18 May 2026),IT S63 (18 May - 1 Jun 2026),IT S64 (1 Jun - 15 Jun 2026),IT S65 (15 Jun - 29 Jun 2026),IT S66 (29 Jun - 13 Jul 2026),IT S67 (13 Jul - 27 Jul 2026),IT S68 (27 Jul - 10 Aug 2026),IT S69 (10 Aug - 24 Aug 2026),,,,,,,,,,,,,,,,,,,,,,,,,,,,,,,,,,,,,,,,,,,,,Billing,,,,,,,,,,,,,,,,,,,,,,,,,,,,,,,,,,,,,,,,,,To Do,14/Dec/25 3:26 AM
Receive an alert for every SKU change in production,IT-29620,825959,Change Request,Open,IT,IT,software,Ronit Shor,6114ed430b454a00688bb433,,,P3,,,,Meital Rashti,70121:33c9c08c-01ca-4a34-ac93-994a2946b894,Meital Rashti,70121:33c9c08c-01ca-4a34-ac93-994a2946b894,13/Nov/25 12:34 PM,10/Aug/26 3:23 PM,,,,,,,0,,,"*We would like to know (if possible) if any changes were made to a SKU attribute after its initial creation. For example, the issue we had two weeks ago were the “reporting” checkbox was marked by someone, but we don’t know who and when.*",,Meital Rashti,,,,70121:33c9c08c-01ca-4a34-ac93-994a2946b894,,,,,,,,,,,,,,,,,,,,,,,,,,,,,,,,,,,,,,,,,,,,,,ApprovalsCFValue{approvals=[]},,,,,,No,,,,,,,,,,,,,Billing,Meital Rashti,70121:33c9c08c-01ca-4a34-ac93-994a2946b894,,,,,,,,,,,,,,,,,,,,,,{},,,,,,,,,,,,,,,,,,,,,,,,,,"Sizing document change:

PS Architecture change:

PS Methodology change:

PS Project plan change:

Data requirement change:

Update PS Tools:

Training Materials:

Communication:

Update PS Sales:

PS Demo:

General Notes:
1. Alpha testing
2. Beta testing
3. Project Risk Mitigation",FALSE,,,,,,,,,,,,,,,,,,,,,,,,,,,,,,,,,,,,,,Cadebill,,,,,,,,,,,,,,,,,,,,,,,,,,,New,,,,,,,,,,,,,,,,,,,,,,,1|i08e83:,,,No,,,,,,,,,,,,,Meital Rashti,,,,,,,,,,,,,,,,,,,,,,,,,,,,,,,,,IT S50 (17 Nov - 1 Dec 2025),IT S51 (1 Dec - 15 Dec 2025),IT S52 (15 Dec - 29 Dec 2025),IT S53 (29 Dec - 12 Jan 2026),IT S54 (12 Jan - 26 Jan 2026),IT S55 (26 Jan - 9 Feb 2026),IT S56 (9 Feb - 23 Feb 2026),IT S57 (23 Feb - 9 Mar 2026),IT S58 (9 Mar - 23 Mar 2026),IT S59 (23 Mar - 6 Apr 2026),IT S60 (6 Apr - 20 Apr 2026),IT S61 (20 Apr - 4 May 2026),IT S62 (4 May - 18 May 2026),IT S63 (18 May - 1 Jun 2026),IT S64 (1 Jun - 15 Jun 2026),IT S65 (15 Jun - 29 Jun 2026),IT S66 (29 Jun - 13 Jul 2026),IT S67 (13 Jul - 27 Jul 2026),IT S68 (27 Jul - 10 Aug 2026),IT S69 (10 Aug - 24 Aug 2026),,,,,,,,,,,,,,,,,,,,,,,,,,,,,,,,,,,,,,,,,,,,Billing,,,,,,,,,,,,,,,,,,,,,,,,,,,,,,,,,,,,,,,,,,To Do,13/Nov/25 12:34 PM
"present FOC benefit on customer invoice (Active Storage, Ports, other,..)",IT-29257,824134,Change Request,Open,IT,IT,software,Ronit Shor,6114ed430b454a00688bb433,,,P3,,Eitan Fireberg,621f1c4f94f7e20069fdd50c,Eitan Fireberg,621f1c4f94f7e20069fdd50c,Eitan Fireberg,621f1c4f94f7e20069fdd50c,29/Oct/25 3:57 PM,10/Aug/26 3:23 PM,,,December 2025,,,,0,,,"# Getting inputs from stakeholders (Platform, CPQ, Customer Success, Billing)
# Assessing risks (another source for dispute, duplications, source of truth,...)
# Assessing required investment (MCL)
# Decision & Roadmap Prioritization",,Eitan Fireberg,,,,621f1c4f94f7e20069fdd50c,,,,,,,,,,,,,,,,,,,,,,,,,,,,,,,,,,,,,,,,,,,,,,ApprovalsCFValue{approvals=[]},,,,,,No,,,,,,,,,,,,,Billing,Orr Rachlevsky,63db8d66790148a18094867c,,,,,,,,,,,,,,,,,,,,,,{},,CX,,,,,,,,,,,,,,,,,,,,,,,,"Sizing document change:

PS Architecture change:

PS Methodology change:

PS Project plan change:

Data requirement change:

Update PS Tools:

Training Materials:

Communication:

Update PS Sales:

PS Demo:

General Notes:
1. Alpha testing
2. Beta testing
3. Project Risk Mitigation",FALSE,,,,,,,,,,,,,,,,,Cadebill,,,,,,,,,,,,,,,,,,,,,Cadebill,,,,,,,,,,,,,,,,,,,,,,,,,,,New,,,,,,,,,,,,,,,,,,,,,,,1|i088ur:,,,No,,,,,,,,,,,,,Orr Rachlevsky,,,,,,,,,,,,,,,,,,,,,,,,,,,,,,,,,IT S48 (20 Oct - 3 Nov 2025),IT S49 (3 Nov - 17 Nov 2025),IT S50 (17 Nov - 1 Dec 2025),IT S51 (1 Dec - 15 Dec 2025),IT S52 (15 Dec - 29 Dec 2025),IT S53 (29 Dec - 12 Jan 2026),IT S54 (12 Jan - 26 Jan 2026),IT S55 (26 Jan - 9 Feb 2026),IT S56 (9 Feb - 23 Feb 2026),IT S57 (23 Feb - 9 Mar 2026),IT S58 (9 Mar - 23 Mar 2026),IT S59 (23 Mar - 6 Apr 2026),IT S60 (6 Apr - 20 Apr 2026),IT S61 (20 Apr - 4 May 2026),IT S62 (4 May - 18 May 2026),IT S63 (18 May - 1 Jun 2026),IT S64 (1 Jun - 15 Jun 2026),IT S65 (15 Jun - 29 Jun 2026),IT S66 (29 Jun - 13 Jul 2026),IT S67 (13 Jul - 27 Jul 2026),IT S68 (27 Jul - 10 Aug 2026),IT S69 (10 Aug - 24 Aug 2026),,,,,,,,,,,,,,,,,,,,,,,,,,,,,,,,,,,,,,,,,,Billing,,,,,,,,,,,,,,,,,,,,,,,,,,,,,,,,,,,,,,,,,,To Do,29/Oct/25 3:57 PM
"Create an Automated Job ""International Customers that has ‘Do Not Send Invoice’ Option Unchecked""",IT-29153,822554,Change Request,Open,IT,IT,software,Ronit Shor,6114ed430b454a00688bb433,,,P3,,Eitan Fireberg,621f1c4f94f7e20069fdd50c,Eitan Fireberg,621f1c4f94f7e20069fdd50c,Eitan Fireberg,621f1c4f94f7e20069fdd50c,27/Oct/25 4:06 AM,10/Aug/26 3:23 PM,,,December 2025,,,,0,,,"Going forward we can use JOBs to achieve this. I believe two jobs will be needed –

 

# That will show all the int’l accounts that has ‘Do Not Send Invoice’ unchecked.
# That will set ‘Do Not Send Invoice’ to 1 for all int’l accounts

Run the hob automatically every 29th of the month and send to specific users:

[Zachi.Arbel@nice.com|mailto:Zachi.Arbel@nice.com]

[Orit.Genish-Einav@nice.com|mailto:Orit.Genish-Einav@nice.com]

[Robert.Gordon@nice.com|mailto:Robert.Gordon@nice.com]

[Michael.Irizarry@nice.com|mailto:Michael.Irizarry@nice.com]

[Tiffany.Mikalauski@nice.com|mailto:Tiffany.Mikalauski@nice.com]

[Katie.Dresser@nice.com|mailto:Katie.Dresser@nice.com]

[Stav.Yativ@nice.com|mailto:Stav.Yativ@nice.com]

[Lara.Ebal@nice.com|mailto:Lara.Ebal@nice.com]

[Roi.yossefi@nice.com|mailto:Roi.yossefi@nice.com]

[Michael.Langburd@nice.com|mailto:Michael.Langburd@nice.com]

[eitan.fireberg@nice.com|mailto:eitan.fireberg@nice.com] ",,Eitan Fireberg,,,,621f1c4f94f7e20069fdd50c,,,,,,,,,,,,,,,,,,,,,,,,,,,,,,,,,,,,,,,,,,,,,,ApprovalsCFValue{approvals=[]},,,,,,No,,,,,,,,,,,,,Billing,Roi Yossefi,6114ec8f8c15ca006feba02a,,,,,,,,,,,,,,,,,,,,,,{},,CX,,,,,,,,,,,,,,,,,,,,,,,,"Sizing document change:

PS Architecture change:

PS Methodology change:

PS Project plan change:

Data requirement change:

Update PS Tools:

Training Materials:

Communication:

Update PS Sales:

PS Demo:

General Notes:
1. Alpha testing
2. Beta testing
3. Project Risk Mitigation",FALSE,,,,,,,,,,,,,,,,,Cadebill,,,,,,,,,,,,,,,,,,,,,Cadebill,,,,,,,,,,,,,,,,,,,,,,,,,,,New,,,,,,,,,,,,,,,,,,,,,,,1|i083vn:,,,No,,,,,,,,,,,,,Katie Dresser,,,,,,,,,,,,,,,,,,,,,,,,,,,,,,,,,IT S48 (20 Oct - 3 Nov 2025),IT S49 (3 Nov - 17 Nov 2025),IT S50 (17 Nov - 1 Dec 2025),IT S51 (1 Dec - 15 Dec 2025),IT S52 (15 Dec - 29 Dec 2025),IT S53 (29 Dec - 12 Jan 2026),IT S54 (12 Jan - 26 Jan 2026),IT S55 (26 Jan - 9 Feb 2026),IT S56 (9 Feb - 23 Feb 2026),IT S57 (23 Feb - 9 Mar 2026),IT S58 (9 Mar - 23 Mar 2026),IT S59 (23 Mar - 6 Apr 2026),IT S60 (6 Apr - 20 Apr 2026),IT S61 (20 Apr - 4 May 2026),IT S62 (4 May - 18 May 2026),IT S63 (18 May - 1 Jun 2026),IT S64 (1 Jun - 15 Jun 2026),IT S65 (15 Jun - 29 Jun 2026),IT S66 (29 Jun - 13 Jul 2026),IT S67 (13 Jul - 27 Jul 2026),IT S68 (27 Jul - 10 Aug 2026),IT S69 (10 Aug - 24 Aug 2026),,,,,,,,,,,,,,,,,,,,,,,,,,,,,,,,,,,,,,,,,,Billing,,,,,,,,,,,,,,,,,,,,,,,,,,,,,,,"09/Nov/25 2:55 AM;621f1c4f94f7e20069fdd50c;When you set Dispatch method as *_None_*, it implies these Invoices won’t be shown in the Email Invoice task that is set to send the invoices. Option chosen for Dispatch method are *_E-mail_*, *_E-mail & Post_* and *_Customer Portal & Post_*.

 

Setting the Dispatch Method to ‘None’ for int’l accounts will solve the issue however ‘Dispatch method’ is set only to filter the records. Setting ‘_Dispatch method’_ *_None_*  doesn’t mean invoices can’t be send from Cadebill.

If option ‘_Do Not Send Invoice’_ is set as TRUE, it means invoices won’t be send from Cadebill.

 

However, there is a restriction in Cadebill that doesn’t allow stand-alone accounts to have this option checked, that’s why you see the error *‘The account xxxxxx does not have any sub accounts or is not a child of another account’* . It is a preventive measure taken to avoid the situation where it is accidentally checked by the agent and customer don’t receive the invoice.

 

If needed, we can try checking this option using scripts/job.

 

As of now, we can do a one-time update using scripts.

Going forward we can use JOBs to achieve this. I believe two jobs will be needed –

 

# That will show all the int’l accounts that has ‘Do Not Send Invoice’ unchecked.
# That will set ‘Do Not Send Invoice’ to 1 for all int’l accounts",,,,,,,,,,,To Do,27/Oct/25 4:06 AM
Cycle 22 Invoice generation rare scenario,IT-28324,815624,Change Request,Open,IT,IT,software,Ronit Shor,6114ed430b454a00688bb433,,,P3,,,,Eitan Fireberg,621f1c4f94f7e20069fdd50c,Eitan Fireberg,621f1c4f94f7e20069fdd50c,13/Sep/25 1:10 PM,10/Aug/26 3:23 PM,,,November 2025,,,,0,,,*Cycle 22 Invoice generation*,,Eitan Fireberg,,,,621f1c4f94f7e20069fdd50c,,,,,,,,,,,,,,,,,,,,,,13/Sep/25 1:10 PM;ug:1353b372-f51b-4375-b95a-b04dcee93ca7;Fatal error when generating invoice cycle 22.docx;https://nice-it.atlassian.net/rest/api/3/attachment/content/164611,,,,,,,,,,,,,,,,,,,,,,,,ApprovalsCFValue{approvals=[]},,,,,,No,,,,,,,,,,,,,Billing,Roi Yossefi,6114ec8f8c15ca006feba02a,,,,,,,,,,,,,,,,,,,,,,{},,CX,,,,,,,,,,,,,,,,,,,,,,,,"Sizing document change:

PS Architecture change:

PS Methodology change:

PS Project plan change:

Data requirement change:

Update PS Tools:

Training Materials:

Communication:

Update PS Sales:

PS Demo:

General Notes:
1. Alpha testing
2. Beta testing
3. Project Risk Mitigation",FALSE,,,,,,,,,,,,,,,,,Cadebill,,,,,,,,,,,,,,,,,,,,,Cadebill,,,,,,,,,,,,,,,,,,,,,,,,,,,New,,,,,,,,,,,,,,,,,,,,,,,1|i07i2b:,,,No,,,,,,,,,,,,,Michael Irizarry,,,,,,,,,,,,,,,,,,,,,,,,,,,,,,,,,IT S45 (8 Sep - 22 Sep 2025),IT S46 (22 Sep - 6 Oct 2025),IT S47 (6 Oct - 20 Oct 2025),IT S48 (20 Oct - 3 Nov 2025),IT S49 (3 Nov - 17 Nov 2025),IT S50 (17 Nov - 1 Dec 2025),IT S51 (1 Dec - 15 Dec 2025),IT S52 (15 Dec - 29 Dec 2025),IT S53 (29 Dec - 12 Jan 2026),IT S54 (12 Jan - 26 Jan 2026),IT S55 (26 Jan - 9 Feb 2026),IT S56 (9 Feb - 23 Feb 2026),IT S57 (23 Feb - 9 Mar 2026),IT S58 (9 Mar - 23 Mar 2026),IT S59 (23 Mar - 6 Apr 2026),IT S60 (6 Apr - 20 Apr 2026),IT S61 (20 Apr - 4 May 2026),IT S62 (4 May - 18 May 2026),IT S63 (18 May - 1 Jun 2026),IT S64 (1 Jun - 15 Jun 2026),IT S65 (15 Jun - 29 Jun 2026),IT S66 (29 Jun - 13 Jul 2026),IT S67 (13 Jul - 27 Jul 2026),IT S68 (27 Jul - 10 Aug 2026),IT S69 (10 Aug - 24 Aug 2026),,,,,,,,,,,,,,,,,,,,,,,,,,,,,,,,,,,,,,,Billing,,,,,,,,,,,,,,,,,,,,,,,,,,,,,,,,,,,,,,,,,,To Do,13/Sep/25 1:10 PM
Legacy LiveVox - Exclude specific customers from SurTax calculation,IT-26525,789333,Change Request,Open,IT,IT,software,Ronit Shor,6114ed430b454a00688bb433,,,P2,,,,Eitan Fireberg,621f1c4f94f7e20069fdd50c,Dana Trybiasz,6114ed43e6e6f80071784a76,01/Jul/25 11:54 AM,02/Jul/25 11:29 AM,,,,,,,0,,,"Legacy LiveVox will send a manual file to CadeBill for the final billing.
Due to tax-related considerations, the file will include customers with the applicable tax amounts already included.
As a result, these customers should be excluded from the SurTax calculation to prevent double-charging.
This exclusion applies to specific recurring customers.",,Dana Trybiasz,,,,6114ed43e6e6f80071784a76,,,,,,,,,,,,,,,,,,,,,,,,,,,,,,,,,,,,,,,,,,,,,,ApprovalsCFValue{approvals=[]},,,,,,No,,,,,,,,,,,,,Billing,Eitan Fireberg,621f1c4f94f7e20069fdd50c,,,,,,,,,,,,,,,,,,,,,,{},,CX,,,,,,,,,,,,,,,,,,,,,,,,"Sizing document change:

PS Architecture change:

PS Methodology change:

PS Project plan change:

Data requirement change:

Update PS Tools:

Training Materials:

Communication:

Update PS Sales:

PS Demo:

General Notes:
1. Alpha testing
2. Beta testing
3. Project Risk Mitigation",FALSE,,,,,,,,,,,,,,,,,,,,,,,,,,,,,,,,,,,,,,Cadebill,,,,,,,,,,,,,,,,,,,,,,,,,,,New,,,,,,,,,,,,,,,,,,,,,,,1|i040a7:,,,No,,,,,,,,,,,,,Eitan Fireberg,,,,,,,,,,,,,,,,,,,,,,,,,,,,,,,,,,,,,,,,,,,,,,,,,,,,,,,,,,,,,,,,,,,,,,,,,,,,,,,,,,,,,,,,,,,,,,,,Billing,,,,,,,,,,,,,,,,,,,,,,,,,,,2025-07-02 11:29:01.847,,,,02/Jul/25 11:29 AM;6114ed43e6e6f80071784a76;Need to mark those customers with “Tax Exampt”,,,,,,,,,,,To Do,01/Jul/25 11:54 AM
Reconciliation of Telco charges,IT-24547,784724,Change Request,Open,IT,IT,software,Ronit Shor,6114ed430b454a00688bb433,,,P3,,,,Eitan Fireberg,621f1c4f94f7e20069fdd50c,Eitan Fireberg,621f1c4f94f7e20069fdd50c,22/Apr/25 12:57 PM,22/Apr/25 3:11 PM,,,,,,,0,,,"Can this process be automated or improved?

 

*From:* Orr Rachlevsky <[Orr.Rachlevsky@nice.com|mailto:Orr.Rachlevsky@nice.com]>
*Sent:* Tuesday, April 22, 2025 6:59 AM
*To:* Beth Gaspich <[Beth.Gaspich@nice.com|mailto:Beth.Gaspich@nice.com]>; Barry Cooper <[Barry.Cooper@nice.com|mailto:Barry.Cooper@nice.com]>
*Cc:* David Gustafson <[David.Gustafson@nice.com|mailto:David.Gustafson@nice.com]>; Shirli Zinger Maimon <[Shirli.Singer@nice.com|mailto:Shirli.Singer@nice.com]>; Hadas Reisbaum <[Hadas.Reisbaum@nice.com|mailto:Hadas.Reisbaum@nice.com]>; Jason Williams <[Jason.Williams@nice.com|mailto:Jason.Williams@nice.com]>; Jon Senger <[Jon.Senger@nice.com|mailto:Jon.Senger@nice.com]>; Robert Gordon <[Robert.Gordon@nice.com|mailto:Robert.Gordon@nice.com]>; Tzachi Shtern <[Tzachi.Stern@nice.com|mailto:Tzachi.Stern@nice.com]>; Eitan Fireberg <[Eitan.Fireberg@nice.com|mailto:Eitan.Fireberg@nice.com]>
*Subject:* Fw: Reconciliation of Telco charges

 

Beth, Barry

Following up on an action item from the steering call - COGS under Mike Perry runs already a reconciliation process between the customer’s Telco MRCs in Cadebill with the carrier invoices.  They also have a process to increase the customer’s charge should our carrier cost increase.

 

Let me know if you want a deeper dive.

Best, Orr

 

 

Orr Rachlevsky

Director, End-to-End Billing Processes, Platform

 

 

 

 

 

----

*From:* Robert Gordon <[+Robert.Gordon@nice.com+|mailto:Robert.Gordon@nice.com]>
*Sent:* Monday, April 21, 2025 8:28 PM
*To:* Amy Matheson <[+Amy.Matheson@nice.com+|mailto:Amy.Matheson@nice.com]>; Eitan Fireberg <[+Eitan.Fireberg@nice.com+|mailto:Eitan.Fireberg@nice.com]>
*Cc:* Latefa Elqanni <[+Latefa.Elqanni@nice.com+|mailto:Latefa.Elqanni@nice.com]>
*Subject:* RE: Reconciliation of Telco charges

 

This is a topic that is on the list from Shirli to Mike Perry for tomorrow’s call as well.  Billing has provided data to Amy and Latefa each month for the last several years for COGS to do this analysis.  This is an ongoing process.

 

*Robert Gordon*

Director, Order Management & Billing – NICE CXone

C. 425-984-4070



 

*From:* Amy Matheson <[+Amy.Matheson@nice.com+|mailto:Amy.Matheson@nice.com]>
*Sent:* Monday, April 21, 2025 11:25 AM
*To:* Eitan Fireberg <[+Eitan.Fireberg@nice.com+|mailto:Eitan.Fireberg@nice.com]>; Robert Gordon <[+Robert.Gordon@nice.com+|mailto:Robert.Gordon@nice.com]>
*Cc:* Latefa Elqanni <[+Latefa.Elqanni@nice.com+|mailto:Latefa.Elqanni@nice.com]>
*Subject:* RE: Reconciliation of Telco charges

 

Hi Eitan,

 

COGS has a process to reconcile the customer’s Telco MRCs in Cadebill with the carrier invoices.  They also have a process to increase the customer’s charge should our carrier cost increase.

 

I’ve added Latefa if you have any additional questions.



Thank you,

Amy

 

 

*From:* Eitan Fireberg <[+Eitan.Fireberg@nice.com+|mailto:Eitan.Fireberg@nice.com]>
*Sent:* Sunday, April 20, 2025 10:40 AM
*To:* Amy Matheson <[+Amy.Matheson@nice.com+|mailto:Amy.Matheson@nice.com]>; Robert Gordon <[+Robert.Gordon@nice.com+|mailto:Robert.Gordon@nice.com]>
*Subject:* Reconciliation of Telco charges

 

Hi Amy

A question that was raised last week.

Who monitors/manages the charges we collect for Telco from our customers with the payments we do for the telco providers?

 

Who makes sure we don't have leakage by overpaying the providers?",,Eitan Fireberg,,,,621f1c4f94f7e20069fdd50c,,,,,,,,,,,,,,,,,,,,,,,,,,,,,,,,,,,,,,,,,,,,,,ApprovalsCFValue{approvals=[]},,,,,,No,,,,,,,,,,,,,Billing,Orr Rachlevsky,63db8d66790148a18094867c,,,,,,,,,,,,,,,,,,,,,,{},,CX,,,,,,,,,,,,,,,,,,,,,,,,"Sizing document change:

PS Architecture change:

PS Methodology change:

PS Project plan change:

Data requirement change:

Update PS Tools:

Training Materials:

Communication:

Update PS Sales:

PS Demo:

General Notes:
1. Alpha testing
2. Beta testing
3. Project Risk Mitigation",FALSE,,,,,,,,,,,,,,,,,Cadebill,,,,,,,,,,,,,,,,,,,,,Cadebill,,,,,,,,,,,,,,,,,,,,,,,,,,,New,,,,,,,,,,,,,,,,,,,,,,,1|i03l7r:,,,No,,,,,,,,,,,,,Orr Rachlevsky,,,,,,,,,,,,,,,,,,,,,,,,,,,,,,,,,,,,,,,,,,,,,,,,,,,,,,,,,,,,,,,,,,,,,,,,,,,,,,,,,,,,,,,,,,,,,,,,Billing,,,,,,,,,,,,,,,,,,,,,,,,,,,,,,,"22/Apr/25 3:11 PM;621f1c4f94f7e20069fdd50c;Hi Eitan,

 

Nice to meet you. I wanted to take a moment to clarify a few items to ensure we're all aligned on the context of the discussion.

 

What Amy mentioned below pertains to *Teleco MRC & NRC* charges related to customer circuits. My team, COGS, is responsible for confirming that the charges from the carrier are accurate, and we also validate that the customer is currently being billed appropriately.

 

What Robert is referring to involves *minutes validation*, specifically carrier traffic/minutes reconciliation. In this case, COGS reconciles the *carrier invoice* against *Sonus CDRs*, while *Billing* reconciles *Cabebill* against *Sonus CDRs*.

 

Note: The issue that Shirli and Mike Perry are addressing is related to *incorrect account setup or rating errors* that were entered into billing, which relates to revenue.

 

Let me know if you have any questions or if further clarification is needed.

 

*Latefa Elqanni*

*Director, Carrier Relations*",,,,,,,,,,,To Do,22/Apr/25 12:57 PM
Report - Missing billing logic,IT-23367,782308,Change Request,Open,IT,IT,software,Ronit Shor,6114ed430b454a00688bb433,,,P3,,,,Meital Rashti,70121:33c9c08c-01ca-4a34-ac93-994a2946b894,Meital Rashti,70121:33c9c08c-01ca-4a34-ac93-994a2946b894,20/Feb/25 10:17 AM,20/Feb/25 10:17 AM,,,,,,,0,,,Report - Missing billing logic,,Meital Rashti,,,,70121:33c9c08c-01ca-4a34-ac93-994a2946b894,,,,,,,,,,,,,,,,,,,,,,,,,,,,,,,,,,,,,,,,,,,,,,ApprovalsCFValue{approvals=[]},,,,,,No,,,,,,,,,,,,,Billing,Meital Rashti,70121:33c9c08c-01ca-4a34-ac93-994a2946b894,,,,,,,,,,,,,,,,,,,,,,{},,,,,,,,,,,,,,,,,,,,,,,,,,"Sizing document change:

PS Architecture change:

PS Methodology change:

PS Project plan change:

Data requirement change:

Update PS Tools:

Training Materials:

Communication:

Update PS Sales:

PS Demo:

General Notes:
1. Alpha testing
2. Beta testing
3. Project Risk Mitigation",FALSE,,,,,,,,,,,,,,,,,Cadebill,,,,,,,,,,,,,,,,,,,,,Cadebill,,,,,,,,,,,,,,,,,,,,,,,,,,,,,,,,,,,,,,,,,,,,,,,,,,1|i039hz:,,,No,,,,,,,,,,,,,Meital rashti,,,,,,,,,,,,,,,,,,,,,,,,,,,,,,,,,,,,,,,,,,,,,,,,,,,,,,,,,,,,,,,,,,,,,,,,,,,,,,,,,,,,,,,,,,,,,,,,Billing,,,,,,,,,,,,,,,,,,,,,,,,,,,,,,,,,,,,,,,,,,To Do,20/Feb/25 10:17 AM
2025 Jumpstart Adjust SG in Cadebill,IT-22882,781394,Change Request,Open,IT,IT,software,Ronit Shor,6114ed430b454a00688bb433,,,P3,,,,Eitan Fireberg,621f1c4f94f7e20069fdd50c,Eitan Fireberg,621f1c4f94f7e20069fdd50c,21/Jan/25 10:55 AM,22/Jan/25 5:30 PM,,,,,,,0,,,Adjust SG in Cadebill,,Eitan Fireberg,,,,621f1c4f94f7e20069fdd50c,,,,,,,,,,,,,,,,,,,,,,,,,,,,,,,,,,,,,,,,,,,,,,ApprovalsCFValue{approvals=[]},,,,,,No,,,,,,,,,,,,,Billing,Henry Miles,712020:059cdfa6-9978-4441-87ab-311ce26fd2e7,,,,,,,,,,,,,,,,,,,,,,{},,inContact,,,,,,,,,,,,,,,,,,,,,,,,"Sizing document change:

PS Architecture change:

PS Methodology change:

PS Project plan change:

Data requirement change:

Update PS Tools:

Training Materials:

Communication:

Update PS Sales:

PS Demo:

General Notes:
1. Alpha testing
2. Beta testing
3. Project Risk Mitigation",FALSE,,,,,,,,,,,,,,,,,Cadebill,,,,,,,,,,,,,,,,,,,,,Cadebill,,,,,,,,,,,,,,,,,,,,,,,,,,,,,,,,,,,,,,,,,,,,,,,,,,1|i034yv:,,,No,,,,,,,,,,,,,Henry Miles,,,,,,,,,,,,,,,,,,,,,,,,,,,,,,,,,,,,,,,,,,,,,,,,,,,,,,,,,,,,,,,,,,,,,,,,,,,,,,,,,,,,,,,,,,,,,,,,Billing,,,,,,,,,,,,,,,,,,,,,,,,,,,,,,,"22/Jan/25 5:30 PM;621f1c4f94f7e20069fdd50c;[~accountid:712020:059cdfa6-9978-4441-87ab-311ce26fd2e7] will prepare a load file (the one used in WD project) with the new mapping for MCL to load

We will load to Test and test it before prod

[~accountid:6114ecb64e8d8d0069ff06a9] ",,,,,,,,,,,To Do,21/Jan/25 10:55 AM
Level Up SKU into Bundle,IT-22742,781123,Change Request,Open,IT,IT,software,Ronit Shor,6114ed430b454a00688bb433,,,P3,,,,Eitan Fireberg,621f1c4f94f7e20069fdd50c,Eitan Fireberg,621f1c4f94f7e20069fdd50c,12/Jan/25 8:16 AM,12/Jan/25 8:16 AM,,,,,,,0,,,"The requirement: Systematically add level-ups SKUs into the bundle set-up in Cadebill, if the base product exists as part of the configured bundle. This should apply for existing and new customers.

The potential is $1m additional revenues annually.",,Eitan Fireberg,,,,621f1c4f94f7e20069fdd50c,,,,,,,,,,,,,,,,,,,,,,,,,,,,,,,,,,,,,,,,,,,,,,ApprovalsCFValue{approvals=[]},,,,,,No,,,,,,,,,,,,,Billing,Orr Rachlevsky,63db8d66790148a18094867c,,,,,,,,,,,,,,,,,,,,,,{},,inContact,,,,,,,,,,,,,,,,,,,,,,,,"Sizing document change:

PS Architecture change:

PS Methodology change:

PS Project plan change:

Data requirement change:

Update PS Tools:

Training Materials:

Communication:

Update PS Sales:

PS Demo:

General Notes:
1. Alpha testing
2. Beta testing
3. Project Risk Mitigation",FALSE,,,,,,,,,,,,,,,,,Cadebill,,,,,,,,,,,,,,,,,,,,,Cadebill,,,,,,,,,,,,,,,,,,,,,,,,,,,,,,,,,,,,,,,,,,,,,,,,,,1|i033hr:,,,No,,,,,,,,,,,,,Orr Rachlevsky,,,,,,,Run the Business,,,,,,,,,,,,,,,,,,,,,,,,,,,,,,,,,,,,,,,,,,,,,,,,,,,,,,,,,,,,,,,,,,,,,,,,,,,,,,,,,,,,,,,,,Billing,,,,,,,,,,,,,,,,,,,,,,,,,,,,,,,,,,,,,,,,,,To Do,12/Jan/25 8:16 AM
Click to Add from Customer Configuration to add product to a Bundle on need,IT-22691,781036,Change Request,Open,IT,IT,software,Ronit Shor,6114ed430b454a00688bb433,,,P3,,,,Eitan Fireberg,621f1c4f94f7e20069fdd50c,Eitan Fireberg,621f1c4f94f7e20069fdd50c,08/Jan/25 11:47 AM,08/Jan/25 11:47 AM,,,,,,,0,,,*Click to Add from Customer Configuration to add product to a Bundle on need*,,Eitan Fireberg,,,,621f1c4f94f7e20069fdd50c,,,,,,,,,,,,,,,,,,,,,,,,,,,,,,,,,,,,,,,,,,,,,,ApprovalsCFValue{approvals=[]},,,,,,No,,,,,,,,,,,,,Billing,Uri Zernitsky,6114ec5175ad960069a77ba9,,,,,,,,,,,,,,,,,,,,,,{},,inContact,,,,,,,,,,,,,,,,,,,,,,,,"Sizing document change:

PS Architecture change:

PS Methodology change:

PS Project plan change:

Data requirement change:

Update PS Tools:

Training Materials:

Communication:

Update PS Sales:

PS Demo:

General Notes:
1. Alpha testing
2. Beta testing
3. Project Risk Mitigation",FALSE,,,,,,,,,,,,,,,,,Cadebill,,,,,,,,,,,,,,,,,,,,,Cadebill,,,,,,,,,,,,,,,,,,,,,,,,,,,,,,,,,,,,,,,,,,,,,,,,,,1|i032z3:,,,No,,,,,,,,,,,,,Michael Irizarry,,,,,,,,,,,,,,,,,,,,,,,,,,,,,,,,,,,,,,,,,,,,,,,,,,,,,,,,,,,,,,,,,,,,,,,,,,,,,,,,,,,,,,,,,,,,,,,,Billing,,,,,,,,,,,,,,,,,,,,,,,,,,,,,,,,,,,,,,,,,,To Do,08/Jan/25 11:47 AM
CB Mapping EIB Loaders – UI & Templates ,IT-22553,780822,Change Request,Open,IT,IT,software,Ronit Shor,6114ed430b454a00688bb433,,,P3,,,,Henry Miles,712020:059cdfa6-9978-4441-87ab-311ce26fd2e7,Eitan Fireberg,621f1c4f94f7e20069fdd50c,31/Dec/24 6:15 AM,31/Dec/24 6:17 AM,,,,,,,0,,,"+CB Mapping EIB Loaders – UI & Templates+ 

Attached requirement doc",,Eitan Fireberg,,,,621f1c4f94f7e20069fdd50c,,,,,,,,,,,,,,,,,,,,,,31/Dec/24 6:17 AM;ug:1353b372-f51b-4375-b95a-b04dcee93ca7;CB Mapping Loader.docx;https://nice-it.atlassian.net/rest/api/3/attachment/content/156275,,,,,,,,,,,,,,,,,,,,,,,,ApprovalsCFValue{approvals=[]},,,,,,No,,,,,,,,,,,,,Billing,Brady Lusby,63070476f87d21c162285941,,,,,,,,,,,,,,,,,,,,,,{},,inContact,,,,,,,,,,,,,,,,,,,,,,,,"Sizing document change:

PS Architecture change:

PS Methodology change:

PS Project plan change:

Data requirement change:

Update PS Tools:

Training Materials:

Communication:

Update PS Sales:

PS Demo:

General Notes:
1. Alpha testing
2. Beta testing
3. Project Risk Mitigation",FALSE,,,,,,,,,,,,,,,,,Cadebill,,,,,,,,,,,,,,,,,,,,,Cadebill,,,,,,,,,,,,,,,,,,,,,,,,,,,,,,,,,,,,,,,,,,,,,,,,,,1|i031tr:,,,No,,,,,,,,,,,,,Henry Miles,,,,,,,Run the Business,,,,,,,,,,,,,,,,,,,,,,,,,,,,,,,,,,,,,,,,,,,,,,,,,,,,,,,,,,,,,,,,,,,,,,,,,,,,,,,,,,,,,,,,,Billing,,,,,,,,,,,,,,,,,,,,,,,,,,,,,,,,,,,,,,,,,,To Do,31/Dec/24 6:15 AM
CPQ SFDC to Send Billing Period to Cadebill,IT-22386,780478,Change Request,Open,IT,IT,software,Ronit Shor,6114ed430b454a00688bb433,,,P3,,,,Eitan Fireberg,621f1c4f94f7e20069fdd50c,Eitan Fireberg,621f1c4f94f7e20069fdd50c,19/Dec/24 1:07 PM,19/Dec/24 1:07 PM,,,,,,,0,,,"SF needs to manage (account level?) and send (SKU level) the Billing period: Annual, Semi-annual, Quarterly, Monthly. Will need a new set of SchCampaigns for each bill period.",,Eitan Fireberg,,,,621f1c4f94f7e20069fdd50c,,,,,,,,,,,,,,,,,,,,,,,,,,,,,,,,,,,,,,,,,,,,,,ApprovalsCFValue{approvals=[]},,,,,,No,,,,,,,,,,,,,Billing,Uri Zernitsky,6114ec5175ad960069a77ba9,,,,,,,,,,,,,,,,,,,,,,{},,inContact,,,,,,,,,,,,,,,,,,,,,,,,"Sizing document change:

PS Architecture change:

PS Methodology change:

PS Project plan change:

Data requirement change:

Update PS Tools:

Training Materials:

Communication:

Update PS Sales:

PS Demo:

General Notes:
1. Alpha testing
2. Beta testing
3. Project Risk Mitigation",FALSE,,,,,,,,,,,,,,,,,Cadebill,,,,,,,,,,,,,,,,,,,,,Cadebill,,,,,,,,,,,,,,,,,,,,,,,,,,,,,,,,,,,,,,,,,,,,,,,,,,1|i03027:,,,No,,,,,,,,,,,,,Robert Gordon,,,,,,,,,,,,,,,,,,,,,,,,,,,,,,,,,,,,,,,,,,,,,,,,,,,,,,,,,,,,,,,,,,,,,,,,,,,,,,,,,,,,,,,,,,,,,,,,Billing,,,,,,,,,,,,,,,,,,,,,,,,,,,,,,,,,,,,,,,,,,To Do,19/Dec/24 1:07 PM
"New Cadebill Invoice Templates for each Billing Period: Annual, Semi-annual, Quarterly, Monthly.",IT-22383,780475,Change Request,Open,IT,IT,software,Ronit Shor,6114ed430b454a00688bb433,,,P3,,,,Eitan Fireberg,621f1c4f94f7e20069fdd50c,Eitan Fireberg,621f1c4f94f7e20069fdd50c,19/Dec/24 12:55 PM,19/Dec/24 12:55 PM,,,,,,,0,,,"|New Cadebill Invoice Templates for each Billing Period: Annual, Semi-annual, Quarterly, Monthly.|",,Eitan Fireberg,,,,621f1c4f94f7e20069fdd50c,,,,,,,,,,,,,,,,,,,,,,,,,,,,,,,,,,,,,,,,,,,,,,ApprovalsCFValue{approvals=[]},,,,,,No,,,,,,,,,,,,,Billing,Uri Zernitsky,6114ec5175ad960069a77ba9,,,,,,,,,,,,,,,,,,,,,,{},,inContact,,,,,,,,,,,,,,,,,,,,,,,,"Sizing document change:

PS Architecture change:

PS Methodology change:

PS Project plan change:

Data requirement change:

Update PS Tools:

Training Materials:

Communication:

Update PS Sales:

PS Demo:

General Notes:
1. Alpha testing
2. Beta testing
3. Project Risk Mitigation",FALSE,,,,,,,,,,,,,,,,,Cadebill,,,,,,,,,,,,,,,,,,,,,Cadebill,,,,,,,,,,,,,,,,,,,,,,,,,,,,,,,,,,,,,,,,,,,,,,,,,,1|i0301j:,,,No,,,,,,,,,,,,,Robert Gordon,,,,,,,,,,,,,,,,,,,,,,,,,,,,,,,,,,,,,,,,,,,,,,,,,,,,,,,,,,,,,,,,,,,,,,,,,,,,,,,,,,,,,,,,,,,,,,,,Billing,,,,,,,,,,,,,,,,,,,,,,,,,,,,,,,,,,,,,,,,,,To Do,19/Dec/24 12:55 PM
Auto Save PDFs from SFDC to SharePoint for OA Team,IT-22382,780466,Change Request,Open,IT,IT,software,Ronit Shor,6114ed430b454a00688bb433,,,P3,,,,Eitan Fireberg,621f1c4f94f7e20069fdd50c,Eitan Fireberg,621f1c4f94f7e20069fdd50c,19/Dec/24 11:43 AM,19/Dec/24 11:43 AM,,,,,,,0,,,OM saves contract PDF's to local share drive because some don't have SF licenses. Is there a better process/location than adding the contract to the N:\ drive,,Eitan Fireberg,,,,621f1c4f94f7e20069fdd50c,,,,,,,,,,,,,,,,,,,,,,,,,,,,,,,,,,,,,,,,,,,,,,ApprovalsCFValue{approvals=[]},,,,,,No,,,,,,,,,,,,,Billing,Uri Zernitsky,6114ec5175ad960069a77ba9,,,,,,,,,,,,,,,,,,,,,,{},,inContact,,,,,,,,,,,,,,,,,,,,,,,,"Sizing document change:

PS Architecture change:

PS Methodology change:

PS Project plan change:

Data requirement change:

Update PS Tools:

Training Materials:

Communication:

Update PS Sales:

PS Demo:

General Notes:
1. Alpha testing
2. Beta testing
3. Project Risk Mitigation",FALSE,,,,,,,,,,,,,,,,,Cadebill,Salesforce,,,,,,,,,,,,,,,,,,,,Cadebill,,,,,,,,,,,,,,,,,,,,,,,,,,,,,,,,,,,,,,,,,,,,,,,,,,1|i0300f:,,,No,,,,,,,,,,,,,Katie Dresser,,,,,,,,,,,,,,,,,,,,,,,,,,,,,,,,,,,,,,,,,,,,,,,,,,,,,,,,,,,,,,,,,,,,,,,,,,,,,,,,,,,,,,,,,,,,,,,,Billing,,,,,,,,,,,,,,,,,,,,,,,,,,,,,,,,,,,,,,,,,,To Do,19/Dec/24 11:43 AM
OM Ownership & Auto-population of PS assignment ,IT-22378,780458,Change Request,Open,IT,IT,software,Ronit Shor,6114ed430b454a00688bb433,,,P3,,,,Eitan Fireberg,621f1c4f94f7e20069fdd50c,Eitan Fireberg,621f1c4f94f7e20069fdd50c,19/Dec/24 11:16 AM,19/Dec/24 11:16 AM,,,,,,,0,,,|OM ownership ends after Projects are created (TTTU). Auto-population of PS assignment back into SF rather than OM manually adding. Currently a project in the TTTU project.\|,,Eitan Fireberg,,,,621f1c4f94f7e20069fdd50c,,,,,,,,,,,,,,,,,,,,,,,,,,,,,,,,,,,,,,,,,,,,,,ApprovalsCFValue{approvals=[]},,,,,,No,,,,,,,,,,,,,Billing,Uri Zernitsky,6114ec5175ad960069a77ba9,,,,,,,,,,,,,,,,,,,,,,{},,inContact,,,,,,,,,,,,,,,,,,,,,,,,"Sizing document change:

PS Architecture change:

PS Methodology change:

PS Project plan change:

Data requirement change:

Update PS Tools:

Training Materials:

Communication:

Update PS Sales:

PS Demo:

General Notes:
1. Alpha testing
2. Beta testing
3. Project Risk Mitigation",FALSE,,,,,,,,,,,,,,,,,Cadebill,Salesforce,,,,,,,,,,,,,,,,,,,,Cadebill,,,,,,,,,,,,,,,,,,,,,,,,,,,,,,,,,,,,,,,,,,,,,,,,,,1|i02zyv:,,,No,,,,,,,,,,,,,Katie Dresser,,,,,,,,,,,,,,,,,,,,,,,,,,,,,,,,,,,,,,,,,,,,,,,,,,,,,,,,,,,,,,,,,,,,,,,,,,,,,,,,,,,,,,,,,,,,,,,,Billing,,,,,,,,,,,,,,,,,,,,,,,,,,,,,,,,,,,,,,,,,,To Do,19/Dec/24 11:16 AM
 Telco Loader errors (101) need to be resolved with the Provisioning group,IT-22363,780413,Change Request,Open,IT,IT,software,Ronit Shor,6114ed430b454a00688bb433,,,P3,,Michael Langburd,712020:6267be66-72d7-42c2-bd78-dbec81dccedb,Eitan Fireberg,621f1c4f94f7e20069fdd50c,Eitan Fireberg,621f1c4f94f7e20069fdd50c,18/Dec/24 12:02 PM,18/Dec/24 12:02 PM,,,,,,,0,,,"

Telco Loader errors (101) need to be resolved with the Provisioning group",,Eitan Fireberg,,,,621f1c4f94f7e20069fdd50c,,,,,,,,,,,,,,,,,,,,,,,,,,,,,,,,,,,,,,,,,,,,,,ApprovalsCFValue{approvals=[]},,,,,,No,,,,,,,,,,,,,Billing,Uri Zernitsky,6114ec5175ad960069a77ba9,,,,,,,,,,,,,,,,,,,,,,{},,inContact,,,,,,,,,,,,,,,,,,,,,,,,"Sizing document change:

PS Architecture change:

PS Methodology change:

PS Project plan change:

Data requirement change:

Update PS Tools:

Training Materials:

Communication:

Update PS Sales:

PS Demo:

General Notes:
1. Alpha testing
2. Beta testing
3. Project Risk Mitigation",FALSE,,,,,,,,,,,,,,,,,Cadebill,,,,,,,,,,,,,,,,,,,,,Cadebill,,,,,,,,,,,,,,,,,,,,,,,,,,,,,,,,,,,,,,,,,,,,,,,,,,1|i02zpr:,,,No,,,,,,,,,,,,,Robert Gordon,,,,,,,,,,,,,,,,,,,,,,,,,,,,,,,,,,,,,,,,,,,,,,,,,,,,,,,,,,,,,,,,,,,,,,,,,,,,,,,,,,,,,,,,,,,,,,,,Billing,,,,,,,,,,,,,,,,,,,,,,,,,,,,,,,,,,,,,,,,,,To Do,18/Dec/24 12:02 PM
Concurrent Policy Above Contracted Quantity ,IT-22360,780389,Change Request,Open,IT,IT,software,Ronit Shor,6114ed430b454a00688bb433,,,P3,,,,Eitan Fireberg,621f1c4f94f7e20069fdd50c,Eitan Fireberg,621f1c4f94f7e20069fdd50c,18/Dec/24 10:25 AM,18/Dec/24 10:25 AM,,,,,,,0,,,Concurrent Policy Above Contracted Quantity ,,Eitan Fireberg,,,,621f1c4f94f7e20069fdd50c,,,,,,,,,,,,,,,,,,,,,,,,,,,,,,,,,,,,,,,,,,,,,,ApprovalsCFValue{approvals=[]},,,,,,No,,,,,,,,,,,,,Billing,Orr Rachlevsky,63db8d66790148a18094867c,,,,,,,,,,,,,,,,,,,,,,{},,inContact,,,,,,,,,,,,,,,,,,,,,,,,"Sizing document change:

PS Architecture change:

PS Methodology change:

PS Project plan change:

Data requirement change:

Update PS Tools:

Training Materials:

Communication:

Update PS Sales:

PS Demo:

General Notes:
1. Alpha testing
2. Beta testing
3. Project Risk Mitigation",FALSE,,,,,,,,,,,,,,,,,Cadebill,,,,,,,,,,,,,,,,,,,,,Cadebill,,,,,,,,,,,,,,,,,,,,,,,,,,,,,,,,,,,,,,,,,,,,,,,,,,1|i02znj:,,,No,,,,,,,,,,,,,Orr Rachlevsky,,,,,,,,,,,,,,,,,,,,,,,,,,,,,,,,,,,,,,,,,,,,,,,,,,,,,,,,,,,,,,,,,,,,,,,,,,,,,,,,,,,,,,,,,,,,,,,,Billing,,,,,,,,,,,,,,,,,,,,,,,,,,,,,,,,,,,,,,,,,,To Do,18/Dec/24 10:25 AM
Ribbon Project ,IT-22138,779754,Change Request,Open,IT,IT,software,Ronit Shor,6114ed430b454a00688bb433,,,P3,,Eitan Fireberg,621f1c4f94f7e20069fdd50c,Mithun Thakkar,62a8f48fa80881006f621643,Eitan Fireberg,621f1c4f94f7e20069fdd50c,07/Dec/24 2:23 PM,27/Aug/25 3:57 AM,,,,,,,0,,,"MIS team is working on the Broadworks to Ribbon migration project for VOIP Number provisioning. There is a major scope and requirement change for this project and hence the requirement for MCL has changed from last time due to the same reason.

 

We will need help from MCL team to make for the following changes in Cadebill GUI and Database:

 

# Add new *Boolean Attribute* on Account/BU – with the name *IsMigrationStarted*.
## Add new column in the relevant table
## Make necessary changes on the Cadebill GUI to allow user to update this property
# Add new columns in the Cadebill Database at instrument level. MCL team may help in deciding the appropriate table. MIS team and Business team will decide the values for these columns and updating values to these columns.
## *MigrationStatus* - nvarchar(150)
## *RegistrationStatus* - nvarchar(150)
# *SDP Level changes for Softphone Hosted Model:*
## Provide a new function in existing SDP library to provision the Hard phones and Softphones. When the request is for Softphone, avoid sending requests to Stretto.
## *NO CHANGE:* If user is submitting the requests for Softphone from below existing templates in Cadebill GUI, keep existing functionality for Softphones as it is along with sending requests to stretto for Softphone from Cadebill GUI:

                                                               i.      ADD_VOIP_Broadsoft_Stretto

                                                             ii.      UPDATE_VOIP_Broadsoft_Stretto

                                                           iii.      TERMINATE_VOID_Broadsoft_Stretto",,Eitan Fireberg,,,,621f1c4f94f7e20069fdd50c,,,,,,,,,,,,,,,,,,,,,,,,,,,,,,,,,,,,,,,,,,,,,,ApprovalsCFValue{approvals=[]},,,,,,No,,,,,,,,,,,,,Billing,Mithun Thakkar,62a8f48fa80881006f621643,,,,,,,,,,,,,,,,,,,,,,{},,inContact,,,,,,,,,,,,,,,,,,,,,,,,"Sizing document change:

PS Architecture change:

PS Methodology change:

PS Project plan change:

Data requirement change:

Update PS Tools:

Training Materials:

Communication:

Update PS Sales:

PS Demo:

General Notes:
1. Alpha testing
2. Beta testing
3. Project Risk Mitigation",FALSE,,,,,,,,,,,,,,,,,Cadebill,,,,,,,,,,,,,,,,,,,,,Cadebill,,,,,,,,,,,,,,,,,,,,,,,,,,,,,,,,,,,,,,,,,,,,,,,,,,1|i02wgf:,,,No,,,,,,,,,,,,,Mithun Thakkar,,,,,,,Run the Business,,,,,,,,,,,,,,,,,,,,,,,,,,,,,,,,,,,,,,,,,,,,,,,,,,,,,,,,,,,,,,,,,,,,,,,,,,,,,,,,,,,,,,,,,Billing,,,,,,,,,,,,,,,,,,,,,,,,,,,,,,,,,,,,,,,,,,To Do,07/Dec/24 2:23 PM
Annual & Quarterly Invoicing,IT-22136,779752,Change Request,Open,IT,IT,software,Ronit Shor,6114ed430b454a00688bb433,,,P3,,Eitan Fireberg,621f1c4f94f7e20069fdd50c,Eitan Fireberg,621f1c4f94f7e20069fdd50c,Eitan Fireberg,621f1c4f94f7e20069fdd50c,07/Dec/24 2:15 PM,07/Dec/24 2:15 PM,,,,,,,0,,,"* We need to be able to invoice Quarterly and Annually for PMI Acquisition Invoicing
* Cadebill has native functionality to bill quarterly and annually but we have not implemented that functionality as far as I’m aware
* There are current customers (Moxie, Mindtouch, Contact Engine?) who we put annual charges on monthly invoices.  We should start with these to establish the process, cycle, etc.
* The end result is that Billing would generate quarterly or annual invoices for applicable customers as part of the normal monthly billing process",,Eitan Fireberg,,,,621f1c4f94f7e20069fdd50c,,,,,,,,,,,,,,,,,,,,,,,,,,,,,,,,,,,,,,,,,,,,,,ApprovalsCFValue{approvals=[]},,,,,,No,,,,,,,,,,,,,Billing,Uri Zernitsky,6114ec5175ad960069a77ba9,,,,,,,,,,,,,,,,,,,,,,{},,inContact,,,,,,,,,,,,,,,,,,,,,,,,"Sizing document change:

PS Architecture change:

PS Methodology change:

PS Project plan change:

Data requirement change:

Update PS Tools:

Training Materials:

Communication:

Update PS Sales:

PS Demo:

General Notes:
1. Alpha testing
2. Beta testing
3. Project Risk Mitigation",FALSE,,,,,,,,,,,,,,,,,Cadebill,,,,,,,,,,,,,,,,,,,,,Cadebill,,,,,,,,,,,,,,,,,,,,,,,,,,,,,,,,,,,,,,,,,,,,,,,,,,1|i02wfz:,,,No,,,,,,,,,,,,,Robert Gordon,,,,,,,Run the Business,,,,,,,,,,,,,,,,,,,,,,,,,,,,,,,,,,,,,,,,,,,,,,,,,,,,,,,,,,,,,,,,,,,,,,,,,,,,,,,,,,,,,,,,,Billing,,,,,,,,,,,,,,,,,,,,,,,,,,,,,,,,,,,,,,,,,,To Do,07/Dec/24 2:15 PM
Cadebill - Oracle/SNOW API for SKU/Items & Customer,IT-22128,779732,Change Request,Open,IT,IT,software,Ronit Shor,6114ed430b454a00688bb433,,,P3,,Eitan Fireberg,621f1c4f94f7e20069fdd50c,Eitan Fireberg,621f1c4f94f7e20069fdd50c,Eitan Fireberg,621f1c4f94f7e20069fdd50c,05/Dec/24 2:41 PM,05/Dec/24 2:41 PM,,,,,,,0,,,"Add auto creation of new International Item

Add Prelim auto validation of missing Items in Oracle, 2 days before billing cycle starts and auto create Items or open a Case for fixing

Same for Customers",,Eitan Fireberg,,,,621f1c4f94f7e20069fdd50c,,,,,,,,,,,,,,,,,,,,,,,,,,,,,,,,,,,,,,,,,,,,,,ApprovalsCFValue{approvals=[]},,,,,,No,,,,,,,,,,,,,Billing,Eitan Fireberg,621f1c4f94f7e20069fdd50c,,,,,,,,,,,,,,,,,,,,,,{},,inContact,,,,,,,,,,,,,,,,,,,,,,,,"Sizing document change:

PS Architecture change:

PS Methodology change:

PS Project plan change:

Data requirement change:

Update PS Tools:

Training Materials:

Communication:

Update PS Sales:

PS Demo:

General Notes:
1. Alpha testing
2. Beta testing
3. Project Risk Mitigation",FALSE,,,,,,,,,,,,,,,,,Cadebill,,,,,,,,,,,,,,,,,,,,,Cadebill,,,,,,,,,,,,,,,,,,,,,,,,,,,,,,,,,,,,,,,,,,,,,,,,,,1|i02wc7:,,,No,,,,,,,,,,,,,eitan fireberg,,,,,,,,,,,,,,,,,,,,,,,,,,,,,,,,,,,,,,,,,,,,,,,,,,,,,,,,,,,,,,,,,,,,,,,,,,,,,,,,,,,,,,,,,,,,,,,,Billing,,,,,,,,,,,,,,,,,,,,,,,,,,,,,,,,,,,,,,,,,,To Do,05/Dec/24 2:41 PM
Billing of 3rd party vendors for real-time transcription / audio,IT-21914,779093,Change Request,Open,IT,IT,software,Ronit Shor,6114ed430b454a00688bb433,,,P3,,Eitan Fireberg,621f1c4f94f7e20069fdd50c,Orr Rachlevsky,63db8d66790148a18094867c,Eitan Fireberg,621f1c4f94f7e20069fdd50c,21/Nov/24 12:17 PM,18/Mar/25 2:41 PM,,,,,,,0,,,"Billing of 3rd party vendors for real-time transcription / audio

* Orr has a deck that outlines the requirements at a high level.  You have been on the email strings.
* We have asked for a new Data feed of usage by vendor by customer by SKU (new vendor SKUs are required)
* We will need a new Invoice Template for Vendor billing that shows the usage, rate and charges by Customer by Vendor SKU for each Vendor
* We may need modifications to the Invoice Cycle generation process to calculate vendor charges and create Vendor invoices
* We may need new processes to generate CSV’s and push data to a different support site for vendor invoice consumption.",,Eitan Fireberg,,,,621f1c4f94f7e20069fdd50c,,,,,,,,,,,,,,,,,,,,,,21/Nov/24 12:17 PM;ug:1353b372-f51b-4375-b95a-b04dcee93ca7;Billing 3rd party vendors - Requirements.docx;https://nice-it.atlassian.net/rest/api/3/attachment/content/154933,20/Feb/25 8:13 AM;ug:1353b372-f51b-4375-b95a-b04dcee93ca7;New Invoice structure for 3rd Party Vendors (2).docx;https://nice-it.atlassian.net/rest/api/3/attachment/content/157387,18/Mar/25 2:41 PM;ug:0ae2aa22-d613-49d4-ba65-c117642317c8;New Invoice structure for 3rd Party Vendors (c2cac456-2ae6-4040-a5db-bce4fce3ff88).docx;https://nice-it.atlassian.net/rest/api/3/attachment/content/157803,13/Feb/25 8:30 AM;ug:1353b372-f51b-4375-b95a-b04dcee93ca7;New Invoice structure for 3rd Party Vendors.docx;https://nice-it.atlassian.net/rest/api/3/attachment/content/157270,25/Nov/24 11:23 AM;ug:1353b372-f51b-4375-b95a-b04dcee93ca7;Third Party Transcript – operational flow.pptx;https://nice-it.atlassian.net/rest/api/3/attachment/content/155112,,,,,,,,,,,,,,,,,,,,ApprovalsCFValue{approvals=[]},,,,,,No,,,,,,,,,,,,,Billing,Orr Rachlevsky,63db8d66790148a18094867c,,,,,,,,,,,,,,,,,,,,,,{},,inContact,,,,,,,,,,,,,,,,,,,,,,,,"Sizing document change:

PS Architecture change:

PS Methodology change:

PS Project plan change:

Data requirement change:

Update PS Tools:

Training Materials:

Communication:

Update PS Sales:

PS Demo:

General Notes:
1. Alpha testing
2. Beta testing
3. Project Risk Mitigation",FALSE,,,,,,,,,,,,,,,,,Cadebill,,,,,,,,,,,,,,,,,,,,,Cadebill,,,,,,,,,,,,,,,,,,,,,,,,,,,,,,,,,,,,,,,,,,,,,,,,,,1|i02syn:,,,No,,,,,,,,,,,,,Orr Rachlevsky,,,,,,,,,,,,,,,,,,,,,,,,,,,,,,,,,,,,,,,,,,,,,,,,,,,,,,,,,,,,,,,,,,,,,,,,,,,,,,,,,,,,,,,,,,,,,,,,Billing,,,,,,,,,,,,,,,,,,,,,,,,,,,,,,,,,,,,,,,,,,To Do,21/Nov/24 12:17 PM
Separate invoices for same customers,IT-21698,778296,Change Request,Open,IT,IT,software,Ronit Shor,6114ed430b454a00688bb433,,,P3,,Eitan Fireberg,621f1c4f94f7e20069fdd50c,Uri Zernitsky,6114ec5175ad960069a77ba9,Eitan Fireberg,621f1c4f94f7e20069fdd50c,10/Nov/24 11:32 AM,19/May/25 5:00 AM,,,,,,,0,,,"Experian signed 5 years contract.

They ask for separate invoices per category (telco, MRC, PS) – see below.

As separate invoices per category is not supported currently in Cadebill, Jonathan Evans (collections) conducts a manual process to send invoices from Ariba.

 

I think the process should be:

# Billing makes the requirement to NICE IT (Eitan)
# IT provides effort estimation from MCL
# Request is prioritized vs. other requirements
# IT maintains backlog of requests for future prioritization

 

I don’t think this specific request is urgent. Robert & Michael – keep me honest.  I simply want that it will become part of our routine.



 

 

We agreed to give Experian 3 invoices per month as follows:
Invoice #1 - Telecom Usage Only (no PO)
Invoice #2 - MRC Only (PO 4098316756: CX1 Contact Center Platform. Only costs associated with CX1 Contact Center Platform should invoice against this PO.)
Invoice #3 - Professional Services Only (PO 4098316764: Implementation of NICE CX1 for $1,898,363.20)

 

(they also have invoices from WCX. This is ok)",,Eitan Fireberg,,,,621f1c4f94f7e20069fdd50c,,,,,,,,,,,,,,,,,,,,,,19/May/25 5:00 AM;ug:1353b372-f51b-4375-b95a-b04dcee93ca7;Fw_ - Splitting the invoices for an account based on product category. .msg;https://nice-it.atlassian.net/rest/api/3/attachment/content/159317,,,,,,,,,,,,,,,,,,,,,,,,ApprovalsCFValue{approvals=[]},,,,,,No,,,,,,,,,,,,,Billing,Orr Rachlevsky,63db8d66790148a18094867c,,,,,,,,,,,,,,,,,,,,,,{},,inContact,,,,,,,,,,,,,,,,,,,,,,,,"Sizing document change:

PS Architecture change:

PS Methodology change:

PS Project plan change:

Data requirement change:

Update PS Tools:

Training Materials:

Communication:

Update PS Sales:

PS Demo:

General Notes:
1. Alpha testing
2. Beta testing
3. Project Risk Mitigation",FALSE,,,,,,,,,,,,,,,,,Cadebill,,,,,,,,,,,,,,,,,,,,,Cadebill,,,,,,,,,,,,,,,,,,,,,,,,,,,,,,,,,,,,,,,,,,,,,,,,,,1|i02opb:,,,No,,,,,,,,,,,,,Orr Rachlevsky,,,,,,,Run the Business,,,,,,,,,,,,,,,,,,,,,,,,,,,,,,,,,,,,,,,,,,,,,,,,,,,,,,,,,,,,,,,,,,,,,,,,,,,,,,,,,,,,,,,,,Billing,,,,,,,,,,,,,,,,,,,,,,,,,,,,,,,,,,,,,,,,,,To Do,10/Nov/24 11:32 AM
ExpertAI billing logic 26.2 release- support from MCL,IT-34335,865340,Change Request,Ready for Dev,IT,IT,software,Ronit Shor,6114ed430b454a00688bb433,,,P3,,Meital Rashti,70121:33c9c08c-01ca-4a34-ac93-994a2946b894,Uri Zernitsky,6114ec5175ad960069a77ba9,Uri Zernitsky,6114ec5175ad960069a77ba9,11/Jun/26 7:25 AM,10/Aug/26 3:24 PM,11/Aug/26 2:25 PM,,September 2026,,,,0,,,"As part of 26.1 release, we had a billing project for ExpertAI SKUs. We didn’t manage to establish billing logic to support the product requirement. we need IT/MCL support to check if we can support such requirement and help to developed a logic to support it. 

Can you build a custom function that reads the contracted quantities of both the Standard and Advanced user SKUs on the same account and returns their sum × 100 as the Included quantity? this is for SKUs 7075-3996 + 7075-3997. for other SKUs in this project we have different *X amount

7075-3999 + 7075-3998 should be different *X amount 

Pricing project attached",,Eitan Fireberg,Uri Zernitsky,,,621f1c4f94f7e20069fdd50c,6114ec5175ad960069a77ba9,,,,,,,,,,,,,,,,,,,,,11/Jun/26 7:24 AM;ug:1ce7593e-dd0a-4d94-af42-0ed39b158415;Expert_26.1-NewSKU-Adjustment-Final.xlsb;https://nice-it.atlassian.net/rest/api/3/attachment/content/190087,,,,,,,,,,,,,,,,,,,,,Meital Rashti,70121:33c9c08c-01ca-4a34-ac93-994a2946b894,,ApprovalsCFValue{approvals=[]},,,,,,No,,,,,,,,,,,,,Billing,Asa Barnea,6114ec50c51f3a00696cf9ed,,,,,,,,,,,,,,,,,,,,,,{},,CX,,,,,,,,,,,,,,,,,,,,,,,,"Sizing document change:

PS Architecture change:

PS Methodology change:

PS Project plan change:

Data requirement change:

Update PS Tools:

Training Materials:

Communication:

Update PS Sales:

PS Demo:

General Notes:
1. Alpha testing
2. Beta testing
3. Project Risk Mitigation",FALSE,,,,,,,,,,,,,,,,,Cadebill,,,,,,,,,,,,,,,,,,,,,Cadebill,,,,,,,,,,,,,,,,,,,,,,,,,,,New,,,,,,,,,,,,,,,,,,,,,,,1|i0bns3:,,,No,,,,,,,,,,,,,Uri Zernitsky,,,,,,,,,,,,,,,,,,,,,,,,,,,,,,,,,IT S68 (27 Jul - 10 Aug 2026),IT S69 (10 Aug - 24 Aug 2026),,,,,,,,,,,,,,,,,,,,,,,,,,,,,,,,,,,,,,,,,,,,,,,,1.0,,,,,,,,,,,,,,Billing,,,,,,,,,,,,,,,,,,,,,,,,,,,2026-08-04 11:30:13.83,,,,04/Aug/26 11:30 AM;621f1c4f94f7e20069fdd50c;[https://niceonline.sharepoint.com/:w:/r/teams/BillingIT/Shared%20Documents/General/Design%20Documents/MCL%20Design%20Documents/IT%20-%2034335%20-%20Expert%20AI%20End%20to%20End%20Testing%20Use%20Case%20Query%20Discussion.docx?d=wc02b8654f9a342f885bace1fbe3d99a2&csf=1&web=1&e=GeJd88|https://niceonline.sharepoint.com/:w:/r/teams/BillingIT/Shared%20Documents/General/Design%20Documents/MCL%20Design%20Documents/IT%20-%2034335%20-%20Expert%20AI%20End%20to%20End%20Testing%20Use%20Case%20Query%20Discussion.docx?d=wc02b8654f9a342f885bace1fbe3d99a2&csf=1&web=1&e=GeJd88|smart-link],,,,,,,,,,,To Do,11/Jun/26 7:25 AM
Agent AI Rebate SKU – Requirements,IT-33161,855069,Change Request,Ready for Dev,IT,IT,software,Ronit Shor,6114ed430b454a00688bb433,,,P3,,Meital Rashti,70121:33c9c08c-01ca-4a34-ac93-994a2946b894,Uri Zernitsky,6114ec5175ad960069a77ba9,Uri Zernitsky,6114ec5175ad960069a77ba9,15/Apr/26 6:03 AM,10/Aug/26 3:23 PM,11/Aug/26 3:16 PM,,September 2026,,,,0,,,"A major new ELT promotion to accelerate Contact Center transition from agents to AI

Create Charges of AI SKUs in a particular month * xx% . List of SKUs attach

the logic is charges of AI SKUs in *a particular month* * xx%

*Process:*

First phase: The existence and the % of Agent AI Rebate will be defined in the contract (not CPQ quote line) and will be entered by OM to Customer Configuration

*xx %*

% would be either 5% / 10% / 20%

Will be defined in the contract. First phase, it will be entered by OM.

*Location on the invoice*

“Agent AI Rebate” should appear in the *Subscriptions* section.

AI SKUs appear in the Transaction section

*Minimum*

Agent AI Rebate should be part of minimum calculation

*Parent-Child*

OM are responsible for adding the AI Agent Rebate to all children in customer configuration, if a parent has the rebate mechanism in their contract

 

*Credit and backbills*

Credits and backbills for the AI SKUs should be considered when calculating the rebate

Minimum offset would have to be manually calculated by credit review team, which will be counterfactual joy.",,Meital Rashti,Uri Zernitsky,,,70121:33c9c08c-01ca-4a34-ac93-994a2946b894,6114ec5175ad960069a77ba9,,,,,,,,,,,,,,,,,,,,,15/Apr/26 6:04 AM;ug:1ce7593e-dd0a-4d94-af42-0ed39b158415;Agent AI Rebate SKU.docx;https://nice-it.atlassian.net/rest/api/3/attachment/content/183834,06/Aug/26 9:42 AM;ug:09c91872-a878-4f07-97a1-3f1811d26aca;CB_Implementation_IT-33161 - Agent AI Rebate SKU (c5a06531-2977-453b-9b0e-92d91949cd75).docx;https://nice-it.atlassian.net/rest/api/3/attachment/content/203304,05/Aug/26 11:06 AM;ug:1353b372-f51b-4375-b95a-b04dcee93ca7;CB_Implementation_IT-33161 - Agent AI Rebate SKU.docx;https://nice-it.atlassian.net/rest/api/3/attachment/content/202927,,,,,,,,,,,,,,,,,,,Meital Rashti,70121:33c9c08c-01ca-4a34-ac93-994a2946b894,,ApprovalsCFValue{approvals=[]},,,,,,No,,,,,,,,,,,,,Billing,Orr Rachlevsky,63db8d66790148a18094867c,,,,,,,,,,,,,,,,,,,,,,{},,CX,,,,,,,,,,,,,,,,,,,,,,,,"Sizing document change:

PS Architecture change:

PS Methodology change:

PS Project plan change:

Data requirement change:

Update PS Tools:

Training Materials:

Communication:

Update PS Sales:

PS Demo:

General Notes:
1. Alpha testing
2. Beta testing
3. Project Risk Mitigation",FALSE,,,,,,,,,,,,,,,,,Cadebill,,,,,,,,,,,,,,,,,,,,,Cadebill,,,,,,,,,,,,,,,,,,,,,,,,,,,New,,,,,,,,,,,,,,,,,,,,,,,1|i0aoz7:,,,No,,,,,,,,,,,,,Orr Rachlevsky,,,,,,,,,,,,,,,,,,,,,,,,,,,,,,,,,IT S66 (29 Jun - 13 Jul 2026),IT S67 (13 Jul - 27 Jul 2026),IT S68 (27 Jul - 10 Aug 2026),IT S69 (10 Aug - 24 Aug 2026),,,,,,,,,,,,,,,,,,,,,,,,,,,,,,,,,,,,,,,,,,,,,,5.0,,,,,,,,,,,,,,Billing,,,,,,,,,,,,,,,,,,,,,,,,,,,2026-05-26 11:02:00.486,,,,26/May/26 11:02 AM;70121:33c9c08c-01ca-4a34-ac93-994a2946b894;[https://niceonline.sharepoint.com/:w:/r/teams/BillingIT/Shared%20Documents/General/Design%20Documents/Billing%20Releases/2026/Agent%20AI%20Rebate%20SKU%20-%20Design%20Document.docx?d=w9db022efb33e44b4981e2505287fa044&csf=1&web=1&e=9XZojN|https://niceonline.sharepoint.com/:w:/r/teams/BillingIT/Shared%20Documents/General/Design%20Documents/Billing%20Releases/2026/Agent%20AI%20Rebate%20SKU%20-%20Design%20Document.docx?d=w9db022efb33e44b4981e2505287fa044&csf=1&web=1&e=9XZojN|smart-link],,,,,,,,,,,To Do,15/Apr/26 6:03 AM
Phase 1 - Cadebill Credit Memo Automation (MCL),IT-31493,840267,Change Request,Ready for Dev,IT,IT,software,Ronit Shor,6114ed430b454a00688bb433,,,P3,,Jonathan Jensen,712020:4c7bb93a-69d9-47b6-bc60-f97d9b955661,Jonathan Jensen,712020:4c7bb93a-69d9-47b6-bc60-f97d9b955661,Jonathan Jensen,712020:4c7bb93a-69d9-47b6-bc60-f97d9b955661,30/Jan/26 10:09 PM,24/Jun/26 5:52 PM,,,October 2026,,,,0,,,"# Estimated Period: July 1 – October 15, 2026.
# Production deployment to be around 1^st^ week of September.
# Estimated Cost: $45,000

|1|Setting up base tables needed for workflow, develop a workflow process|
|2|Support Invoice Line level adjustments, submit to workflow|
|3|Support Account Level adjustments, submit to workflow|
|4|Develop APIs for Workato to pull data from Cadebill to send to Salesforce|
|5|Develop APIs for Workato to push data into Cadebill from Salesforce|
|6|Develop UI to view the various adjustments that are in the workflow, view credit memos, move items between workflow states, support bulk submissions|
|7|Email automation, dashboards, UI helpers|
|8|Credit Memo Templates|
|9|UAT, assist MIS team, Salesforce team as needed|
|10|Deploy to production and test|
|11|Post Production support for 30 days|

 

!Blank diagram (3).png|width=1034,alt=""Blank diagram (3).png""!",,Jonathan Jensen,,,,712020:4c7bb93a-69d9-47b6-bc60-f97d9b955661,,,,,,,,,,,,,,,,,,,,,,24/Jun/26 4:38 PM;5d660108-31f4-4202-8e32-73ae87acfd1a;01_MCL_Cadebill_Requirements_v1.1.docx;https://nice-it.atlassian.net/rest/api/3/attachment/content/192221,24/Jun/26 5:42 PM;5d660108-31f4-4202-8e32-73ae87acfd1a;Blank diagram (3).png;https://nice-it.atlassian.net/rest/api/3/attachment/content/192225,24/Jun/26 4:40 PM;5d660108-31f4-4202-8e32-73ae87acfd1a;Credit_Memo_SOW_v1.docx;https://nice-it.atlassian.net/rest/api/3/attachment/content/192222,,,,,,,,,,,,,,,,,,,Jonathan Jensen,712020:4c7bb93a-69d9-47b6-bc60-f97d9b955661,,ApprovalsCFValue{approvals=[]},,,,,,No,,,,,,,,,,,,,Billing,Jason Williams,5b32a2c69049987392f67ac6,,,,,,,,,,,,,,,,,,,,,,{},,CX,,,,,,,,,,,,,,,,,,,,,,,,"Sizing document change:

PS Architecture change:

PS Methodology change:

PS Project plan change:

Data requirement change:

Update PS Tools:

Training Materials:

Communication:

Update PS Sales:

PS Demo:

General Notes:
1. Alpha testing
2. Beta testing
3. Project Risk Mitigation",,,,,,,,,,,,,,,,,,Cadebill,,,,,,,,,,,,,,,,,,,,,Cadebill,,,,,,,,,,,,,,,,,,,,,,,,,,,New,,,,,,,,,,,,,,,,,,,,,,,1|i09isr:,,,No,,,,,,,,,,,,,Robert Gordan,,,,,,,,,,,,,,,,,,,,,,,,,,,,,,,,,CX Sprint 26.10,,,,,,,,,,,,,,,,,,,,,,,,,,,,,,,,,,,,,,,,,,,,,,,,,1.0,,,,,,,,,,,,,,Billing,,,,,,,,,,,,,,,,,,,,,,,,,,,,,,,20/Apr/26 11:48 AM;712020:4c7bb93a-69d9-47b6-bc60-f97d9b955661;This is a test,,,,,,,,,,,To Do,30/Jan/26 10:09 PM
MyGlobal Usage Anomaly Report,IT-21779,778539,Change Request,Ready for Dev,IT,IT,software,Ronit Shor,6114ed430b454a00688bb433,,,P3,,Yana Gurevich,6335750888ed2ebef97ca2a5,Eitan Fireberg,621f1c4f94f7e20069fdd50c,Eitan Fireberg,621f1c4f94f7e20069fdd50c,13/Nov/24 6:23 AM,10/Aug/26 3:23 PM,,,January 2025,,,,0,,,"*Subject:* RE: Bring MyGlobal data to Snowflake to detect usage annomalys

 

|Region|Servername|Domain|IP|username|
|LAB|ENG-INDBS01|IN.LAB|172.20.30.166|billing2snowflake|
|PROD|LAX-INDBS01|[INUCN.COM|http://INUCN.COM]|172.23.30.100|billing2snowflake|

 

(I will send the passwords in Teams)

|DatabaseName|MyGlobal| |
| | | |
|TableName|Billing_ProductUsage|(about 35k rows per day)|
|TableName|Billing_ProductType|(about 850 rows total – data rarely changes)|

 

The billing2snowflake user only has SELECT permissions on these 2 tables.

 

Sample queries:

 

_use myglobal SET TRANSACTION ISOLATION LEVEL READ UNCOMMITTED;_

_select serverName, bus_no, prodTypeID,prodAmt,fileType,storageType,queryDate_    

_from Billing_ProductUsage_

_WHERE CAST(queryDate as date) > CAST(dateadd(dd,-1,getdate()) as date)_

_and queryDate < getdate();_

 

_use myglobal SET TRANSACTION ISOLATION LEVEL READ UNCOMMITTED;_

_select prodTypeID, prodTypeName, prodTypeDesc, isActive, partnerBusinessUnit_

_from Billing_ProductType;_",,Eitan Fireberg,Yana Gurevich,,,621f1c4f94f7e20069fdd50c,6335750888ed2ebef97ca2a5,,,,,,,,,,,,,,,,,,,,,,,,,,,,,,,,,,,,,,,,,,Yana Gurevich,6335750888ed2ebef97ca2a5,,ApprovalsCFValue{approvals=[]},,,,,,No,,,,,,,,,,,,,Billing,Orr Rachlevsky,63db8d66790148a18094867c,,,,,,,,,,,,,,,,,,,Ortal Naftaly,6114ec587ab143006e94fb46,,{},,inContact,,,,,,,,,,,,,,,,,,,,,,,,"Sizing document change:

PS Architecture change:

PS Methodology change:

PS Project plan change:

Data requirement change:

Update PS Tools:

Training Materials:

Communication:

Update PS Sales:

PS Demo:

General Notes:
1. Alpha testing
2. Beta testing
3. Project Risk Mitigation",FALSE,,,,,,,,,,,,,,,,,Cadebill,,,,,,,,,,,,,,,,,,,,,Cadebill,,,,,,,,,,,,,,,,,,,,,,,,,,,,,,,,,,,,,,,,,,,,,,,,,,1|i02pyn:,,,No,,,,,,,,,,,,,eitan fireberg,,,,,,,,,,,,,,,,,,,,,,,,,,,,,,,,,IT S24 (18 Nov - 2 Dec 2024),IT S25 (2 Dec - 16 Dec 2024),IT S26 (16 Dec - 30 Dec 2024),IT S27 (30 Dec - 13 Jan 2025),IT S28 (13 Jan - 27 Jan 2025),IT S29 (27 Jan - 10 Feb 2025),IT S30 (10 Feb - 24 Feb 2025),IT S31 (24 Feb - 10 Mar 2025),IT S32 (10 Mar - 24 Mar 2025),IT S33 (24 Mar - 7 Apr 2025),IT S34 (7 Apr - 21 Apr 2025),IT S35 (21 Apr - 5 May 2025),IT S36 (5 May - 19 May 2025),IT S37 (19 May - 2 Jun 2025),IT S38 (2 Jun - 16 Jun 2025),IT S39 (16 Jun - 30 Jun 2025),IT S40 (30 Jun - 14 Jul 2025),IT S41 (14 Jul - 28 Jul 2025),IT S42 (28 Jul - 11 Aug 2025),IT S43 (11 Aug - 25 Aug 2025),IT S44 (25 Aug -  8 Sep 2025),IT S45 (8 Sep - 22 Sep 2025),IT S46 (22 Sep - 6 Oct 2025),IT S47 (6 Oct - 20 Oct 2025),IT S48 (20 Oct - 3 Nov 2025),IT S49 (3 Nov - 17 Nov 2025),IT S50 (17 Nov - 1 Dec 2025),IT S51 (1 Dec - 15 Dec 2025),IT S52 (15 Dec - 29 Dec 2025),IT S53 (29 Dec - 12 Jan 2026),IT S54 (12 Jan - 26 Jan 2026),IT S55 (26 Jan - 9 Feb 2026),IT S56 (9 Feb - 23 Feb 2026),IT S57 (23 Feb - 9 Mar 2026),IT S58 (9 Mar - 23 Mar 2026),IT S59 (23 Mar - 6 Apr 2026),IT S60 (6 Apr - 20 Apr 2026),IT S61 (20 Apr - 4 May 2026),IT S62 (4 May - 18 May 2026),IT S63 (18 May - 1 Jun 2026),IT S64 (1 Jun - 15 Jun 2026),IT S65 (15 Jun - 29 Jun 2026),IT S66 (29 Jun - 13 Jul 2026),IT S67 (13 Jul - 27 Jul 2026),IT S68 (27 Jul - 10 Aug 2026),IT S69 (10 Aug - 24 Aug 2026),,,,2.0,,,,,,,,,,,,,,Billing,,,,,,,,,,,,,,,,,,,,,,,,,,,2024-11-24 15:49:24.648,,,,"24/Nov/24 3:49 PM;6335750888ed2ebef97ca2a5;Please use the Snowflake UI tool on the table 
*select* * *from* BIPRODDB.dWH_CADEBILL.BILLING_PRODUCTUSAGE
**make sure it covers the description above.

",,,,,,,,779234,IT-21977,Certified Billing Data Model,To Do,13/Nov/24 6:23 AM
Quote to Cadebill currency discrepancy,IT-33874,861387,Change Request,Design,IT,IT,software,Ronit Shor,6114ed430b454a00688bb433,,,P3,,Meital Rashti,70121:33c9c08c-01ca-4a34-ac93-994a2946b894,Uri Zernitsky,6114ec5175ad960069a77ba9,Uri Zernitsky,6114ec5175ad960069a77ba9,20/May/26 7:44 PM,10/Aug/26 3:23 PM,12/Aug/26 2:34 PM,,,,,,0,,,"We need SF to send Currency through Workato, Cadebill to compare to Customer Currency ID and generate a unique error message if they do not match.

The requiered flow should be :comparison should happen as part of CB quote automation, then Cadebill to compare quote currency to Customer Currency ID and generate a unique error message if they do not match…



Please see attachment for email reference",,Eitan Fireberg,Uri Zernitsky,,,621f1c4f94f7e20069fdd50c,6114ec5175ad960069a77ba9,,,,,,,,,,,,,,,,,,,,,20/May/26 7:44 PM;ug:1ce7593e-dd0a-4d94-af42-0ed39b158415;New CR to create .msg;https://nice-it.atlassian.net/rest/api/3/attachment/content/186451,,,,,,,,,,,,,,,,,,,,,Eitan Fireberg,621f1c4f94f7e20069fdd50c,,ApprovalsCFValue{approvals=[]},,,,,,No,,,,,,,,,,,,,Billing,Roi Yossefi,6114ec8f8c15ca006feba02a,,,,,,,,,,,,,,,,,,,,,,{},,CX,,,,,,,,,,,,,,,,,,,,,,,,"Sizing document change:

PS Architecture change:

PS Methodology change:

PS Project plan change:

Data requirement change:

Update PS Tools:

Training Materials:

Communication:

Update PS Sales:

PS Demo:

General Notes:
1. Alpha testing
2. Beta testing
3. Project Risk Mitigation",FALSE,,,,,,,,,,,,,,,,,Cadebill,,,,,,,,,,,,,,,,,,,,,Cadebill,,,,,,,,,,,,,,,,,,,,,,,,,,,New,,,,,,,,,,,,,,,,,,,,,,,1|i0baoj:,,,No,,,,,,,,,,,,,Michal Mugerman,,,,,,,,,,,,,,,,,,,,,,,,,,,,,,,,,IT S68 (27 Jul - 10 Aug 2026),IT S69 (10 Aug - 24 Aug 2026),,,,,,,,,,,,,,,,,,,,,,,,,,,,,,,,,,,,,,,,,,,,,,,,1.0,,,,,,,,,,,,,,Billing,,,,,,,,,,,,,,,,,,,,,,,,,,,2026-05-27 11:13:49.67,,,,27/May/26 11:13 AM;621f1c4f94f7e20069fdd50c;We need what is the exact process you need this comparison to be? as part of contract or quate automation? Can it be run periodically?,22/Jul/26 11:24 AM;621f1c4f94f7e20069fdd50c;[~accountid:6114ec8f8c15ca006feba02a] [~accountid:63db8d66790148a18094867c] please schedule a meeting. We need to know what is the correct scenario it happens - contract or quote ittself? We will have to add currency to the Json and fail the quote with error message.,"01/Aug/26 3:33 PM;621f1c4f94f7e20069fdd50c;At present,  account currency is not sent in the request JSON. We need account currency in request to match with the Cadebill account currency.

As discussed, I am sharing the expected placement of fields in the request JSON.

 

@Rahul Bais: Please review the JSON and let us know the feasibility of adding “_account_no_” and “_account_currency_id_”  fields in the JSON.

 

{

  ""data"": {

    ""request_id"": ""20260727130252-4174"",

    *""account_no"": 4605294,*

    *""account_currency_id"": 289,*

    ""customer_product_details"": [{}],

    ""account_volume_discount"": [{}]

  }

}

 ",,,,,,,,,To Do,20/May/26 7:44 PM
Update Active Storage Billing Usage,IT-24301,784168,Change Request,Design,IT,IT,software,Ronit Shor,6114ed430b454a00688bb433,,,P3,,Jonathan Jensen,712020:4c7bb93a-69d9-47b6-bc60-f97d9b955661,Eitan Fireberg,621f1c4f94f7e20069fdd50c,Eitan Fireberg,621f1c4f94f7e20069fdd50c,09/Apr/25 2:45 AM,10/Aug/26 3:23 PM,,,May 2025,,,,0,MCL,,"For individual BUs, when quoting bundles/products that include free storage per seat with other bundles/products that also include free storage per seat, combine the free storage for the total that is subtracted from the actual billing usage.",,Eitan Fireberg,,,,621f1c4f94f7e20069fdd50c,,,,,,,,,,,,,,,,,,,,,,02/May/25 3:45 PM;5d660108-31f4-4202-8e32-73ae87acfd1a;IT - 24301 (MIS) Multi ACD.docx;https://nice-it.atlassian.net/rest/api/3/attachment/content/158837,,,,,,,,,,,,,,,,,,,,,Jonathan Jensen,712020:4c7bb93a-69d9-47b6-bc60-f97d9b955661,,ApprovalsCFValue{approvals=[]},,,,,,No,,,,,,,,,,,,,Billing,Orr Rachlevsky,63db8d66790148a18094867c,,,,,,,,,,,,,,,,,,,,,,{},,CX,,,,,,,,,,,,,,,,,,,,,,,,"Sizing document change:

PS Architecture change:

PS Methodology change:

PS Project plan change:

Data requirement change:

Update PS Tools:

Training Materials:

Communication:

Update PS Sales:

PS Demo:

General Notes:
1. Alpha testing
2. Beta testing
3. Project Risk Mitigation",FALSE,,,,,,,,,,,,,,,,,Cadebill,,,,,,,,,,,,,,,,,,,,,Cadebill,,,,,,,,,,,,,,,,,,,,,,,,,,,New,,,,,,,,,,,,,,,,,,,,,,,1|i03ilr:,,,No,,,,,,,,,,,,,Robert Gordon,,,,,,,,,,,,,,,,,,,,,,,,,,,,,,,,,IT S34 (7 Apr - 21 Apr 2025),IT S35 (21 Apr - 5 May 2025),IT S36 (5 May - 19 May 2025),IT S37 (19 May - 2 Jun 2025),IT S38 (2 Jun - 16 Jun 2025),IT S39 (16 Jun - 30 Jun 2025),IT S40 (30 Jun - 14 Jul 2025),IT S41 (14 Jul - 28 Jul 2025),IT S42 (28 Jul - 11 Aug 2025),IT S43 (11 Aug - 25 Aug 2025),IT S44 (25 Aug -  8 Sep 2025),IT S45 (8 Sep - 22 Sep 2025),IT S46 (22 Sep - 6 Oct 2025),IT S47 (6 Oct - 20 Oct 2025),IT S48 (20 Oct - 3 Nov 2025),IT S49 (3 Nov - 17 Nov 2025),IT S50 (17 Nov - 1 Dec 2025),IT S51 (1 Dec - 15 Dec 2025),IT S52 (15 Dec - 29 Dec 2025),IT S53 (29 Dec - 12 Jan 2026),IT S54 (12 Jan - 26 Jan 2026),IT S55 (26 Jan - 9 Feb 2026),IT S56 (9 Feb - 23 Feb 2026),IT S57 (23 Feb - 9 Mar 2026),IT S58 (9 Mar - 23 Mar 2026),IT S59 (23 Mar - 6 Apr 2026),IT S60 (6 Apr - 20 Apr 2026),IT S61 (20 Apr - 4 May 2026),IT S62 (4 May - 18 May 2026),IT S63 (18 May - 1 Jun 2026),IT S64 (1 Jun - 15 Jun 2026),IT S65 (15 Jun - 29 Jun 2026),IT S66 (29 Jun - 13 Jul 2026),IT S67 (13 Jul - 27 Jul 2026),IT S68 (27 Jul - 10 Aug 2026),IT S69 (10 Aug - 24 Aug 2026),,,,,,,,,,,,,,2.0,,,,,,,,,,,,,,Billing,,,,,,,,,,,,,,,,,,,,,,,,,,,,,,,,,,,,,,,,,,To Do,09/Apr/25 2:45 AM
Pre Billing Cycle Sch Charges and Invoices Reports,IT-22380,780464,Change Request,Design,IT,IT,software,Ronit Shor,6114ed430b454a00688bb433,,,P3,,Michael Langburd,712020:6267be66-72d7-42c2-bd78-dbec81dccedb,Eitan Fireberg,621f1c4f94f7e20069fdd50c,Eitan Fireberg,621f1c4f94f7e20069fdd50c,19/Dec/24 11:38 AM,10/Aug/26 3:23 PM,,,February 2025,,,,0,MCL,On_Hold,Pre Billing Cycle Sch Charges and Invoices Reports,,Dana Trybiasz,Eitan Fireberg,,,6114ed43e6e6f80071784a76,621f1c4f94f7e20069fdd50c,,,,,,,,,,,,,,,,,,,,,24/Apr/25 3:18 AM;ug:1353b372-f51b-4375-b95a-b04dcee93ca7;Scheduled charges Calculate using UI in Cadebill.docx;https://nice-it.atlassian.net/rest/api/3/attachment/content/158552,,,,,,,,,,,,,,,,,,,,,Michael Langburd,712020:6267be66-72d7-42c2-bd78-dbec81dccedb,,ApprovalsCFValue{approvals=[]},,,,,,No,,,,,,,,,,,,,Billing,Dana Trybiasz,6114ed43e6e6f80071784a76,,,,,,,,,,,,,,,,,,,,,,{},,inContact,,,,,,,,,,,,,,,,,,,,,,,,"Sizing document change:

PS Architecture change:

PS Methodology change:

PS Project plan change:

Data requirement change:

Update PS Tools:

Training Materials:

Communication:

Update PS Sales:

PS Demo:

General Notes:
1. Alpha testing
2. Beta testing
3. Project Risk Mitigation",FALSE,,,,,,,,,,,,,,,,,Cadebill,,,,,,,,,,,,,,,,,,,,,Cadebill,,,,,,,,,,,,,,,,,,,,,,,,,,,,,,,,,,,,,,,,,,,,,,,,,,1|i03007:,,,No,,,,,,,,,,,,,Michael Irizzary,,,,,,,,,,,,,,,,,,,,,,,,,,,,,,,,,IT S28 (13 Jan - 27 Jan 2025),IT S29 (27 Jan - 10 Feb 2025),IT S30 (10 Feb - 24 Feb 2025),IT S31 (24 Feb - 10 Mar 2025),IT S32 (10 Mar - 24 Mar 2025),IT S33 (24 Mar - 7 Apr 2025),IT S34 (7 Apr - 21 Apr 2025),IT S35 (21 Apr - 5 May 2025),IT S36 (5 May - 19 May 2025),IT S37 (19 May - 2 Jun 2025),IT S38 (2 Jun - 16 Jun 2025),IT S39 (16 Jun - 30 Jun 2025),IT S40 (30 Jun - 14 Jul 2025),IT S41 (14 Jul - 28 Jul 2025),IT S42 (28 Jul - 11 Aug 2025),IT S43 (11 Aug - 25 Aug 2025),IT S44 (25 Aug -  8 Sep 2025),IT S45 (8 Sep - 22 Sep 2025),IT S46 (22 Sep - 6 Oct 2025),IT S47 (6 Oct - 20 Oct 2025),IT S48 (20 Oct - 3 Nov 2025),IT S49 (3 Nov - 17 Nov 2025),IT S50 (17 Nov - 1 Dec 2025),IT S51 (1 Dec - 15 Dec 2025),IT S52 (15 Dec - 29 Dec 2025),IT S53 (29 Dec - 12 Jan 2026),IT S54 (12 Jan - 26 Jan 2026),IT S55 (26 Jan - 9 Feb 2026),IT S56 (9 Feb - 23 Feb 2026),IT S57 (23 Feb - 9 Mar 2026),IT S58 (9 Mar - 23 Mar 2026),IT S59 (23 Mar - 6 Apr 2026),IT S60 (6 Apr - 20 Apr 2026),IT S61 (20 Apr - 4 May 2026),IT S62 (4 May - 18 May 2026),IT S63 (18 May - 1 Jun 2026),IT S64 (1 Jun - 15 Jun 2026),IT S65 (15 Jun - 29 Jun 2026),IT S66 (29 Jun - 13 Jul 2026),IT S67 (13 Jul - 27 Jul 2026),IT S68 (27 Jul - 10 Aug 2026),IT S69 (10 Aug - 24 Aug 2026),,,,,,,,1.0,,,,,,,,,,,,,,Billing,,,,,,,,,,,,,,,,,,,,,,,,,,,2025-01-27 11:23:38.128,,,,"13/Jan/25 12:56 PM;621f1c4f94f7e20069fdd50c;*Meeting Summary:*

*Meeting Purpose:*
Michael outlined the purpose of the meeting, which is to request a proactive report to identify and resolve rates and charges errors (101 and 102) before the billing cycle begins. Addressing errors in advance aims to smoothen the billing process.

*Report Request:*
Michael emphasized the importance of generating a report that highlights errors before the billing cycle, as the current reports only capture errors after the cycle runs. This proactive measure will allow for timely corrections.

*Error 101 Explanation:*
Swati explained that error code 101 occurs when no recurring charge campaign is available, typically due to manual errors by agents. She suggested generating a report to check if scheduled campaigns or rate plans are mapped to products and sending it to the concerned team for fixing.

* *Cause of Error 101:* Missing scheduled campaigns or rate plans due to manual agent errors.
* *Proposed Solution:* Generate a report to identify such issues before the billing cycle, ensuring they are corrected beforehand.

*Error 102 Explanation:*
Swati further explained that error code 102 arises when a scheduled campaign is defined but lacks a set date. This causes errors for all accounts linked to the product mapped to that campaign.

* *Cause of Error 102:* Scheduled campaigns without a set date.
* *Proposed Solution:* Apply logic to ensure all SKUs are defined inside the scheduled campaign with correct dates, preventing errors.

*Report Scheduling:*
It was discussed the need to schedule the error reports to run before each billing cycle. Swati proposed automating the process by creating a job for this, while Michael suggested running the reports on a weekly basis rather than daily to avoid redundancy.

* *Agreement:* Reports will be scheduled weekly, not daily, to identify and correct errors before the billing cycle.

*Report Creation Timeline:*
Michael inquired about the time required to create these reports. Swati will check with the team and provide an update by the end of the day or tomorrow.

*Documentation Request:*
Dana requested that Swati prepare a small design document outlining the job, its frequency, and execution details for documentation purposes. Swati agreed to provide this before starting the task.

*Weekly Job Agreement:*
Manimaran agreed to the weekly job proposal, suggesting it be scheduled for Fridays or Sundays. They also mentioned the possibility of manually creating the job if required.

*Meeting Conclusion:*
Michael thanked everyone for their contributions and stated that the meeting minutes would be shared afterward. The meeting ended with all participants expressing their gratitude.

*Follow-Up Tasks:*

# *Error Report Generation:* Create a report to identify errors 101 and 102 before the billing cycle and forward it to the concerned team for resolution. (_Assigned to Swati_)
# *Error Report Scheduling:* Schedule the error reports to run weekly to identify and fix errors before the billing cycle. (_Assigned to Swati_)
# *Report Design Documentation:* Prepare a design document detailing the job, frequency, and execution plan. (_Assigned to Swati_)
# *Effort Estimation:* Check with the team and provide an estimate of the time required to create the error reports with the specified logic. (_Assigned to Swati_)

Please let me know if there are any additional points or changes you’d like to discuss.

Thank you for your attention to these items.

 ",27/Jan/25 11:23 AM;6114ed43e6e6f80071784a76;The design will be ready until 31/1.,30/Mar/25 6:31 AM;6114ed43e6e6f80071784a76;[IT-22380 Pre Billing Cycle Sch Charges and Invoices Reports.docx|https://niceonline.sharepoint.com/:w:/r/teams/BillingIT/Shared%20Documents/General/Design%20Documents/Billing%20Releases/2025/May/IT-22380%20Pre%20Billing%20Cycle%20Sch%20Charges%20and%20Invoices%20Reports.docx?d=w368c7a57559c468288adbbf5d5a39e24&csf=1&web=1&e=iZhX6N],"01/Apr/25 7:24 AM;6114ed43e6e6f80071784a76;Based on MIchael 29/3:

Cycles to Exclude:  

* Cycle 5 (since we are not invoicing cycle 5) 

 

Account Types to Exclude: 

* TEST (7) 

 

Exclude End Dated products  where end date is prior to the 1^st^ of the month when the report is run. 

 

Products to Exclude: 

* Local Number Monthly Fee + Setup 

* Toll Free MRC + Setup 

* PIC-C + Setup 

* Cloud Connect Voice + Setup 

* Hosted Softphone + Setup 

* Native SMS Code + Setup 

* ACD/IVR AGENT PACKAGE 

* ACD/IVR STATION PACKAGE 

* ACD/IVR UNIFY STATION PACKAGE 

* ACD/IVR VERIZON PACKAGE 

* ACD/IVR RING CENTRAL PACKAGE 

* ACD/IVR GOEXCELLENT AGENT PACKAGE 

* ACD/IVR UNIFY AGENT PACKAGE 

* ACD/IVR GOEXCELLENT STATION PACKAGE 

 

Exclude SOFTN products with start dates prior to the 1^st^ of the month when report is run. 

 

Exclude SOFTS products  with start dates prior to the 1^st^ of the month when report is run. (Exceptions: Product IDs 1561 & 1892) 

 

NOTES: 

This should also check the Account List price as some products have campaigns set there. 

 ",01/Apr/25 7:24 AM;6114ed43e6e6f80071784a76;Based on MIchael 31/3: the below filter applies to 101 and 102.,"23/Apr/25 1:16 PM;621f1c4f94f7e20069fdd50c;UI for calculating scheduled charges is under -- Transactions -> Generate Charges -> Customer Scheduled Charges.

 

Each cycle takes different time in completing the charges calculation. At the end of each charge calculation, you will see a screen that will show error and other details .

 

 

+Screen shown at the end of charge calculation -+",,,,,,To Do,19/Dec/24 11:38 AM
SureTax validations on Account creation in Cadebill,IT-22379,780459,Change Request,Design,IT,IT,software,Ronit Shor,6114ed430b454a00688bb433,,,P3,,Dana Trybiasz,6114ed43e6e6f80071784a76,Eitan Fireberg,621f1c4f94f7e20069fdd50c,Eitan Fireberg,621f1c4f94f7e20069fdd50c,19/Dec/24 11:21 AM,10/Aug/26 3:23 PM,,,,,,,0,On_Hold,,SureTax validations on Account creation in Cadebill,,Dana Trybiasz,Eitan Fireberg,,,6114ed43e6e6f80071784a76,621f1c4f94f7e20069fdd50c,,,,,,,,,,,,,,,,,,,,,06/Jan/25 8:52 AM;ug:1353b372-f51b-4375-b95a-b04dcee93ca7;SureTax validations on Account creation in Cadebill (IT-22379) - API to retrieve 'Tax Registration Number'.eml;https://nice-it.atlassian.net/rest/api/3/attachment/content/156402,,,,,,,,,,,,,,,,,,,,,Dana Trybiasz,6114ed43e6e6f80071784a76,,ApprovalsCFValue{approvals=[]},,,,,,No,,,,,,,,,,,,,Billing,Uri Zernitsky,6114ec5175ad960069a77ba9,,,,,,,,,,,,,,,,,,,,,,{},,inContact,,,,,,,,,,,,,,,,,,,,,,,,"Sizing document change:

PS Architecture change:

PS Methodology change:

PS Project plan change:

Data requirement change:

Update PS Tools:

Training Materials:

Communication:

Update PS Sales:

PS Demo:

General Notes:
1. Alpha testing
2. Beta testing
3. Project Risk Mitigation",FALSE,,,,,,,,,,,,,,,,,Cadebill,,,,,,,,,,,,,,,,,,,,,Cadebill,,,,,,,,,,,,,,,,,,,,,,,,,,,,,,,,,,,,,,,,,,,,,,,,,,1|i02zz3:,,,No,,,,,,,,,,,,,Katie Dresser,,,,,,,,,,,,,,,,,,,,,,,,,,,,,,,,,IT S27 (30 Dec - 13 Jan 2025),IT S28 (13 Jan - 27 Jan 2025),IT S29 (27 Jan - 10 Feb 2025),IT S30 (10 Feb - 24 Feb 2025),IT S31 (24 Feb - 10 Mar 2025),IT S32 (10 Mar - 24 Mar 2025),IT S33 (24 Mar - 7 Apr 2025),IT S34 (7 Apr - 21 Apr 2025),IT S35 (21 Apr - 5 May 2025),IT S36 (5 May - 19 May 2025),IT S37 (19 May - 2 Jun 2025),IT S38 (2 Jun - 16 Jun 2025),IT S39 (16 Jun - 30 Jun 2025),IT S40 (30 Jun - 14 Jul 2025),IT S41 (14 Jul - 28 Jul 2025),IT S42 (28 Jul - 11 Aug 2025),IT S43 (11 Aug - 25 Aug 2025),IT S44 (25 Aug -  8 Sep 2025),IT S45 (8 Sep - 22 Sep 2025),IT S46 (22 Sep - 6 Oct 2025),IT S47 (6 Oct - 20 Oct 2025),IT S48 (20 Oct - 3 Nov 2025),IT S49 (3 Nov - 17 Nov 2025),IT S50 (17 Nov - 1 Dec 2025),IT S51 (1 Dec - 15 Dec 2025),IT S52 (15 Dec - 29 Dec 2025),IT S53 (29 Dec - 12 Jan 2026),IT S54 (12 Jan - 26 Jan 2026),IT S55 (26 Jan - 9 Feb 2026),IT S56 (9 Feb - 23 Feb 2026),IT S57 (23 Feb - 9 Mar 2026),IT S58 (9 Mar - 23 Mar 2026),IT S59 (23 Mar - 6 Apr 2026),IT S60 (6 Apr - 20 Apr 2026),IT S61 (20 Apr - 4 May 2026),IT S62 (4 May - 18 May 2026),IT S63 (18 May - 1 Jun 2026),IT S64 (1 Jun - 15 Jun 2026),IT S65 (15 Jun - 29 Jun 2026),IT S66 (29 Jun - 13 Jul 2026),IT S67 (13 Jul - 27 Jul 2026),IT S68 (27 Jul - 10 Aug 2026),IT S69 (10 Aug - 24 Aug 2026),,,,,,,2.0,,,,,,,,,,,,,,Billing,,,,,,,,,,,,,,,,,,,,,,,,,,,2025-01-07 17:34:43.34,,,,"06/Jan/25 8:52 AM;621f1c4f94f7e20069fdd50c;Hi,

 

After some investigation we understood that, as part of the international account setup in CadeBill the *Tax ID* that is not populated correctly (or not populated at all) is the *Tax Registration Number,* which is a Company number.

 

We found that there are few APIs that fetch the Tax Registration Number.

Are you familiar with or use the following APIs?

 

_To obtain Tax Registration Codes or VAT Registration Codes of companies worldwide, you can use services and APIs that provide business registration information. Here are some relevant options:_

# *_VIES (VAT Information Exchange System)_*

 

_An official platform by the European Union to verify VAT numbers of companies within the EU._

 

_Provides the ability to validate VAT numbers._

 

_URL: VIES VAT Validation_

 

_Can be integrated using a custom API solution._

 

_---_

 

# *_OpenCorporates API_*

 

_Provides access to business information and tax registrations for companies worldwide._

 

_Includes VAT or Tax ID registrations in certain countries._

 

_URL: OpenCorporates API_

 

_Registration is required to use the API._

 

_---_

 

# *_VATLayer API_*

 

_A dedicated API for VAT number validation and global tax-related information._

 

_Supports company VAT details and tax rates globally._

 

_URL: VATLayer_

 

_Offers free and advanced packages based on your needs._

 

_---_

 

# *_Global Company Registration Databases_*

 

_Local services in specific countries, such as:_

 

_HMRC (UK): Provides VAT registration details._

 

_GSTIN (India): GST details for registered companies._

 

_---_

 

# *_D&B Direct+ (Dun & Bradstreet)_*

 

_Provides global company information, including tax registration details in their business data._

 

_URL: Dun & Bradstreet API_

 ","07/Jan/25 5:34 PM;6114ed43e6e6f80071784a76;Need to discuss with Shirly if an API that fetches the *Tax Registration Number* is worth developing.

If so, the validation should be done directly in SF.  ",08/Jan/25 9:30 AM;6114ed43e6e6f80071784a76;On Hold until further investigation of Roi Yoseffi of the business process.,,,,,,,,,To Do,19/Dec/24 11:21 AM
Billing Health Compare Report,IT-21777,778521,Change Request,Design,IT,IT,software,Ronit Shor,6114ed430b454a00688bb433,,,P3,,Yana Gurevich,6335750888ed2ebef97ca2a5,Eitan Fireberg,621f1c4f94f7e20069fdd50c,Eitan Fireberg,621f1c4f94f7e20069fdd50c,12/Nov/24 5:02 PM,10/Aug/26 3:23 PM,,,,,,,0,,,"Compare monthly Mock and Final billing reports/tables for:

Number of billed customer

Number of invoices

Total amount of money build",,Eitan Fireberg,,,,621f1c4f94f7e20069fdd50c,,,,,,,,,,,,IT-22340,,,,,,,,,,,,,,,,,,,,,,,,,,,,,,,Yana Gurevich,6335750888ed2ebef97ca2a5,,ApprovalsCFValue{approvals=[]},,,,,,No,,,,,,,,,,,,,Billing,Eitan Fireberg,621f1c4f94f7e20069fdd50c,,,,,,,,,,,,,,,,,,,,,,{},,inContact,,,,,,,,,,,,,,,,,,,,,,,,"Sizing document change:

PS Architecture change:

PS Methodology change:

PS Project plan change:

Data requirement change:

Update PS Tools:

Training Materials:

Communication:

Update PS Sales:

PS Demo:

General Notes:
1. Alpha testing
2. Beta testing
3. Project Risk Mitigation",FALSE,,,,,,,,,,,,,,,,,BINA,Cadebill,,,,,,,,,,,,,,,,,,,,Cadebill,,,,,,,,,,,,,,,,,,,,,,,,,,,,,,,,,,,,,,,,,,,,,,,,,,1|i02pv3:,,,No,,,,,,,,,,,,,eitan fireberg,,,,,,,,,,,,,,,,,,,,,,,,,,,,,,,,,IT S23 (4 Nov - 18 Nov 2024),IT S24 (18 Nov - 2 Dec 2024),IT S25 (2 Dec - 16 Dec 2024),IT S26 (16 Dec - 30 Dec 2024),IT S27 (30 Dec - 13 Jan 2025),IT S28 (13 Jan - 27 Jan 2025),IT S29 (27 Jan - 10 Feb 2025),IT S30 (10 Feb - 24 Feb 2025),IT S31 (24 Feb - 10 Mar 2025),IT S32 (10 Mar - 24 Mar 2025),IT S33 (24 Mar - 7 Apr 2025),IT S34 (7 Apr - 21 Apr 2025),IT S35 (21 Apr - 5 May 2025),IT S36 (5 May - 19 May 2025),IT S37 (19 May - 2 Jun 2025),IT S38 (2 Jun - 16 Jun 2025),IT S39 (16 Jun - 30 Jun 2025),IT S40 (30 Jun - 14 Jul 2025),IT S41 (14 Jul - 28 Jul 2025),IT S42 (28 Jul - 11 Aug 2025),IT S43 (11 Aug - 25 Aug 2025),IT S44 (25 Aug -  8 Sep 2025),IT S45 (8 Sep - 22 Sep 2025),IT S46 (22 Sep - 6 Oct 2025),IT S47 (6 Oct - 20 Oct 2025),IT S48 (20 Oct - 3 Nov 2025),IT S49 (3 Nov - 17 Nov 2025),IT S50 (17 Nov - 1 Dec 2025),IT S51 (1 Dec - 15 Dec 2025),IT S52 (15 Dec - 29 Dec 2025),IT S53 (29 Dec - 12 Jan 2026),IT S54 (12 Jan - 26 Jan 2026),IT S55 (26 Jan - 9 Feb 2026),IT S56 (9 Feb - 23 Feb 2026),IT S57 (23 Feb - 9 Mar 2026),IT S58 (9 Mar - 23 Mar 2026),IT S59 (23 Mar - 6 Apr 2026),IT S60 (6 Apr - 20 Apr 2026),IT S61 (20 Apr - 4 May 2026),IT S62 (4 May - 18 May 2026),IT S63 (18 May - 1 Jun 2026),IT S64 (1 Jun - 15 Jun 2026),IT S65 (15 Jun - 29 Jun 2026),IT S66 (29 Jun - 13 Jul 2026),IT S67 (13 Jul - 27 Jul 2026),IT S68 (27 Jul - 10 Aug 2026),IT S69 (10 Aug - 24 Aug 2026),,,3.0,,,,,,,,,,,,,,Billing,,,,,,,,,,,,,,,,,,,,,,,,,,,,,,,,,,,,,,,779234,IT-21977,Certified Billing Data Model,To Do,12/Nov/24 5:02 PM
Exclude following SKU from integration 610347-3185-XXX,IT-27547,811086,Change Request,Design,IT,IT,software,Ronit Shor,6114ed430b454a00688bb433,,,P3,,Michael Langburd,712020:6267be66-72d7-42c2-bd78-dbec81dccedb,Meital Rashti,70121:33c9c08c-01ca-4a34-ac93-994a2946b894,Meital Rashti,70121:33c9c08c-01ca-4a34-ac93-994a2946b894,13/Aug/25 8:14 AM,10/Aug/26 3:23 PM,12/Aug/26 2:34 PM,,,,,,0,,,"Exclude the following SKU from integration 610347-3185-XXX.
Similar to the project we opened to 610064-000-000-XX ",,Meital Rashti,Michael Langburd,,,70121:33c9c08c-01ca-4a34-ac93-994a2946b894,712020:6267be66-72d7-42c2-bd78-dbec81dccedb,,,,,,,,,,,,,,,,,,,,,,,,,,,,,,,,,,,,,,,,,,Michael Langburd,712020:6267be66-72d7-42c2-bd78-dbec81dccedb,,ApprovalsCFValue{approvals=[]},,,,,,No,,,,,,,,,,,,,Billing,Orr Rachlevsky,63db8d66790148a18094867c,,,,,,,,,,,,,,,,,,,,,,{},,,,,,,,,,,,,,,,,,,,,,,,,,"Sizing document change:

PS Architecture change:

PS Methodology change:

PS Project plan change:

Data requirement change:

Update PS Tools:

Training Materials:

Communication:

Update PS Sales:

PS Demo:

General Notes:
1. Alpha testing
2. Beta testing
3. Project Risk Mitigation",FALSE,,,,,,,,,,,,,,,,,Cadebill,,,,,,,,,,,,,,,,,,,,,Cadebill,,,,,,,,,,,,,,,,,,,,,,,,,,,New,,,,,,,,,,,,,,,,,,,,,,,1|i073u3:,,,No,,,,,,,,,,,,,Robert Gordon,,,,,,,,,,,,,,,,,,,,,,,,,,,,,,,,,IT S44 (25 Aug -  8 Sep 2025),IT S45 (8 Sep - 22 Sep 2025),IT S46 (22 Sep - 6 Oct 2025),IT S47 (6 Oct - 20 Oct 2025),IT S48 (20 Oct - 3 Nov 2025),IT S49 (3 Nov - 17 Nov 2025),IT S50 (17 Nov - 1 Dec 2025),IT S51 (1 Dec - 15 Dec 2025),IT S52 (15 Dec - 29 Dec 2025),IT S53 (29 Dec - 12 Jan 2026),IT S54 (12 Jan - 26 Jan 2026),IT S55 (26 Jan - 9 Feb 2026),IT S56 (9 Feb - 23 Feb 2026),IT S57 (23 Feb - 9 Mar 2026),IT S58 (9 Mar - 23 Mar 2026),IT S59 (23 Mar - 6 Apr 2026),IT S60 (6 Apr - 20 Apr 2026),IT S61 (20 Apr - 4 May 2026),IT S62 (4 May - 18 May 2026),IT S63 (18 May - 1 Jun 2026),IT S64 (1 Jun - 15 Jun 2026),IT S65 (15 Jun - 29 Jun 2026),IT S66 (29 Jun - 13 Jul 2026),IT S67 (13 Jul - 27 Jul 2026),IT S68 (27 Jul - 10 Aug 2026),IT S69 (10 Aug - 24 Aug 2026),,,,,,,,,,,,,,,,,,,,,,,,2.0,,,,,,,,,,,,,,Billing,,,,,,,,,,,,,,,,,,,,,,,,,,,2025-09-25 12:06:52.06,,,,"13/Aug/25 8:15 AM;70121:33c9c08c-01ca-4a34-ac93-994a2946b894;[~accountid:712020:6267be66-72d7-42c2-bd78-dbec81dccedb] , please share the testing results","19/Aug/25 4:32 AM;70121:33c9c08c-01ca-4a34-ac93-994a2946b894;Opportunity - 361047

Q-188427",25/Sep/25 12:06 PM;712020:6267be66-72d7-42c2-bd78-dbec81dccedb;The SKU was excluded from the automation,,,,,,,,,To Do,13/Aug/25 8:14 AM
SKUDini create product,IT-33994,862381,Story,In Testing,IT,IT,software,Ronit Shor,6114ed430b454a00688bb433,,,P3,,Rivka Eisenstein,62c291d8a7de1e7c7c2cdb87,Rivka Eisenstein,62c291d8a7de1e7c7c2cdb87,Rivka Eisenstein,62c291d8a7de1e7c7c2cdb87,28/May/26 5:44 AM,10/Aug/26 3:23 PM,,,,,,,0,,,PHASE 2 Of creating product,,Rivka Eisenstein,,,,62c291d8a7de1e7c7c2cdb87,,,,,,,,,,,,,,,,,,,,,,,,,,,,,,,2,,,,,,,SNOW Dev,,,,,Meital Rashti,70121:33c9c08c-01ca-4a34-ac93-994a2946b894,,ApprovalsCFValue{approvals=[]},,,,,,No,,,,,,,,,,,,,,,,,,,,,,,,,,,,,,,,,,,,,{},,,Yes,,,,,,,,,,,,,,,,,,,,,,,"Sizing document change:

PS Architecture change:

PS Methodology change:

PS Project plan change:

Data requirement change:

Update PS Tools:

Training Materials:

Communication:

Update PS Sales:

PS Demo:

General Notes:
1. Alpha testing
2. Beta testing
3. Project Risk Mitigation",,,,,,,,,,,,,,,,,,Cadebill,,,,,,,,,,,,,,,,,,,,,Cadebill,,,,,,,,,,,,,,,,,,,,,,,,,,,New,,,,,,,,,,,,,,,,,,,,,,,1|i0bcvf:,,,No,,,,,,,,,,,,,,,,,,,,,,,,,,,,,,,,,,,,,,,,,,,,,,IT S63 (18 May - 1 Jun 2026),IT S64 (1 Jun - 15 Jun 2026),IT S65 (15 Jun - 29 Jun 2026),IT S66 (29 Jun - 13 Jul 2026),IT S67 (13 Jul - 27 Jul 2026),IT S68 (27 Jul - 10 Aug 2026),IT S69 (10 Aug - 24 Aug 2026),,,,,,,,,,,,,,,,,,,,,,,,,,,,,,,,,,,,,,,,,,,,,,,,,,,,,,,,,Billing,,,,,,,,,,,,,,,,,,,,,,,,,,,,,,,,,,,,,,,789683,IT-26708,Automatic Cadebill SKU Creation,In Progress,28/May/26 5:47 AM
SFDC Error - Start date is required ,IT-34548,867429,Change Request,In Development,IT,IT,software,Ronit Shor,6114ed430b454a00688bb433,,,P3,,Meital Rashti,70121:33c9c08c-01ca-4a34-ac93-994a2946b894,Meital Rashti,70121:33c9c08c-01ca-4a34-ac93-994a2946b894,Meital Rashti,70121:33c9c08c-01ca-4a34-ac93-994a2946b894,22/Jun/26 11:26 AM,10/Aug/26 3:24 PM,11/Aug/26 3:17 PM,,August 2026,,,,0,SFDC_Automation_to_Cadebill,,"CPQ started doing NRC quotes based on existing assets (increased quantity) 

instead of new assets.

Need to add the NRC line as new



For example - 348630

For SOFTN catalog, we don't search for CPIDs. Therefore, it is mandatory to send CPID when an amendment request is made and send the start date when it is added as a new product.",,Meital Rashti,,,,70121:33c9c08c-01ca-4a34-ac93-994a2946b894,,,,,,,,,,,,,,,,,,,,,,,,,,,,,,,,,,,,,,,,,,,Meital Rashti,70121:33c9c08c-01ca-4a34-ac93-994a2946b894,,ApprovalsCFValue{approvals=[]},,,,,,No,,,,,,,,,,,,,Billing,Orr Rachlevsky,63db8d66790148a18094867c,,,,,,,,,,,,,,,,,,,,,,{},,,,,,,,,,,,,,,,,,,,,,,,,,"Sizing document change:

PS Architecture change:

PS Methodology change:

PS Project plan change:

Data requirement change:

Update PS Tools:

Training Materials:

Communication:

Update PS Sales:

PS Demo:

General Notes:
1. Alpha testing
2. Beta testing
3. Project Risk Mitigation",FALSE,,,,,,,,,,,,,,,,,Cadebill,,,,,,,,,,,,,,,,,,,,,Cadebill,,,,,,,,,,,,,,,,,,,,,,,,,,,New,,,,,,,,,,,,,,,,,,,,,,,1|i0bvlv:,,,No,,,,,,,,,,,,,Orr Rachlevsky,,,,,,,,,,,,,,,,,,,,,,,,,,,,,,,,,IT S68 (27 Jul - 10 Aug 2026),IT S69 (10 Aug - 24 Aug 2026),,,,,,,,,,,,,,,,,,,,,,,,,,,,,,,,,,,,,,,,,,,,,,,,3.0,,,,,,,,,,,,,,Billing,,,,,,,,,,,,,,,,,,,,,,,,,,,,,,,06/Aug/26 9:59 AM;70121:33c9c08c-01ca-4a34-ac93-994a2946b894;[https://niceonline.sharepoint.com/:w:/r/teams/BillingIT/Shared%20Documents/General/Design%20Documents/Billing%20Releases/2026/IT%20-%2034548%20-%20%20SFDC%20Error%20-%20Start%20date%20is%20required.docx?d=w0d90c33eb01c4329a9cb40c55ebcc809&csf=1&web=1&e=FQs2Oz|https://niceonline.sharepoint.com/:w:/r/teams/BillingIT/Shared%20Documents/General/Design%20Documents/Billing%20Releases/2026/IT%20-%2034548%20-%20%20SFDC%20Error%20-%20Start%20date%20is%20required.docx?d=w0d90c33eb01c4329a9cb40c55ebcc809&csf=1&web=1&e=FQs2Oz|smart-link],,,,,,,,,,,In Progress,06/Aug/26 9:21 AM
AIO - requirements to MCL ,IT-33658,859575,Change Request,In Development,IT,IT,software,Ronit Shor,6114ed430b454a00688bb433,,,P3,,Eitan Fireberg,621f1c4f94f7e20069fdd50c,Eitan Fireberg,621f1c4f94f7e20069fdd50c,Eitan Fireberg,621f1c4f94f7e20069fdd50c,11/May/26 1:21 PM,10/Aug/26 3:23 PM,,,June 2025,,,,0,MCL,,*AIO - requirements to MCL*,,Eitan Fireberg,,,,621f1c4f94f7e20069fdd50c,,,,,,,,,,,,,,,,,,,,,,11/May/26 1:22 PM;ug:1353b372-f51b-4375-b95a-b04dcee93ca7;AIO_Requirements_Improved_Orr (1).docx;https://nice-it.atlassian.net/rest/api/3/attachment/content/185106,,,,,,,,,,,,,,,,,,,,,Eitan Fireberg,621f1c4f94f7e20069fdd50c,,ApprovalsCFValue{approvals=[]},,,,,,No,,,,,,,,,,,,,Billing,Orr Rachlevsky,63db8d66790148a18094867c,,,,,,,,,,,,,,,,,,,,,,{},,CX,,,,,,,,,,,,,,,,,,,,,,,,"Sizing document change:

PS Architecture change:

PS Methodology change:

PS Project plan change:

Data requirement change:

Update PS Tools:

Training Materials:

Communication:

Update PS Sales:

PS Demo:

General Notes:
1. Alpha testing
2. Beta testing
3. Project Risk Mitigation",FALSE,,,,,,,,,,,,,,,,,Cadebill,,,,,,,,,,,,,,,,,,,,,Cadebill,,,,,,,,,,,,,,,,,,,,,,,,,,,New,,,,,,,,,,,,,,,,,,,,,,,1|i0b4zf:,,,No,,,,,,,,,,,,,Orr Rachlevsky,,,,,,,,,,,,,,,,,,,,,,,,,,,,,,,,,IT S63 (18 May - 1 Jun 2026),IT S64 (1 Jun - 15 Jun 2026),IT S65 (15 Jun - 29 Jun 2026),IT S66 (29 Jun - 13 Jul 2026),IT S67 (13 Jul - 27 Jul 2026),IT S68 (27 Jul - 10 Aug 2026),IT S69 (10 Aug - 24 Aug 2026),,,,,,,,,,,,,,,,,,,,,,,,,,,,,,,,,,,,,,,,,,,15.0,,,,,,,,,,,,,,Billing,,,,,,,,,,,,,,,,,,,,,,,,,,,,,,,,,,,,,,,,,,In Progress,12/May/26 4:14 PM
Update Taxable location,IT-31285,837343,Change Request,In Development,IT,IT,software,Ronit Shor,6114ed430b454a00688bb433,,,P3,,Jonathan Jensen,712020:4c7bb93a-69d9-47b6-bc60-f97d9b955661,Uri Zernitsky,6114ec5175ad960069a77ba9,Uri Zernitsky,6114ec5175ad960069a77ba9,21/Jan/26 8:25 PM,10/Aug/26 3:23 PM,11/Aug/26 3:41 PM,,August 2026,,,,0,,,"When existing address is being updated in cadebill, the Taxable location (Postal\Geo Code) should be updated automatically with the new number.

See attach print screen",,Eitan Fireberg,Uri Zernitsky,,,621f1c4f94f7e20069fdd50c,6114ec5175ad960069a77ba9,,,,,,,,,,,,,,,,,,,,,03/Apr/26 8:48 PM;5d660108-31f4-4202-8e32-73ae87acfd1a;IT-31285 Business Requirements Document.pdf;https://nice-it.atlassian.net/rest/api/3/attachment/content/183357,21/Jan/26 8:25 PM;ug:1ce7593e-dd0a-4d94-af42-0ed39b158415;New CR to create.msg;https://nice-it.atlassian.net/rest/api/3/attachment/content/174071,,,,,,,,,,,,,,,,,,,,Jonathan Jensen,712020:4c7bb93a-69d9-47b6-bc60-f97d9b955661,,ApprovalsCFValue{approvals=[]},,,,,,No,,,,,,,,,,,,,OM & Delivery,Roi Yossefi,6114ec8f8c15ca006feba02a,,,,,,,,,,,,,,,,,,,,,,{},,CX,,,,,,,,,,,,,,,,,,,,,,,,"Sizing document change:

PS Architecture change:

PS Methodology change:

PS Project plan change:

Data requirement change:

Update PS Tools:

Training Materials:

Communication:

Update PS Sales:

PS Demo:

General Notes:
1. Alpha testing
2. Beta testing
3. Project Risk Mitigation",FALSE,,,,,,,,,,,,,,,,,Cadebill,,,,,,,,,,,,,,,,,,,,,Cadebill,,,,,,,,,,,,,,,,,,,,,,,,,,,New,,,,,,,,,,,,,,,,,,,,,,,1|i09anv:,,,No,,,,,,,,,,,,,Michal Mugerman,,,,,,,,,,,,,,,,,,,,,,,,,,,,,,,,,IT S68 (27 Jul - 10 Aug 2026),IT S69 (10 Aug - 24 Aug 2026),,,,,,,,,,,,,,,,,,,,,,,,,,,,,,,,,,,,,,,,,,,,,,,,1.0,,,,,,,,,,,,,,Billing,,,,,,,,,,,,,,,,,,,,,,,,,,,2026-08-01 15:37:20.939,,,,"01/Aug/26 3:37 PM;621f1c4f94f7e20069fdd50c;We will create a custom stored procedure, that checks for any insert/update happened in address, and there is value there for postal code / postal code value was modified, in the previous date (current date - 1).

If it is the case, then the postal code value will be used to update the taxable location field.

And we will create a scheduler job to execute this stored procedure every day as nightly job (after 12:00 AM).

We will get this first created and tested in CPQA instance and update once it is ready for UAT.","01/Aug/26 3:37 PM;621f1c4f94f7e20069fdd50c;We will create a custom stored procedure, that checks for any insert/update happened in address, and there is value there for postal code / postal code value was modified, in the previous date (current date - 1).

If it is the case, then the postal code value will be used to update the taxable location field.

And we will create a scheduler job to execute this stored procedure every day as nightly job (after 12:00 AM).

We will get this first created and tested in CPQA instance and update once it is ready for UAT.",,,,,,,,,,In Progress,01/Aug/26 3:38 PM
Phase 2 automation - SF integration with CadeBill,IT-27367,810255,Change Request,In Development,IT,IT,software,Ronit Shor,6114ed430b454a00688bb433,,,P3,,Dana Trybiasz,6114ed43e6e6f80071784a76,Dana Trybiasz,6114ed43e6e6f80071784a76,Dana Trybiasz,6114ed43e6e6f80071784a76,06/Aug/25 11:24 AM,10/Aug/26 3:23 PM,,,August 2025,,,,0,MCL,,Phase 2 automation - SF integration with CadeBill,,Dana Trybiasz,,,,6114ed43e6e6f80071784a76,,,,,,,,,,,,,,,,,,,,,,,,,,,,,,,,,,,,,,,,,,,Dana Trybiasz,6114ed43e6e6f80071784a76,,ApprovalsCFValue{approvals=[]},,,,,,No,,,,,,,,,,,,,Billing,Eitan Fireberg,621f1c4f94f7e20069fdd50c,,,,,,,,,,,,,,,,,,,,,,{},,CX,,,,,,,,,,,,,,,,,,,,,,,,"Sizing document change:

PS Architecture change:

PS Methodology change:

PS Project plan change:

Data requirement change:

Update PS Tools:

Training Materials:

Communication:

Update PS Sales:

PS Demo:

General Notes:
1. Alpha testing
2. Beta testing
3. Project Risk Mitigation",FALSE,,,,,,,,,,,,,,,,,Cadebill,,,,,,,,,,,,,,,,,,,,,Cadebill,,,,,,,,,,,,,,,,,,,,,,,,,,,New,,,,,,,,,,,,,,,,,,,,,,,1|i0718j:,,,No,,,,,,,,,,,,,Eitan Fireberg,,,,,,,,,,,,,,,,,,,,,,,,,,,,,,,,,IT S43 (11 Aug - 25 Aug 2025),IT S44 (25 Aug -  8 Sep 2025),IT S45 (8 Sep - 22 Sep 2025),IT S46 (22 Sep - 6 Oct 2025),IT S47 (6 Oct - 20 Oct 2025),IT S48 (20 Oct - 3 Nov 2025),IT S49 (3 Nov - 17 Nov 2025),IT S50 (17 Nov - 1 Dec 2025),IT S51 (1 Dec - 15 Dec 2025),IT S52 (15 Dec - 29 Dec 2025),IT S53 (29 Dec - 12 Jan 2026),IT S54 (12 Jan - 26 Jan 2026),IT S55 (26 Jan - 9 Feb 2026),IT S56 (9 Feb - 23 Feb 2026),IT S57 (23 Feb - 9 Mar 2026),IT S58 (9 Mar - 23 Mar 2026),IT S59 (23 Mar - 6 Apr 2026),IT S60 (6 Apr - 20 Apr 2026),IT S61 (20 Apr - 4 May 2026),IT S62 (4 May - 18 May 2026),IT S63 (18 May - 1 Jun 2026),IT S64 (1 Jun - 15 Jun 2026),IT S65 (15 Jun - 29 Jun 2026),IT S66 (29 Jun - 13 Jul 2026),IT S67 (13 Jul - 27 Jul 2026),IT S68 (27 Jul - 10 Aug 2026),IT S69 (10 Aug - 24 Aug 2026),,,,,,,,,,,,,,,,,,,,,,,20.0,,,,,,,,,,,,,,Billing,,,,,,,,,,,,,,,,,,,,,,,,,,,,,,,,,,,,,,,,,,In Progress,06/Aug/25 11:25 AM
Remove non-Domestic invoices from Suretax API,IT-23467,782518,Change Request,In Development,IT,IT,software,Ronit Shor,6114ed430b454a00688bb433,,,P3,,Dana Trybiasz,6114ed43e6e6f80071784a76,Eitan Fireberg,621f1c4f94f7e20069fdd50c,Dana Trybiasz,6114ed43e6e6f80071784a76,26/Feb/25 2:23 PM,10/Aug/26 3:23 PM,,,June 2025,,,,0,MCL,,We need MCL to remove from the population sent in this API every billing cycle the International customers  (outside US) as this API is used to calculate Tax only to Domestic (US) customers.,,Dana Trybiasz,Eitan Fireberg,,,6114ed43e6e6f80071784a76,621f1c4f94f7e20069fdd50c,,,,,,,,,,,,,,,,,,,,,28/Apr/25 12:59 PM;ug:1353b372-f51b-4375-b95a-b04dcee93ca7;Design Document for SureTax Canada(Non-Taxable) (bf29ab50-934e-4326-a78c-7fd40abc5f8f).docx;https://nice-it.atlassian.net/rest/api/3/attachment/content/158675,28/Apr/25 12:58 PM;ug:1353b372-f51b-4375-b95a-b04dcee93ca7;Design Document for SureTax Canada(Non-Taxable).docx;https://nice-it.atlassian.net/rest/api/3/attachment/content/158674,22/Apr/25 1:55 PM;ug:1353b372-f51b-4375-b95a-b04dcee93ca7;Tax Determination.pptx;https://nice-it.atlassian.net/rest/api/3/attachment/content/158512,,,,,,,,,,,,,,,,,,,Dana Trybiasz,6114ed43e6e6f80071784a76,,ApprovalsCFValue{approvals=[]},,,,,,No,,,,,,,,,,,,,Billing,Eitan Fireberg,621f1c4f94f7e20069fdd50c,,,,,,,,,,,,,,,,,,,,,,{},,inContact,,,,,,,,,,,,,,,,,,,,,,,,"Sizing document change:

PS Architecture change:

PS Methodology change:

PS Project plan change:

Data requirement change:

Update PS Tools:

Training Materials:

Communication:

Update PS Sales:

PS Demo:

General Notes:
1. Alpha testing
2. Beta testing
3. Project Risk Mitigation",FALSE,,,,,,,,,,,,,,,,,Cadebill,,,,,,,,,,,,,,,,,,,,,Cadebill,,,,,,,,,,,,,,,,,,,,,,,,,,,,,,,,,,,,,,,,,,,,,,,,,,1|i03ajr:,,,No,,,,,,,,,,,,,Eitan Fireberg,,,,,,,,,,,,,,,,,,,,,,,,,,,,,,,,,IT S35 (21 Apr - 5 May 2025),IT S36 (5 May - 19 May 2025),IT S37 (19 May - 2 Jun 2025),IT S38 (2 Jun - 16 Jun 2025),IT S39 (16 Jun - 30 Jun 2025),IT S40 (30 Jun - 14 Jul 2025),IT S41 (14 Jul - 28 Jul 2025),IT S42 (28 Jul - 11 Aug 2025),IT S43 (11 Aug - 25 Aug 2025),IT S44 (25 Aug -  8 Sep 2025),IT S45 (8 Sep - 22 Sep 2025),IT S46 (22 Sep - 6 Oct 2025),IT S47 (6 Oct - 20 Oct 2025),IT S48 (20 Oct - 3 Nov 2025),IT S49 (3 Nov - 17 Nov 2025),IT S50 (17 Nov - 1 Dec 2025),IT S51 (1 Dec - 15 Dec 2025),IT S52 (15 Dec - 29 Dec 2025),IT S53 (29 Dec - 12 Jan 2026),IT S54 (12 Jan - 26 Jan 2026),IT S55 (26 Jan - 9 Feb 2026),IT S56 (9 Feb - 23 Feb 2026),IT S57 (23 Feb - 9 Mar 2026),IT S58 (9 Mar - 23 Mar 2026),IT S59 (23 Mar - 6 Apr 2026),IT S60 (6 Apr - 20 Apr 2026),IT S61 (20 Apr - 4 May 2026),IT S62 (4 May - 18 May 2026),IT S63 (18 May - 1 Jun 2026),IT S64 (1 Jun - 15 Jun 2026),IT S65 (15 Jun - 29 Jun 2026),IT S66 (29 Jun - 13 Jul 2026),IT S67 (13 Jul - 27 Jul 2026),IT S68 (27 Jul - 10 Aug 2026),IT S69 (10 Aug - 24 Aug 2026),,,,,,,,,,,,,,,1.0,,,,,,,,,,,,,,Billing,,,,,,,,,,,,,,,,,,,,,,,,,,,2025-03-06 14:27:43.863,,,,"06/Mar/25 2:27 PM;6114ed43e6e6f80071784a76;Based on Swati (MCL), Cadebill doesn’t do taxation for international accounts.

Waiting for examples from Henry Miles.","09/Apr/25 2:52 PM;621f1c4f94f7e20069fdd50c;Hi @Henry Miles,

We checked more on this.

Implementing tax configuration at provider-based logic will require more time, and require lots of validation.

 

Instead, we are considering adding a new option for ""Canada (Non-Taxable)"" country. And put all the Canadian Accounts into that, that are not assigned with a Provider. This will allow accounts that do not require calling the SureTax API to be categorized under this option.

This change aims to simplify the process.

Please let us know your thoughts.

Best Regards,
Shanta","22/Apr/25 1:53 PM;621f1c4f94f7e20069fdd50c;I have attached a PowerPoint that explains how taxes are done during invoice generation. Please review and also see our answers below.

 

This would be helpful, however it still does not prevent other countries from being sent through. Is there any workaround for other providers outside of Canada?

*As explained before, accounts that are set with taxable country of Countries that are added under ""Company Tax Method"" with ""Tax Method"" as SureTax, only would be sent to SureTax API for tax calculations.*

*Currently it is set with countries USA and Canada. So other countries are not set to SureTax.*

 

The issue is two-fold, 1) is the taxes that are being charged on Canadian accounts that shouldn’t be, but 2) is the fact that sending through customers in other countries shows up as revenue going through Suretax, even if ST doesn’t rate or return any taxes on the invoices. It still counts as revenues Suretax see on their end, and that in turn increases the total amount of our annual agreement (and overages) that we have with Suretax – our annual agreement is based on total dollar amount sent through for processing.

*For this reason, we have suggested to add a new country by name ""Canada (Non-Taxable)"" and put all the non-taxable Canadian Accounts into that, that are assigned with a Provider. And these accounts would not be sent through SureTax API. And rest of the Canadian accounts only will be sent for SureTax processing.*



Any other workarounds or ideas for how to prevent this?

*The approach suggested above is a good solution.*

 

I believe we can manually exempt individual accounts in CB so they don’t go through the API, but this will require a lot of manual work any time a new account is set up, and could also cause issues if accounts switch between providers (from US billing to international or vice versa).

*While setting tax exemption at the account level is an option, it is also possible that the setting may get missed for international accounts. That’s why ""Canada (Non-Taxable)"" would be the best option. We can also setup a job to automatically set the taxable country to “Canada (Non-Taxable)” for international accounts, as a failover option to catch all those accounts that were not correctly setup with taxable country.*

 ","22/Apr/25 1:53 PM;621f1c4f94f7e20069fdd50c;Following our meeting today

We have decided to continue with the proposal below and the following

# A new country by name ""Canada (Non-Taxable)"" and put all the non-taxable Canadian Accounts into that, that are assigned with a Provider.
# Script to change the Canadian accounts without a provider to Canada (Non-Taxable)
# A job to run before the invoice cycle to verify all accounts are set correctly before Surtax API is used.","28/Apr/25 12:58 PM;621f1c4f94f7e20069fdd50c;[^Design Document for SureTax Canada(Non-Taxable).docx]

",28/Apr/25 12:59 PM;6114ed43e6e6f80071784a76;Design Document was sent by Shanta.,,,,,,In Progress,15/May/25 7:38 AM
Add to CX invoices email subject the Account BU number,IT-34520,866766,Change Request,Done,IT,IT,software,Ronit Shor,6114ed430b454a00688bb433,,,P3,Done,Michael Langburd,712020:6267be66-72d7-42c2-bd78-dbec81dccedb,Uri Zernitsky,6114ec5175ad960069a77ba9,Uri Zernitsky,6114ec5175ad960069a77ba9,21/Jun/26 6:51 AM,08/Jul/26 7:19 AM,11/Aug/26 2:14 AM,08/Jul/26 6:32 AM,July 2025,,,,0,,,"We would like to add to CX invoices email subject also the Account BU number

NICE Invoice - 8166115 (CA#4153381)",,Eitan Fireberg,Michael Langburd,Uri Zernitsky,,621f1c4f94f7e20069fdd50c,712020:6267be66-72d7-42c2-bd78-dbec81dccedb,6114ec5175ad960069a77ba9,,,,,,,,,,,,,,,,,,,,,,,,,,,,,,,,06/Jul/26 12:00 AM,,,,,,,,,Michael Langburd,712020:6267be66-72d7-42c2-bd78-dbec81dccedb,,ApprovalsCFValue{approvals=[]},,,,,,No,,,,,,,,,,,,,Billing,Roi Yossefi,6114ec8f8c15ca006feba02a,,,,,,,,,,,,,,,,,,,,,,{},,CX,,,,,,,,,,,,,,,,,,,,,,,,"Sizing document change:

PS Architecture change:

PS Methodology change:

PS Project plan change:

Data requirement change:

Update PS Tools:

Training Materials:

Communication:

Update PS Sales:

PS Demo:

General Notes:
1. Alpha testing
2. Beta testing
3. Project Risk Mitigation",FALSE,,,,,,,,,,,,,,,,,Cadebill,,,,,,,,,,,,,,,,,,,,,Cadebill,,,,,,,,,,,,,,,,,,,,,,,,,,,New,,,,,,,,,,,,,,,,,,,,,,,1|i0brrn:,,,No,,",",,,,,,Off-Release,,,,,Michal Mugerman,,,,,,,,,,,,,,,,,,,,,,,,,,,,,,,,,IT S66 (29 Jun - 13 Jul 2026),,,,,,,,,,,,,,,,,,,,,,,,,,,,,,,,,,,,,,,,,,,,,,,,,1.0,,,,,,,,,,,,,,Billing,,,,,,,,,,,,,,,,,,,,,,,,,,,2026-07-08 06:31:19.733,1_*:*_1_*:*_1467491470_*|*_10009_*:*_1_*:*_0_*|*_10011_*:*_1_*:*_17437_*|*_10010_*:*_1_*:*_51557_*|*_10001_*:*_1_*:*_4165_*|*_10003_*:*_1_*:*_37916_*|*_10006_*:*_2_*:*_8199_*|*_10005_*:*_2_*:*_6806,,,"08/Jul/26 6:31 AM;621f1c4f94f7e20069fdd50c;,",08/Jul/26 6:31 AM;621f1c4f94f7e20069fdd50c;m n,08/Jul/26 7:19 AM;712020:6267be66-72d7-42c2-bd78-dbec81dccedb;This has been added. ,,,,,,,,,Done,08/Jul/26 6:32 AM
610131 Business Rule,IT-33467,857720,Change Request,Done,IT,IT,software,Ronit Shor,6114ed430b454a00688bb433,,,P1,Done,Meital Rashti,70121:33c9c08c-01ca-4a34-ac93-994a2946b894,Meital Rashti,70121:33c9c08c-01ca-4a34-ac93-994a2946b894,Meital Rashti,70121:33c9c08c-01ca-4a34-ac93-994a2946b894,29/Apr/26 12:02 PM,13/Jul/26 5:05 PM,,13/Jul/26 5:05 PM,June 2026,,,,0,SFDC_Automation_to_Cadebill,,"When an opp is not an Amendment
Amended Contract = BLANK

And the quote has SKU which starts with *610131*

THEN

Cadebill needs to add to the account three Volume Discounts

!image-20260429-120139.png|width=265,alt=""image-20260429-120139.png""!



Start Date = Processing Date",,Ajinkya Jawanjal,Meital Rashti,,,712020:852f441b-a0c8-46c8-8fde-f79fe6a35723,70121:33c9c08c-01ca-4a34-ac93-994a2946b894,,,,,,,,,,,,,,,,IT-34122,,,,IT-34123,18/Jun/26 4:52 AM;ug:25efd078-2cb1-4c9d-bd50-5e4a260878c4;Re_ IT-33467 -  610131 Business Rule - Automation.eml;https://nice-it.atlassian.net/rest/api/3/attachment/content/191206,29/Apr/26 12:02 PM;ug:09c91872-a878-4f07-97a1-3f1811d26aca;image-20260429-120139.png;https://nice-it.atlassian.net/rest/api/3/attachment/content/184482,,,,,,,,,,,08/Jul/26 12:00 AM,,,,,,,,,Meital Rashti,70121:33c9c08c-01ca-4a34-ac93-994a2946b894,,ApprovalsCFValue{approvals=[]},,,,,,No,,,,,,,,,,,,,Billing,Orr Rachlevsky,63db8d66790148a18094867c,,,,,,,,,,,,,,,,,,,,,,{},,,,,,,,,,,,,,,,,,,,,,,,,,"Sizing document change:

PS Architecture change:

PS Methodology change:

PS Project plan change:

Data requirement change:

Update PS Tools:

Training Materials:

Communication:

Update PS Sales:

PS Demo:

General Notes:
1. Alpha testing
2. Beta testing
3. Project Risk Mitigation",FALSE,,,,,,,,,,,,,,,,,Cadebill,,,,,,,,,,,,,,,,,,,,,Cadebill,,,,,,,,,,,,,,,,,,,,,,,,,,,New,,,,,,,,,,,,,,,,,,,,,,,1|i0axzv:,,,No,,.,,,,,,Off-Release,,,,,Orr Rachlevsky,,,,,,,,,,,,,,,,,,,,,,,,,,,,,,,,,IT S65 (15 Jun - 29 Jun 2026),IT S66 (29 Jun - 13 Jul 2026),IT S67 (13 Jul - 27 Jul 2026),,,,,,,,,,,,,,,,,,,,,,,,,,,,,,,,,,,,,,,,,,,,,,,14.0,,,,,,,,,,,,,,Billing,,,,,,,,,,,,,,,,,,,,,,,,,,,2026-06-02 10:14:16.482,1_*:*_1_*:*_2820757210_*|*_10009_*:*_1_*:*_0_*|*_10011_*:*_2_*:*_1065450818_*|*_10010_*:*_1_*:*_60881_*|*_10001_*:*_1_*:*_5856_*|*_10089_*:*_1_*:*_5109_*|*_10003_*:*_1_*:*_18463_*|*_10006_*:*_1_*:*_3978_*|*_10005_*:*_1_*:*_2611860588,,,01/Jun/26 3:37 AM;70121:33c9c08c-01ca-4a34-ac93-994a2946b894;“Development and testing of this BR is completed in CPFin instance. Changes are also updated in CPQa instance for UAT.“,"02/Jun/26 10:14 AM;712020:852f441b-a0c8-46c8-8fde-f79fe6a35723;Test execution is done for scenarios mentioned, Artifacts is linked inside Test.",17/Jun/26 11:11 AM;70121:33c9c08c-01ca-4a34-ac93-994a2946b894;Need to test with Amenmend with new product ,18/Jun/26 4:54 AM;712020:852f441b-a0c8-46c8-8fde-f79fe6a35723;Tested for amendment. Attaching the mail with results.,01/Jul/26 9:08 AM;712020:852f441b-a0c8-46c8-8fde-f79fe6a35723;Testing done and ready for deployment.,,,,,,,Done,13/Jul/26 5:05 PM
SKUDini page upload to PROD,IT-33462,857709,Story,Done,IT,IT,software,Ronit Shor,6114ed430b454a00688bb433,,,P3,Done,Rivka Eisenstein,62c291d8a7de1e7c7c2cdb87,Rivka Eisenstein,62c291d8a7de1e7c7c2cdb87,Rivka Eisenstein,62c291d8a7de1e7c7c2cdb87,29/Apr/26 8:38 AM,30/Apr/26 9:15 AM,,30/Apr/26 9:15 AM,,,,,0,,,SKUDini page upload to PROD,,Meital Rashti,Rivka Eisenstein,,,70121:33c9c08c-01ca-4a34-ac93-994a2946b894,62c291d8a7de1e7c7c2cdb87,,,,,,,,,,,,,,,,,,,,,,,,,,,,,,global variables,,,,,,,,,,,,Meital Rashti,70121:33c9c08c-01ca-4a34-ac93-994a2946b894,,ApprovalsCFValue{approvals=[]},,,,,,No,,,,,,,,,,,,,,,,,,,,,,,,,,,,,,,,,,,,,{},,,Yes,,,,,,,,,,,,,,,,,,,,,,,"Sizing document change:

PS Architecture change:

PS Methodology change:

PS Project plan change:

Data requirement change:

Update PS Tools:

Training Materials:

Communication:

Update PS Sales:

PS Demo:

General Notes:
1. Alpha testing
2. Beta testing
3. Project Risk Mitigation",,,,,,,,,,,,,,,,,,Cadebill,,,,,,,,,,,,,,,,,,,,,Cadebill,,,,,,,,,,,,,,,,,,,,,,,,,,,New,,,,,,,,,,,,,,,,,,,,,,,1|i0axyb:,,,No,,.,,,,,,,,,,,,,,,,,,,,,,,,,,,,,,,,,,,,,,,,,,,,IT S61 (20 Apr - 4 May 2026),,,,,,,,,,,,,,,,,,,,,,,,,,,,,,,,,,,,,,,,,,,,,,,,,,,,,,,,,,,,,,,Billing,,,,,,,,,,,,,,,,,,,,,,,,,,,2026-04-30 08:23:26.84,1_*:*_1_*:*_81405224_*|*_10009_*:*_1_*:*_0_*|*_10011_*:*_1_*:*_3744143_*|*_10006_*:*_1_*:*_262638_*|*_10005_*:*_1_*:*_2661,,,30/Apr/26 7:19 AM;62c291d8a7de1e7c7c2cdb87;Changes DONE and move to GITHUB PROD,30/Apr/26 8:23 AM;70121:33c9c08c-01ca-4a34-ac93-994a2946b894;Link to test - [SKUdini|https://dev.skudini.nice.com/],,,,,,,789683,IT-26708,Automatic Cadebill SKU Creation,Done,30/Apr/26 9:15 AM
Add invoice number to customer email,IT-33172,855099,Change Request,Done,IT,IT,software,Ronit Shor,6114ed430b454a00688bb433,,,P3,Done,Eitan Fireberg,621f1c4f94f7e20069fdd50c,Uri Zernitsky,6114ec5175ad960069a77ba9,Uri Zernitsky,6114ec5175ad960069a77ba9,15/Apr/26 9:24 AM,29/Apr/26 11:11 AM,,29/Apr/26 11:11 AM,May 2025,,,,0,,,We would like to add the CX invoice number to the email subject that being send to customers.,,Uri Zernitsky,,,,6114ec5175ad960069a77ba9,,,,,,,,,,,,,,,,,,,,,,,,,,,,,,,,,,,,,,,,,,,Eitan Fireberg,621f1c4f94f7e20069fdd50c,,ApprovalsCFValue{approvals=[]},,,,,,No,,,,,,,,,,,,,Billing,Roi Yossefi,6114ec8f8c15ca006feba02a,,,,,,,,,,,,,,,,,,,,,,{},,CX,,,,,,,,,,,,,,,,,,,,,,,,"Sizing document change:

PS Architecture change:

PS Methodology change:

PS Project plan change:

Data requirement change:

Update PS Tools:

Training Materials:

Communication:

Update PS Sales:

PS Demo:

General Notes:
1. Alpha testing
2. Beta testing
3. Project Risk Mitigation",FALSE,,,,,,,,,,,,,,,,,Cadebill,,,,,,,,,,,,,,,,,,,,,Cadebill,,,,,,,,,,,,,,,,,,,,,,,,,,,New,,,,,,,,,,,,,,,,,,,,,,,1|i0ap3f:,,,No,,IT-33172,,,,,,Off-Release,,,,,Michal Mugerman,,,,,,,,,,,,,,,,,,,,,,,,,,,,,,,,,IT S61 (20 Apr - 4 May 2026),,,,,,,,,,,,,,,,,,,,,,,,,,,,,,,,,,,,,,,,,,,,,,,,,4.0,,,,,,,,,,,,,,Billing,,,,,,,,,,,,,,,,,,,,,,,,,,,,1_*:*_1_*:*_1215898219_*|*_10009_*:*_1_*:*_0_*|*_10011_*:*_1_*:*_26412_*|*_10010_*:*_1_*:*_33492_*|*_10001_*:*_1_*:*_3416_*|*_10003_*:*_1_*:*_20440_*|*_10006_*:*_1_*:*_2132_*|*_10005_*:*_1_*:*_2983,,,,,,,,,,,,,,Done,29/Apr/26 11:11 AM
Enactment for CR # -29673- update child product,IT-32746,851470,Change Request,Done,IT,IT,software,Ronit Shor,6114ed430b454a00688bb433,,,None,Done,Michael Langburd,712020:6267be66-72d7-42c2-bd78-dbec81dccedb,Uri Zernitsky,6114ec5175ad960069a77ba9,Uri Zernitsky,6114ec5175ad960069a77ba9,24/Mar/26 12:21 PM,29/Apr/26 11:14 AM,,19/Apr/26 7:11 AM,May 2026,,,,0,,,"Following CR # -29673, we need an enhancement to be done: When message is set for Parent account, it will also be shown on all Childs accounts as well.",,Eitan Fireberg,Uri Zernitsky,,,621f1c4f94f7e20069fdd50c,6114ec5175ad960069a77ba9,,,,,,,,,,,,,,,,,,,,,,,,,,,,,,,,,16/Apr/26 12:00 AM,,,,,,,,,Michael Langburd,712020:6267be66-72d7-42c2-bd78-dbec81dccedb,,ApprovalsCFValue{approvals=[]},,,,,,No,,,,,,,,,,,,,OM & Delivery,Roi Yossefi,6114ec8f8c15ca006feba02a,,,,,,,,,,,,,,,,,,,,,,{},,CX,,,,,,,,,,,,,,,,,,,,,,,,"Sizing document change:

PS Architecture change:

PS Methodology change:

PS Project plan change:

Data requirement change:

Update PS Tools:

Training Materials:

Communication:

Update PS Sales:

PS Demo:

General Notes:
1. Alpha testing
2. Beta testing
3. Project Risk Mitigation",FALSE,,,,,,,,,,,,,,,,,Cadebill,,,,,,,,,,,,,,,,,,,,,Cadebill,,,,,,,,,,,,,,,,,,,,,,,,,,,New,,,,,,,,,,,,,,,,,,,,,,,1|i0accr:,,.,No,,j,,,,,,Off-Release,,,,,Michal Mugerman,,,,,,,,,,,,,,,,,,,,,,,,,,,,,,,,,IT S60 (6 Apr - 20 Apr 2026),,,,,,,,,,,,,,,,,,,,,,,,,,,,,,,,,,,,,,,,,,,,,,,,,1.0,,,,,,,,,,,,,,Billing,,,,,,,,,,,,,,,,,,,,,,,,,,,2026-04-19 07:07:04.893,1_*:*_1_*:*_2227529687_*|*_10009_*:*_1_*:*_0_*|*_10011_*:*_1_*:*_17008_*|*_10010_*:*_1_*:*_33150_*|*_10001_*:*_1_*:*_3525_*|*_10003_*:*_1_*:*_233840_*|*_10006_*:*_1_*:*_2730_*|*_10005_*:*_1_*:*_3077,,,"19/Apr/26 7:07 AM;621f1c4f94f7e20069fdd50c;,",19/Apr/26 7:10 AM;621f1c4f94f7e20069fdd50c;l,,,,,,,,,,Done,19/Apr/26 7:11 AM
Dummy Future Date for SOTN of Selected Business Partners,IT-32049,845355,Change Request,Done,IT,IT,software,Ronit Shor,6114ed430b454a00688bb433,,,P3,Done,Meital Rashti,70121:33c9c08c-01ca-4a34-ac93-994a2946b894,Eitan Fireberg,621f1c4f94f7e20069fdd50c,Eitan Fireberg,621f1c4f94f7e20069fdd50c,23/Feb/26 10:23 AM,03/May/26 10:41 AM,,03/May/26 10:41 AM,May 2026,,,,0,,,"When Partner Account = [*AT&T SERVICES INC.*|https://niceincontact.lightning.force.com/lightning/r/Account/0017000000vZcDFAA0/view] *OR* VERIZON BUSINESS PURCHASING LLC *OR* [VERIZON VCC FOR NETWORX|https://niceincontact.lightning.force.com/lightning/r/0017000000yX0DFAA0/view] *OR* [GLOBALSCOPE COMMUNICATIONS|https://niceincontact.lightning.force.com/lightning/r/Account/0017000001CQu8dAAD/view]

=> SOFTN Start Date should be Future Dummy Date



AT&T SERVICES INC.- 4594262

VERIZON VCC FOR NETWORX- 4594014

GLOBALSCOPE COMMUNICATIONS - 4594693

VERIZON BUSINESS PURCHASING LLC  4593141",,Ajinkya Jawanjal,Eitan Fireberg,Meital Rashti,,712020:852f441b-a0c8-46c8-8fde-f79fe6a35723,621f1c4f94f7e20069fdd50c,70121:33c9c08c-01ca-4a34-ac93-994a2946b894,,,,,,,,,,,,,,,IT-33255,,,,,20/Apr/26 6:01 AM;ug:09c91872-a878-4f07-97a1-3f1811d26aca;DesignDocument_SOFTN_FutureDate_specific_partners.pdf;https://nice-it.atlassian.net/rest/api/3/attachment/content/184030,27/Apr/26 6:37 PM;ug:09c91872-a878-4f07-97a1-3f1811d26aca;RE_ IT - 32049 - Dummy Future Date for SOFTN of Selected Business Partners.msg;https://nice-it.atlassian.net/rest/api/3/attachment/content/184422,,,,,,,,,,,30/Apr/26 12:00 AM,,,,,,,,,Meital Rashti,70121:33c9c08c-01ca-4a34-ac93-994a2946b894,,ApprovalsCFValue{approvals=[]},,,,,,No,,,,,,,,,,,,,Billing,Orr Rachlevsky,63db8d66790148a18094867c,,,,,,,,,,,,,,,,,,,,,,{},,CX,,,,,,,,,,,,,,,,,,,,,,,,"Sizing document change:

PS Architecture change:

PS Methodology change:

PS Project plan change:

Data requirement change:

Update PS Tools:

Training Materials:

Communication:

Update PS Sales:

PS Demo:

General Notes:
1. Alpha testing
2. Beta testing
3. Project Risk Mitigation",FALSE,,,,,,,,,,,,,,,,,Cadebill,,,,,,,,,,,,,,,,,,,,,Cadebill,,,,,,,,,,,,,,,,,,,,,,,,,,,New,,,,,,,,,,,,,,,,,,,,,,,1|i09v2z:,,.,No,,IT-32049,,,,,,Off-Release,,,,,Orr Rachlevsky,,,,,,,,,,,,,,,,,,,,,,,,,,,,,,,,,IT S56 (9 Feb - 23 Feb 2026),IT S57 (23 Feb - 9 Mar 2026),IT S58 (9 Mar - 23 Mar 2026),IT S59 (23 Mar - 6 Apr 2026),IT S62 (4 May - 18 May 2026),,,,,,,,,,,,,,,,,,,,,,,,,,,,,,,,,,,,,,,,,,,,,3.0,,,,,,,,,,,,,,Billing,,,,,,,,,,,,,,,,,,,,,,,,,,,2026-04-20 06:11:26.076,1_*:*_1_*:*_4822785156_*|*_10009_*:*_1_*:*_0_*|*_10011_*:*_1_*:*_711131239_*|*_10010_*:*_1_*:*_501805_*|*_10001_*:*_1_*:*_2948_*|*_10003_*:*_1_*:*_6739_*|*_10006_*:*_1_*:*_2312_*|*_10005_*:*_1_*:*_84545548,,,"20/Apr/26 6:11 AM;70121:33c9c08c-01ca-4a34-ac93-994a2946b894;18/04/26:

“As communicated in our weekly CR meeting, the development and testing of this BR is completed in CPFin instance.

We have also updated the CPQa instance, it is ready for UAT.

 

I am also attaching the design document which will be beneficial in UAT.

 

Let us know if you have any questions/queries.

                                                                          

Thank you!

 

Regards

Swati Jain“",21/Apr/26 5:41 AM;712020:852f441b-a0c8-46c8-8fde-f79fe6a35723;Changing the status as QA activity is completed.[~accountid:70121:33c9c08c-01ca-4a34-ac93-994a2946b894] [~accountid:621f1c4f94f7e20069fdd50c] ,,,,,,,,,,Done,03/May/26 10:41 AM
Main Billing Number,IT-32048,845354,Change Request,Done,IT,IT,software,Ronit Shor,6114ed430b454a00688bb433,,,P3,Done,Meital Rashti,70121:33c9c08c-01ca-4a34-ac93-994a2946b894,Eitan Fireberg,621f1c4f94f7e20069fdd50c,Eitan Fireberg,621f1c4f94f7e20069fdd50c,23/Feb/26 10:14 AM,09/Aug/26 5:19 AM,11/Aug/26 12:55 PM,09/Aug/26 5:19 AM,May 2025,,,,0,,,"*What is the Issue*: “Main Billing Number” under Account Properties (Basic Account Setting) must follow a specific format (no dashes, brackets, etc,.).

If the number entered in a different format, the carrier will identify it as indeterminate, resulting in large Telco fees.

@Amy Collett is this applicable only to Partners or also to Direct customers?

 

The requests:

# Data fix if needed
# Project with MCL to ensure this number is impossible to be entered in a wrong format

 

 ",,Eitan Fireberg,,,,621f1c4f94f7e20069fdd50c,,,,,,,,,,,,,,,,,,,,,,23/Feb/26 10:23 AM;ug:1353b372-f51b-4375-b95a-b04dcee93ca7;image001.png;https://nice-it.atlassian.net/rest/api/3/attachment/content/178676,,,,,,,,,,,,09/Aug/26 12:00 AM,,,,,,,,,Eitan Fireberg,621f1c4f94f7e20069fdd50c,,ApprovalsCFValue{approvals=[]},,,,,,No,,,,,,,,,,,,,Billing,Orr Rachlevsky,63db8d66790148a18094867c,,,,,,,,,,,,,,,,,,,,,,{},,CX,,,,,,,,,,,,,,,,,,,,,,,,"Sizing document change:

PS Architecture change:

PS Methodology change:

PS Project plan change:

Data requirement change:

Update PS Tools:

Training Materials:

Communication:

Update PS Sales:

PS Demo:

General Notes:
1. Alpha testing
2. Beta testing
3. Project Risk Mitigation",FALSE,,,,,,,,,,,,,,,,,Cadebill,,,,,,,,,,,,,,,,,,,,,Cadebill,,,,,,,,,,,,,,,,,,,,,,,,,,,New,,,,,,,,,,,,,,,,,,,,,,,1|i09v2r:,,,No,,m,,,,,,Off-Release,,,,,Orr Rachlevsky,,,,,,,,,,,,,,,,,,,,,,,,,,,,,,,,,IT S56 (9 Feb - 23 Feb 2026),IT S57 (23 Feb - 9 Mar 2026),IT S58 (9 Mar - 23 Mar 2026),IT S59 (23 Mar - 6 Apr 2026),IT S60 (6 Apr - 20 Apr 2026),IT S61 (20 Apr - 4 May 2026),IT S62 (4 May - 18 May 2026),IT S63 (18 May - 1 Jun 2026),IT S64 (1 Jun - 15 Jun 2026),IT S65 (15 Jun - 29 Jun 2026),IT S66 (29 Jun - 13 Jul 2026),IT S67 (13 Jul - 27 Jul 2026),IT S68 (27 Jul - 10 Aug 2026),,,,,,,,,,,,,,,,,,,,,,,,,,,,,,,,,,,,,1.0,,,,,,,,,,,,,,Billing,,,,,,,,,,,,,,,,,,,,,,,,,,,,1_*:*_1_*:*_1389200028_*|*_10009_*:*_1_*:*_0_*|*_10011_*:*_1_*:*_11721_*|*_10010_*:*_1_*:*_13021905792_*|*_10001_*:*_1_*:*_3193_*|*_10003_*:*_1_*:*_8108_*|*_10006_*:*_1_*:*_3061_*|*_10005_*:*_1_*:*_2836,,,,,,,,,,,,,,Done,09/Aug/26 5:19 AM
The request JSON doesn't contain any line items.,IT-31762,842279,Change Request,Done,IT,IT,software,Ronit Shor,6114ed430b454a00688bb433,,,P2,Done,Meital Rashti,70121:33c9c08c-01ca-4a34-ac93-994a2946b894,Meital Rashti,70121:33c9c08c-01ca-4a34-ac93-994a2946b894,Meital Rashti,70121:33c9c08c-01ca-4a34-ac93-994a2946b894,10/Feb/26 12:51 PM,08/Jun/26 10:24 AM,,08/Jun/26 10:24 AM,May 2026,,,,0,SFDC_Automation_to_Cadebill,,"2 scenarios:

# *World Voice +discount* the request JSON doesn’t contain any line items.
#  Product Family is ""SOFTWARE NRC PRODUCTS"" - Removal 

*Please update the error message:*

 

The JSON File is empty. It is either the quote is exclusively NRC removal or World Voice add. 

Order Management, please review.",,Ajinkya Jawanjal,Meital Rashti,,,712020:852f441b-a0c8-46c8-8fde-f79fe6a35723,70121:33c9c08c-01ca-4a34-ac93-994a2946b894,,,,,,,,,,,,,,,IT-34036,IT-34035,,,,,,,,,,,,,,,,,,,,,,,,,,Meital Rashti,70121:33c9c08c-01ca-4a34-ac93-994a2946b894,,ApprovalsCFValue{approvals=[]},,,,,,No,,,,,,,,,,,,,Billing,Orr Rachlevsky,63db8d66790148a18094867c,,,,,,,,,,,,,,,,,,,,,,{},,,,,,,,,,,,,,,,,,,,,,,,,,"Sizing document change:

PS Architecture change:

PS Methodology change:

PS Project plan change:

Data requirement change:

Update PS Tools:

Training Materials:

Communication:

Update PS Sales:

PS Demo:

General Notes:
1. Alpha testing
2. Beta testing
3. Project Risk Mitigation",FALSE,,,,,,,,,,,,,,,,,Cadebill,,,,,,,,,,,,,,,,,,,,,Cadebill,,,,,,,,,,,,,,,,,,,,,,,,,,,New,,,,,,,,,,,,,,,,,,,,,,,1|i09n43:,,.,No,,.,,,,,,Release,,,,,Meital Rashti,,,,,,,,,,,,,,,,,,,,,,,,,,,,,,,,,IT S60 (6 Apr - 20 Apr 2026),IT S61 (20 Apr - 4 May 2026),IT S62 (4 May - 18 May 2026),IT S63 (18 May - 1 Jun 2026),IT S64 (1 Jun - 15 Jun 2026),,,,,,,,,,,,,,,,,,,,,,,,,,,,,,,,,,,,,,,,,,,,,3.0,,,,,,,,,,,,,,Billing,,,,,,,,,,,,,,,,,,,,,,,,,,,2026-06-01 08:33:03.27,1_*:*_1_*:*_5616148196_*|*_10009_*:*_1_*:*_0_*|*_10011_*:*_1_*:*_2839192815_*|*_10010_*:*_1_*:*_26414_*|*_10001_*:*_1_*:*_3188_*|*_10003_*:*_1_*:*_1117159629_*|*_10006_*:*_1_*:*_2671_*|*_10005_*:*_1_*:*_3158,,,01/Jun/26 8:33 AM;712020:852f441b-a0c8-46c8-8fde-f79fe6a35723;Test execution is done and artifacts are inside the linked Test and test execution.,04/Jun/26 12:28 PM;70121:33c9c08c-01ca-4a34-ac93-994a2946b894;CCR-24036,,,,,,,,,,Done,08/Jun/26 10:24 AM
Automation - change the error message,IT-31565,840674,Change Request,Done,IT,IT,software,Ronit Shor,6114ed430b454a00688bb433,,,P3,Done,Meital Rashti,70121:33c9c08c-01ca-4a34-ac93-994a2946b894,Meital Rashti,70121:33c9c08c-01ca-4a34-ac93-994a2946b894,Meital Rashti,70121:33c9c08c-01ca-4a34-ac93-994a2946b894,03/Feb/26 9:03 AM,02/Mar/26 6:59 AM,,02/Mar/26 6:59 AM,May 2025,,,,0,,,Implement the error code to identify if tier_type is not defined for tiered line items.,,Meital Rashti,,,,70121:33c9c08c-01ca-4a34-ac93-994a2946b894,,,,,,,,,,,,,,,,,,IT-31593,IT-31937,,,,,,,,,,,,,,,19/Mar/25 12:00 AM,,,,,,,,,Meital Rashti,70121:33c9c08c-01ca-4a34-ac93-994a2946b894,,ApprovalsCFValue{approvals=[]},,,,,,No,,,,,,,,,,,,,Billing,Meital Rashti,70121:33c9c08c-01ca-4a34-ac93-994a2946b894,,,,,,,,,,,,,,,,,,,,,,{},,,,,,,,,,,,,,,,,,,,,,,,,,"Sizing document change:

PS Architecture change:

PS Methodology change:

PS Project plan change:

Data requirement change:

Update PS Tools:

Training Materials:

Communication:

Update PS Sales:

PS Demo:

General Notes:
1. Alpha testing
2. Beta testing
3. Project Risk Mitigation",FALSE,,,,,,,,,,,,,,,,,Cadebill,,,,,,,,,,,,,,,,,,,,,Cadebill,,,,,,,,,,,,,,,,,,,,,,,,,,,New,,,,,,,,,,,,,,,,,,,,,,,1|i09jor:,,,No,,.,,,,,,Off-Release,,,,,Meital Rashti,,,,,,,,,,,,,,,,,,,,,,,,,,,,,,,,,IT S56 (9 Feb - 23 Feb 2026),IT S57 (23 Feb - 9 Mar 2026),,,,,,,,,,,,,,,,,,,,,,,,,,,,,,,,,,,,,,,,,,,,,,,,3.0,,,,,,,,,,,,,,Billing,,,,,,,,,,,,,,,,,,,,,,,,,,,,1_*:*_1_*:*_78222_*|*_10009_*:*_1_*:*_0_*|*_10011_*:*_1_*:*_66743_*|*_10010_*:*_1_*:*_1136795373_*|*_10001_*:*_1_*:*_4696_*|*_10003_*:*_1_*:*_1188430428_*|*_10006_*:*_1_*:*_4989_*|*_10005_*:*_1_*:*_2903,,,03/Feb/26 9:04 AM;70121:33c9c08c-01ca-4a34-ac93-994a2946b894;This change can be tested using opportunities that has +tiered products+ and no tier_type is defined in SalesForce object for that product.,02/Mar/26 6:45 AM;70121:33c9c08c-01ca-4a34-ac93-994a2946b894;CCR- 23712,,,,,,,,,,Done,02/Mar/26 6:59 AM
Ignore Duplicate Cadebill Entry,IT-30911,836011,Change Request,Done,IT,IT,software,Ronit Shor,6114ed430b454a00688bb433,,,P3,Done,Meital Rashti,70121:33c9c08c-01ca-4a34-ac93-994a2946b894,Meital Rashti,70121:33c9c08c-01ca-4a34-ac93-994a2946b894,Meital Rashti,70121:33c9c08c-01ca-4a34-ac93-994a2946b894,13/Jan/26 9:57 AM,26/Apr/26 5:35 AM,,26/Apr/26 5:35 AM,April 2026,,,,0,,,"Example - 

*Issue:*

 

Opp 254364

Cadebill 4610862

It created 4 entries per each SKU.

It also didn't send back CPID to SF.

 

*Reason:*

Automation makes the API Call --> Wait for 120 Sec for the response --> Receives Timeout --> Retries Again (Assuming the Time out is Failure (Which is not)) --> Retries 3 Times.
Side Effects causes duplication in Cadebill , because of the delayed response (more than 120 Sec ) from cadebill API automation retried several times and Cadebill Api does not know what it is processing so it kept on inserting the records.



Rahul will provide the design document ",,Meital Rashti,,,,70121:33c9c08c-01ca-4a34-ac93-994a2946b894,,,,,,,,,,,,,,,,,,,,,,,,,,,,,,,,,,24/Apr/26 12:00 AM,,,,,,,,,Meital Rashti,70121:33c9c08c-01ca-4a34-ac93-994a2946b894,,ApprovalsCFValue{approvals=[]},,,,,,No,,,,,,,,,,,,,Billing,Meital Rashti,70121:33c9c08c-01ca-4a34-ac93-994a2946b894,,,,,,,,,,,,,,,,,,,,,,{},,,,,,,,,,,,,,,,,,,,,,,,,,"Sizing document change:

PS Architecture change:

PS Methodology change:

PS Project plan change:

Data requirement change:

Update PS Tools:

Training Materials:

Communication:

Update PS Sales:

PS Demo:

General Notes:
1. Alpha testing
2. Beta testing
3. Project Risk Mitigation",FALSE,,,,,,,,,,,,,,,,,Cadebill,,,,,,,,,,,,,,,,,,,,,Cadebill,,,,,,,,,,,,,,,,,,,,,,,,,,,New,,,,,,,,,,,,,,,,,,,,,,,1|i0968z:,,,No,,.,,,,,,Off-Release,,,,,Meital Rashti,,,,,,,,,,,,,,,,,,,,,,,,,,,,,,,,,IT S59 (23 Mar - 6 Apr 2026),IT S60 (6 Apr - 20 Apr 2026),IT S61 (20 Apr - 4 May 2026),,,,,,,,,,,,,,,,,,,,,,,,,,,,,,,,,,,,,,,,,,,,,,,5.0,,,,,,,,,,,,,,Billing,,,,,,,,,,,,,,,,,,,,,,,,,,,,1_*:*_1_*:*_6126428313_*|*_10009_*:*_1_*:*_0_*|*_10011_*:*_1_*:*_22673_*|*_10010_*:*_1_*:*_122825_*|*_10001_*:*_1_*:*_4452_*|*_10003_*:*_1_*:*_2756804753_*|*_10006_*:*_1_*:*_3220_*|*_10005_*:*_1_*:*_4021,,,25/Mar/26 7:46 AM;70121:33c9c08c-01ca-4a34-ac93-994a2946b894;.,"26/Apr/26 5:32 AM;70121:33c9c08c-01ca-4a34-ac93-994a2946b894;{{2024-04-26}} - “Changes related to 'Retry and Recovery mechanism for Contract Sync"" are deployed on Production.

“",,,,,,,,,,Done,26/Apr/26 5:35 AM
Cadebill Rebate Catalog Type BR,IT-30271,831820,Change Request,Done,IT,IT,software,Ronit Shor,6114ed430b454a00688bb433,,,P3,Done,Meital Rashti,70121:33c9c08c-01ca-4a34-ac93-994a2946b894,Eitan Fireberg,621f1c4f94f7e20069fdd50c,Eitan Fireberg,621f1c4f94f7e20069fdd50c,14/Dec/25 8:05 AM,08/Jan/26 9:59 AM,,08/Jan/26 8:58 AM,February 2026,,,,0,,,"Catalog Type called Rebate

Need that the Rate of this SKU will get inserted to the Override NRC Rate instead of the Override Rate.",,Meital Rashti,,,,70121:33c9c08c-01ca-4a34-ac93-994a2946b894,,,,,,,,,,,,,,,,,,,,,,22/Dec/25 5:45 AM;ug:09c91872-a878-4f07-97a1-3f1811d26aca;RE IT-30271 --  Cadebill Rebate Catalog Type BR.msg;https://nice-it.atlassian.net/rest/api/3/attachment/content/172687,,,,,,,,,,,,08/Jan/26 12:00 AM,,,,,,,,,Meital Rashti,70121:33c9c08c-01ca-4a34-ac93-994a2946b894,,ApprovalsCFValue{approvals=[]},,,,,,No,,,,,,,,,,,,,Billing,Roi Yossefi,6114ec8f8c15ca006feba02a,,,,,,,,,,,,,,,,,,,,,,{},,CX,,,,,,,,,,,,,,,,,,,,,,,,"Sizing document change:

PS Architecture change:

PS Methodology change:

PS Project plan change:

Data requirement change:

Update PS Tools:

Training Materials:

Communication:

Update PS Sales:

PS Demo:

General Notes:
1. Alpha testing
2. Beta testing
3. Project Risk Mitigation",FALSE,,,,,,,,,,,,,,,,,Cadebill,,,,,,,,,,,,,,,,,,,,,Cadebill,,,,,,,,,,,,,,,,,,,,,,,,,,,New,,,,,,,,,,,,,,,,,,,,,,,1|i08to3:,,,No,,",",,,,,,Release,,,,,Orr Rachlevsky,,,,,,,,,,,,,,,,,,,,,,,,,,,,,,,,,IT S51 (1 Dec - 15 Dec 2025),IT S52 (15 Dec - 29 Dec 2025),IT S53 (29 Dec - 12 Jan 2026),,,,,,,,,,,,,,,,,,,,,,,,,,,,,,,,,,,,,,,,,,,,,,,1.0,,,,,,,,,,,,,,Billing,,,,,,,,,,,,,,,,,,,,,,,,,,,2025-12-22 05:03:12.136,1_*:*_1_*:*_605239840_*|*_10009_*:*_1_*:*_0_*|*_10011_*:*_1_*:*_1557698086_*|*_10010_*:*_1_*:*_99673_*|*_10001_*:*_1_*:*_4749_*|*_10089_*:*_1_*:*_17783_*|*_10003_*:*_1_*:*_10194_*|*_10006_*:*_1_*:*_81758_*|*_10005_*:*_1_*:*_2399,,,22/Dec/25 5:03 AM;70121:33c9c08c-01ca-4a34-ac93-994a2946b894;“Amendments  on existing product don’t modify rates. Therefore you need to test this scenario for new product/New Orders.“,22/Dec/25 9:33 AM;70121:33c9c08c-01ca-4a34-ac93-994a2946b894;CCR-23551 has been created,08/Jan/26 9:59 AM;70121:33c9c08c-01ca-4a34-ac93-994a2946b894;07/01/2026 - Deployed to prod ,,,,,,,,,Done,08/Jan/26 8:58 AM
Top 40 customers indication in Cadebill account,IT-29673,827050,Change Request,Done,IT,IT,software,Ronit Shor,6114ed430b454a00688bb433,,,P3,Done,Dana Trybiasz,6114ed43e6e6f80071784a76,Uri Zernitsky,6114ec5175ad960069a77ba9,Uri Zernitsky,6114ec5175ad960069a77ba9,17/Nov/25 10:04 AM,02/Mar/26 6:36 AM,,02/Mar/26 6:36 AM,April 2026,,,,0,,,"

  For these 3 partners: RingCentral, Verizon & AT&T, GlobalScope we also would like to add a message to appear on the account itself in Cadebill:

“Please note this Partner has a unique partner rules to be set. Please refer to the Partner Rules guidelines”.

For this requests, we would like to have the option to update this flag “on a daily basis”- meaning, no CR will be required to flag\unflag customer.",,Uri Zernitsky,,,,6114ec5175ad960069a77ba9,,,,,,,,,,,,,,,,,,,,,,,,,,,,,,,,,,27/Feb/26 12:00 AM,,,,,,,,,Dana Trybiasz,6114ed43e6e6f80071784a76,,ApprovalsCFValue{approvals=[]},,,,,,No,,,,,,,,,,,,,OM & Delivery,Roi Yossefi,6114ec8f8c15ca006feba02a,,,,,,,,,,,,,,,,,,,,,,{},,CX,,,,,,,,,,,,,,,,,,,,,,,,"Sizing document change:

PS Architecture change:

PS Methodology change:

PS Project plan change:

Data requirement change:

Update PS Tools:

Training Materials:

Communication:

Update PS Sales:

PS Demo:

General Notes:
1. Alpha testing
2. Beta testing
3. Project Risk Mitigation",FALSE,,,,,,,,,,,,,,,,,Cadebill,,,,,,,,,,,,,,,,,,,,,Cadebill,,,,,,,,,,,,,,,,,,,,,,,,,,,New,,,,,,,,,,,,,,,,,,,,,,,1|i08hcz:,,",",No,,m,,,,,,Release,,,,,Michal Mugerman,,,,,,,,,,,,,,,,,,,,,,,,,,,,,,,,,IT S57 (23 Feb - 9 Mar 2026),,,,,,,,,,,,,,,,,,,,,,,,,,,,,,,,,,,,,,,,,,,,,,,,,1.0,,,,,,,,,,,,,,Billing,,,,,,,,,,,,,,,,,,,,,,,,,,,,1_*:*_1_*:*_9059362330_*|*_10009_*:*_1_*:*_0_*|*_10011_*:*_1_*:*_84358_*|*_10010_*:*_1_*:*_38257_*|*_10001_*:*_1_*:*_3432_*|*_10003_*:*_1_*:*_8328_*|*_10006_*:*_1_*:*_3266_*|*_10005_*:*_1_*:*_4394,,,,,,,,,,,,,,Done,02/Mar/26 6:36 AM
Committed Quantity Automation Business Rule - New Requirement,IT-29665,826794,Change Request,Done,IT,IT,software,Ronit Shor,6114ed430b454a00688bb433,,,P3,Done,Meital Rashti,70121:33c9c08c-01ca-4a34-ac93-994a2946b894,Meital Rashti,70121:33c9c08c-01ca-4a34-ac93-994a2946b894,Meital Rashti,70121:33c9c08c-01ca-4a34-ac93-994a2946b894,17/Nov/25 5:40 AM,26/Jul/26 5:10 AM,10/Aug/26 8:27 PM,26/Jul/26 5:10 AM,April 2026,,,,0,SFDC_Automation_to_Cadebill,,"*Background*: When we launched the automation we faced a challenge. The underlying rule was that SOFTW and SOFTU (Software MRC & Usage) will be transferred with a quantity of 1. But there were several exceptions – for specific SKUs and specific SKUs per specific partner (RingCentral & Verizon).

There was no +SF+ +identifier+ for the relevant SKUs, so we relied on SKU External Description and asked MCL to create a business rule for all the SKUs which should be entered with quoted quantity.

!image-20251117-053845.png|width=259,height=94,alt=""image-20251117-053845.png""!



Maintaining this list would be a nightmare and prone to errors.

Since then, we moved RingCentral automation to rely on Unit of Measure Business Rule.

For each SKU, *Workato* will “look” at the SKU page and for identified Unit of Measure and Partner RingCentral, will transfer the quoted quantity

!image-20251117-053919.png|width=520,height=279,alt=""image-20251117-053919.png""!



Now, SF has created a field on the SKU level, like Unit of Measure, defining whether the SKU should be billed by contracted quantity or higher or normally according to usage.

*SKU API :* +*Contracted_QTY__c*+

 

+*The request*+

# Create a new generic Business Rule: For Product Family “Software MRC” or “Software Usage” Workato will look at the SKU “Contracted_QTY__c” and if True will transfer to Cadebill the quoted “Quantity”
# In Parallel, create “Verizon Contracted Quantity” BR.
## If opp Partner Account INCLUDES Verizon AND
## Account “Government Account” is FALSE
## Then for selected SKUs (existing BR SKUs under Verizon) => enter “Quantity” to Cadebill
# Once this is in place, the existing Contracted Quantity BR can be retired   (you can build #2 based on it as well, whatever works)

 

 

After that, whenever CPQ defines a new SKU, it will determine whether it is committed quantity True.",,Ajinkya Jawanjal,Meital Rashti,,,712020:852f441b-a0c8-46c8-8fde-f79fe6a35723,70121:33c9c08c-01ca-4a34-ac93-994a2946b894,,,,,,,,,,,,,,,,,,,,,25/Mar/26 11:53 AM;ug:09c91872-a878-4f07-97a1-3f1811d26aca;Design Document_IT29665_Committed_Quantity_BR.docx;https://nice-it.atlassian.net/rest/api/3/attachment/content/182954,21/Jun/26 3:55 AM;ug:09c91872-a878-4f07-97a1-3f1811d26aca;RE_ IT-29665 - Committed Quantity Automation Business Rule - New Requirement.msg;https://nice-it.atlassian.net/rest/api/3/attachment/content/191489,17/Nov/25 5:40 AM;ug:09c91872-a878-4f07-97a1-3f1811d26aca;image-20251117-053845.png;https://nice-it.atlassian.net/rest/api/3/attachment/content/168994,17/Nov/25 5:40 AM;ug:09c91872-a878-4f07-97a1-3f1811d26aca;image-20251117-053919.png;https://nice-it.atlassian.net/rest/api/3/attachment/content/168995,17/Jul/26 5:28 AM;ug:25efd078-2cb1-4c9d-bd50-5e4a260878c4;image-20260717-052819.png;https://nice-it.atlassian.net/rest/api/3/attachment/content/197272,,,,,,,,24/Jul/26 12:00 AM,,,,,,,,,Meital Rashti,70121:33c9c08c-01ca-4a34-ac93-994a2946b894,,ApprovalsCFValue{approvals=[]},,,,,,No,,,,,,,,,,,,,Billing,Orr Rachlevsky,63db8d66790148a18094867c,,,,,,,,,,,,,,,,,,,,,,{},,CX,,,,,,,,,,,,,,,,,,,,,,,,"Sizing document change:

PS Architecture change:

PS Methodology change:

PS Project plan change:

Data requirement change:

Update PS Tools:

Training Materials:

Communication:

Update PS Sales:

PS Demo:

General Notes:
1. Alpha testing
2. Beta testing
3. Project Risk Mitigation",FALSE,,,,,,,,,,,,,,,,,Salesforce CPQ,,,,,,,,,,,,,,,,,,,,,Cadebill,,,,,,,,,,,,,,,,,,,,,,,,,,,New,,,,,,,,,,,,,,,,,,,,,,,1|i08gk3:,,.,No,,.,,,,,,Off-Release,,,,,Orr Rachlevsky,,,,,,,,,,,,,,,,,,,,,,,,,,,,,,,,,IT S51 (1 Dec - 15 Dec 2025),IT S52 (15 Dec - 29 Dec 2025),IT S53 (29 Dec - 12 Jan 2026),IT S54 (12 Jan - 26 Jan 2026),IT S55 (26 Jan - 9 Feb 2026),IT S56 (9 Feb - 23 Feb 2026),IT S57 (23 Feb - 9 Mar 2026),IT S58 (9 Mar - 23 Mar 2026),IT S59 (23 Mar - 6 Apr 2026),IT S60 (6 Apr - 20 Apr 2026),IT S61 (20 Apr - 4 May 2026),IT S62 (4 May - 18 May 2026),IT S63 (18 May - 1 Jun 2026),IT S64 (1 Jun - 15 Jun 2026),IT S65 (15 Jun - 29 Jun 2026),IT S66 (29 Jun - 13 Jul 2026),IT S67 (13 Jul - 27 Jul 2026),,,,,,,,,,,,,,,,,,,,,,,,,,,,,,,,,4.0,,,,,,,,,,,,,,Billing,,,,,,,,,,,,,,,,,,,,,,,,,,,2026-07-17 05:28:31.245,1_*:*_1_*:*_9160885827_*|*_10009_*:*_1_*:*_0_*|*_10011_*:*_1_*:*_10603055452_*|*_10010_*:*_1_*:*_42780_*|*_10001_*:*_1_*:*_2808_*|*_10003_*:*_1_*:*_643818432_*|*_10006_*:*_1_*:*_1276793949_*|*_10005_*:*_1_*:*_2229,,,"25/Mar/26 11:53 AM;70121:33c9c08c-01ca-4a34-ac93-994a2946b894;25/03/2026:

@Meital Rashti, @Eitan Fireberg:

 

Development and testing of this business rule is completed. Results are verified in CPFin instance.

I have also updated the changes in CPQa instance for UAT

 

I am also attaching the design document that can be used to create the test cases for UAT.

 

Let us know if you need any other information.

 

Thank you!","21/Jun/26 3:53 AM;70121:33c9c08c-01ca-4a34-ac93-994a2946b894;‘SOFTN’ catalog is excluded from this BR.

Committed quantity BR applies only to SOFTW and SOFTU catalog.","17/Jul/26 5:28 AM;712020:852f441b-a0c8-46c8-8fde-f79fe6a35723;[~accountid:70121:33c9c08c-01ca-4a34-ac93-994a2946b894] Sent data for SKU in list scenario so that all the tests for New Logo will be completed.

!image-20260717-052819.png|width=617,alt=""image-20260717-052819.png""!",,,,,,,,,Done,26/Jul/26 5:10 AM
One overage SKU for multiple usage package,IT-29622,825965,Change Request,Done,IT,IT,software,Ronit Shor,6114ed430b454a00688bb433,,,P3,Done,Dana Trybiasz,6114ed43e6e6f80071784a76,Eitan Fireberg,621f1c4f94f7e20069fdd50c,Eitan Fireberg,621f1c4f94f7e20069fdd50c,13/Nov/25 12:59 PM,28/Jul/26 4:54 AM,,28/Jul/26 4:54 AM,January 2026,,,,0,MCL,,*One overage SKU for multiple usage package*,,Ajinkya Jawanjal,Eitan Fireberg,Meital Rashti,,712020:852f441b-a0c8-46c8-8fde-f79fe6a35723,621f1c4f94f7e20069fdd50c,70121:33c9c08c-01ca-4a34-ac93-994a2946b894,,,,,,,,,,,,,,,IT-33705,,,,IT-33743,01/Feb/26 8:09 AM;ug:1353b372-f51b-4375-b95a-b04dcee93ca7;DesignDocument_One overage SKU for multiple usage packages.docx;https://nice-it.atlassian.net/rest/api/3/attachment/content/175513,05/Jan/26 2:35 PM;ug:1353b372-f51b-4375-b95a-b04dcee93ca7;One overage SKU for multiple usage packages (1).docx;https://nice-it.atlassian.net/rest/api/3/attachment/content/173144,20/Nov/25 1:23 PM;ug:1353b372-f51b-4375-b95a-b04dcee93ca7;One overage SKU for multiple usage packages.docx;https://nice-it.atlassian.net/rest/api/3/attachment/content/169411,22/Jun/26 12:01 PM;ug:09c91872-a878-4f07-97a1-3f1811d26aca;RE_ Please provide CCR details for these so They'll be deployed this week.msg;https://nice-it.atlassian.net/rest/api/3/attachment/content/191730,23/Apr/26 6:58 AM;ug:1353b372-f51b-4375-b95a-b04dcee93ca7;SingleOverage_Implementation_and_Documentation.docx;https://nice-it.atlassian.net/rest/api/3/attachment/content/184258,,,,,,,,,,,,,,,,,Meital Rashti,70121:33c9c08c-01ca-4a34-ac93-994a2946b894,,ApprovalsCFValue{approvals=[]},,,,,,No,,,,,,,,,,,,,Billing,Orr Rachlevsky,63db8d66790148a18094867c,,,,,,,,,,,,,,,,,,,,,,{},,CX,,,,,,,,,,,,,,,,,,,,,,,,"Sizing document change:

PS Architecture change:

PS Methodology change:

PS Project plan change:

Data requirement change:

Update PS Tools:

Training Materials:

Communication:

Update PS Sales:

PS Demo:

General Notes:
1. Alpha testing
2. Beta testing
3. Project Risk Mitigation",FALSE,,,,,,,,,,,,,,,,,Cadebill,,,,,,,,,,,,,,,,,,,,,Cadebill,,,,,,,,,,,,,,,,,,,,,,,,,,,New,,,,,,,,,,,,,,,,,,,,,,,1|i08e9f:,,.,No,,.,,,,,,Off-Release,,,,,Orr Rachlevsky,,,,,,,,,,,,,,,,,,,,,,,,,,,,,,,,,IT S50 (17 Nov - 1 Dec 2025),IT S51 (1 Dec - 15 Dec 2025),IT S52 (15 Dec - 29 Dec 2025),IT S53 (29 Dec - 12 Jan 2026),IT S54 (12 Jan - 26 Jan 2026),IT S55 (26 Jan - 9 Feb 2026),IT S56 (9 Feb - 23 Feb 2026),IT S57 (23 Feb - 9 Mar 2026),IT S58 (9 Mar - 23 Mar 2026),IT S59 (23 Mar - 6 Apr 2026),IT S60 (6 Apr - 20 Apr 2026),IT S61 (20 Apr - 4 May 2026),IT S62 (4 May - 18 May 2026),IT S63 (18 May - 1 Jun 2026),IT S64 (1 Jun - 15 Jun 2026),IT S65 (15 Jun - 29 Jun 2026),IT S66 (29 Jun - 13 Jul 2026),IT S67 (13 Jul - 27 Jul 2026),IT S68 (27 Jul - 10 Aug 2026),,,,,,,,,,,,,,,,,,,,,,,,,,,,,,,1.0,,,,,,,,,,,,,,Billing,,,,,,,,,,,,,,,,,,,,,,,,,,,2026-04-13 12:20:04.0,1_*:*_1_*:*_606266412_*|*_10009_*:*_1_*:*_0_*|*_10011_*:*_1_*:*_4596029850_*|*_10010_*:*_1_*:*_6288330674_*|*_10001_*:*_1_*:*_7326786390_*|*_10003_*:*_1_*:*_273434681_*|*_10006_*:*_1_*:*_3895_*|*_10005_*:*_1_*:*_3484,,,"13/Apr/26 12:20 PM;70121:33c9c08c-01ca-4a34-ac93-994a2946b894;

Following our call from today, we can confirm that it will be possible to create one overage SKU for many SKU’s as standalone, without putting them in a bundle.",01/Jun/26 9:03 AM;712020:852f441b-a0c8-46c8-8fde-f79fe6a35723;Test Execution is done and artifacts are inside linked Test.[~accountid:621f1c4f94f7e20069fdd50c] [~accountid:70121:33c9c08c-01ca-4a34-ac93-994a2946b894] ,,,,,,,,,,Done,28/Jul/26 4:54 AM
Import Rebill Quantities by SKU following CR IT-27365,IT-29621,825964,Change Request,Done,IT,IT,software,Ronit Shor,6114ed430b454a00688bb433,,,P3,Done,Eitan Fireberg,621f1c4f94f7e20069fdd50c,Eitan Fireberg,621f1c4f94f7e20069fdd50c,Eitan Fireberg,621f1c4f94f7e20069fdd50c,13/Nov/25 12:56 PM,09/Feb/26 11:57 AM,,09/Feb/26 11:57 AM,February 2026,January 2026,,,0,,,Import Rebill Quantities by SKU,,Eitan Fireberg,,,,621f1c4f94f7e20069fdd50c,,,,,,,,,,,,,,,,,,,,,,,,,,,,,,,,,,09/Feb/26 12:00 AM,,,,,,,,,Eitan Fireberg,621f1c4f94f7e20069fdd50c,,ApprovalsCFValue{approvals=[]},,,,,,No,,,,,,,,,,,,,Billing,Roi Yossefi,6114ec8f8c15ca006feba02a,,,,,,,,,,,,,,,,,,,,,,{},,CX,,,,,,,,,,,,,,,,,,,,,,,,"Sizing document change:

PS Architecture change:

PS Methodology change:

PS Project plan change:

Data requirement change:

Update PS Tools:

Training Materials:

Communication:

Update PS Sales:

PS Demo:

General Notes:
1. Alpha testing
2. Beta testing
3. Project Risk Mitigation",FALSE,,,,,,,,,,,,,,,,,Cadebill,,,,,,,,,,,,,,,,,,,,,Cadebill,,,,,,,,,,,,,,,,,,,,,,,,,,,New,,,,,,,,,,,,,,,,,,,,,,,1|i08e97:,,",",No,,",",,,,,,Release,,,,,Robert Gordon,,,,,,,,,,,,,,,,,,,,,,,,,,,,,,,,,IT S49 (3 Nov - 17 Nov 2025),IT S50 (17 Nov - 1 Dec 2025),IT S51 (1 Dec - 15 Dec 2025),IT S52 (15 Dec - 29 Dec 2025),IT S53 (29 Dec - 12 Jan 2026),IT S54 (12 Jan - 26 Jan 2026),IT S55 (26 Jan - 9 Feb 2026),,,,,,,,,,,,,,,,,,,,,,,,,,,,,,,,,,,,,,,,,,,1.0,,,,,,,,,,,,,,Billing,,,,,,,,,,,,,,,,,,,,,,,,,,,,1_*:*_1_*:*_7599568139_*|*_10009_*:*_1_*:*_0_*|*_10011_*:*_1_*:*_15505_*|*_10010_*:*_1_*:*_22936_*|*_10001_*:*_1_*:*_4484_*|*_10003_*:*_1_*:*_45200_*|*_10006_*:*_1_*:*_3764_*|*_10005_*:*_1_*:*_2991,,,"17/Nov/25 2:53 PM;621f1c4f94f7e20069fdd50c;+Requirement:+

To build an import template function using AccountNo ,SKU (ProductID, FeatureKey, FeatureDetailID), ChargeDate to upload the rebill quantities.

Template should identify the active instance based on SKU and charge date.

* If multiple instance of same SKU is found, it should fail that record stating the reason of failure – ‘Multiple instance found’
* If the SKU doesn’t exists for an account, it should fail that record giving the error message ‘No SKU found’","09/Feb/26 11:55 AM;621f1c4f94f7e20069fdd50c;

Hi @Michael Langburd, @Robert Gordon, @Eitan Fireberg,

 

The data import template for Add Rebill Quantity using SKU has been created in Production, and the stored procedure has been deployed.

Template_ID: 301, Template Name: Add_Rebill_Quantity

We have completed testing, and all functions are working as expected.","09/Feb/26 11:57 AM;621f1c4f94f7e20069fdd50c;,",09/Feb/26 11:57 AM;621f1c4f94f7e20069fdd50c;k,,,,,,,,Done,09/Feb/26 11:57 AM
Including Product Segments in Import/Export process.,IT-29571,825712,Change Request,Done,IT,IT,software,Ronit Shor,6114ed430b454a00688bb433,,,P3,Done,Meital Rashti,70121:33c9c08c-01ca-4a34-ac93-994a2946b894,Meital Rashti,70121:33c9c08c-01ca-4a34-ac93-994a2946b894,Meital Rashti,70121:33c9c08c-01ca-4a34-ac93-994a2946b894,12/Nov/25 11:17 AM,16/Nov/25 8:53 AM,,16/Nov/25 8:53 AM,December 2025,,,,0,,,Including Product Segments in the Import/Export process.,,Meital Rashti,,,,70121:33c9c08c-01ca-4a34-ac93-994a2946b894,,,,,,,,,,,,,,,,,,,,,,,,,,,,,,,,,,13/Nov/25 12:00 AM,,,,,,,,,Meital Rashti,70121:33c9c08c-01ca-4a34-ac93-994a2946b894,,ApprovalsCFValue{approvals=[]},,,,,,No,,,,,,,,,,,,,Billing,Meital Rashti,70121:33c9c08c-01ca-4a34-ac93-994a2946b894,,,,,,,,,,,,,,,,,,,,,,{},,,,,,,,,,,,,,,,,,,,,,,,,,"Sizing document change:

PS Architecture change:

PS Methodology change:

PS Project plan change:

Data requirement change:

Update PS Tools:

Training Materials:

Communication:

Update PS Sales:

PS Demo:

General Notes:
1. Alpha testing
2. Beta testing
3. Project Risk Mitigation",FALSE,,,,,,,,,,,,,,,,,Cadebill,,,,,,,,,,,,,,,,,,,,,Cadebill,,,,,,,,,,,,,,,,,,,,,,,,,,,New,,,,,,,,,,,,,,,,,,,,,,,1|i08dgz:,,.,No,,.,,,,,,Off-Release,,,,,Meital Rashti,,,,,,,,,,,,,,,,,,,,,,,,,,,,,,,,,IT S49 (3 Nov - 17 Nov 2025),,,,,,,,,,,,,,,,,,,,,,,,,,,,,,,,,,,,,,,,,,,,,,,,,1.0,,,,,,,,,,,,,,Billing,,,,,,,,,,,,,,,,,,,,,,,,,,,,1_*:*_1_*:*_100858_*|*_10009_*:*_1_*:*_0_*|*_10011_*:*_1_*:*_29095_*|*_10010_*:*_1_*:*_43818_*|*_10001_*:*_1_*:*_3259_*|*_10003_*:*_1_*:*_7089_*|*_10006_*:*_2_*:*_5171_*|*_10005_*:*_2_*:*_5130,,,,,,,,,,,,,,Done,16/Nov/25 8:53 AM
Amortization Schedules in Oracle - Differed Flag,IT-29499,825373,Change Request,Done,IT,IT,software,Ronit Shor,6114ed430b454a00688bb433,,,P3,Done,Michael Langburd,712020:6267be66-72d7-42c2-bd78-dbec81dccedb,Eitan Fireberg,621f1c4f94f7e20069fdd50c,Eitan Fireberg,621f1c4f94f7e20069fdd50c,10/Nov/25 3:12 AM,07/May/26 4:55 AM,,07/May/26 4:55 AM,December 2025,,,,0,,,"We would like to change the logic of the deferred products, as stated by Zachi A. Below: 

If the deferred flag is set up as 'Yes' -  do not  go to the 'product logic' and populate the deferred in the loading file as 'Yes'

Else go to the “product logic""",,Eitan Fireberg,,,,621f1c4f94f7e20069fdd50c,,,,,,,,,,,,,,,,,,,,,,,,,,,,,,,,,,29/Oct/25 12:00 AM,,,,,,,,,Eitan Fireberg,621f1c4f94f7e20069fdd50c,,ApprovalsCFValue{approvals=[]},,,,,,No,,,,,,,,,,,,,Billing,Zachi Arbel,6114ecb64e8d8d0069ff06a9,,,,,,,,,,,,,,,,,,,,,,{},,CX,,,,,,,,,,,,,,,,,,,,,,,,"Sizing document change:

PS Architecture change:

PS Methodology change:

PS Project plan change:

Data requirement change:

Update PS Tools:

Training Materials:

Communication:

Update PS Sales:

PS Demo:

General Notes:
1. Alpha testing
2. Beta testing
3. Project Risk Mitigation",FALSE,,,,,,,,,,,,,,,,,Cadebill,,,,,,,,,,,,,,,,,,,,,Cadebill,,,,,,,,,,,,,,,,,,,,,,,,,,,New,,,,,,,,,,,,,,,,,,,,,,,1|i08cdf:,,.,No,,.,,,,,,Off-Release,,,,,Zachi Arbel,,,,,,,,,,,,,,,,,,,,,,,,,,,,,,,,,IT S49 (3 Nov - 17 Nov 2025),IT S50 (17 Nov - 1 Dec 2025),IT S51 (1 Dec - 15 Dec 2025),IT S52 (15 Dec - 29 Dec 2025),IT S53 (29 Dec - 12 Jan 2026),IT S54 (12 Jan - 26 Jan 2026),IT S55 (26 Jan - 9 Feb 2026),IT S56 (9 Feb - 23 Feb 2026),IT S57 (23 Feb - 9 Mar 2026),IT S58 (9 Mar - 23 Mar 2026),IT S59 (23 Mar - 6 Apr 2026),IT S60 (6 Apr - 20 Apr 2026),IT S61 (20 Apr - 4 May 2026),IT S62 (4 May - 18 May 2026),,,,,,,,,,,,,,,,,,,,,,,,,,,,,,,,,,,,1.0,,,,,,,,,,,,,,Billing,,,,,,,,,,,,,,,,,,,,,,,,,,,,1_*:*_1_*:*_15385279470_*|*_10009_*:*_1_*:*_0_*|*_10011_*:*_1_*:*_24120_*|*_10010_*:*_1_*:*_18196_*|*_10001_*:*_1_*:*_2901_*|*_10003_*:*_1_*:*_7533_*|*_10006_*:*_1_*:*_3289_*|*_10005_*:*_1_*:*_3173,,,,,,,,,,,,,,Done,07/May/26 4:55 AM
Product removal could not find,IT-28578,818499,Change Request,Done,IT,IT,software,Ronit Shor,6114ed430b454a00688bb433,,,P2,Done,Meital Rashti,70121:33c9c08c-01ca-4a34-ac93-994a2946b894,Meital Rashti,70121:33c9c08c-01ca-4a34-ac93-994a2946b894,Meital Rashti,70121:33c9c08c-01ca-4a34-ac93-994a2946b894,29/Sep/25 8:41 AM,17/Nov/25 11:19 AM,,17/Nov/25 11:19 AM,December 2025,,,,0,,,"Hi, 



Automation 1012, 3157, 1270

If the SKU is not found, the automation should not fail.",,Meital Rashti,,,,70121:33c9c08c-01ca-4a34-ac93-994a2946b894,,,,,,,,,,,,,,,,,,,,,,11/Nov/25 9:49 AM;ug:1353b372-f51b-4375-b95a-b04dcee93ca7;DesignDocument_BR_Ignoring_Non_Existent_SKUs_in_Amendment_V1.docx;https://nice-it.atlassian.net/rest/api/3/attachment/content/168429,,,,,,,,,,,,13/Nov/25 12:00 AM,,,,,,,,,Meital Rashti,70121:33c9c08c-01ca-4a34-ac93-994a2946b894,,ApprovalsCFValue{approvals=[]},,,,,,No,,,,,,,,,,,,,Billing,Meital Rashti,70121:33c9c08c-01ca-4a34-ac93-994a2946b894,,,,,,,,,,,,,,,,,,,,,,{},,,,,,,,,,,,,,,,,,,,,,,,,,"Sizing document change:

PS Architecture change:

PS Methodology change:

PS Project plan change:

Data requirement change:

Update PS Tools:

Training Materials:

Communication:

Update PS Sales:

PS Demo:

General Notes:
1. Alpha testing
2. Beta testing
3. Project Risk Mitigation",FALSE,,,,,,,,,,,,,,,,,Cadebill,,,,,,,,,,,,,,,,,,,,,Cadebill,,,,,,,,,,,,,,,,,,,,,,,,,,,New,,,,,,,,,,,,,,,,,,,,,,,1|i07rij:,,.,No,,.,,,,,,Off-Release,,,,,MEITAL RASHTI,,,,,,,,,,,,,,,,,,,,,,,,,,,,,,,,,IT S49 (3 Nov - 17 Nov 2025),,,,,,,,,,,,,,,,,,,,,,,,,,,,,,,,,,,,,,,,,,,,,,,,,1.0,,,,,,,,,,,,,,Billing,,,,,,,,,,,,,,,,,,,,,,,,,,,,1_*:*_1_*:*_3719258129_*|*_10009_*:*_1_*:*_0_*|*_10011_*:*_1_*:*_147293982_*|*_10010_*:*_1_*:*_40252_*|*_10001_*:*_1_*:*_3064_*|*_10003_*:*_1_*:*_13503_*|*_10006_*:*_1_*:*_3427_*|*_10005_*:*_1_*:*_18576168,,,23/Oct/25 1:21 PM;70121:33c9c08c-01ca-4a34-ac93-994a2946b894;[IT - 28578 Product removal could not find.docx|https://niceonline.sharepoint.com/:w:/r/teams/BillingIT/Shared%20Documents/General/Design%20Documents/Billing%20Releases/2025/November/IT%20-%2028578%20Product%20removal%20could%20not%20find.docx?d=w6c4fa1da49684cdabf2b13fba0acffa1&csf=1&web=1&e=eW8gt5],"11/Nov/25 3:00 PM;70121:33c9c08c-01ca-4a34-ac93-994a2946b894;

CCR-23426 has been created. ",,,,,,,,,,Done,17/Nov/25 11:19 AM
Remove Start Date Consideration from BRs,IT-27955,813865,Change Request,Done,IT,IT,software,Ronit Shor,6114ed430b454a00688bb433,,,P3,Done,Meital Rashti,70121:33c9c08c-01ca-4a34-ac93-994a2946b894,Eitan Fireberg,621f1c4f94f7e20069fdd50c,Eitan Fireberg,621f1c4f94f7e20069fdd50c,28/Aug/25 10:57 AM,04/Dec/25 1:32 PM,,04/Dec/25 1:32 PM,December 2025,October 2025,,,0,,,Change the business rule of searching not to take into account the start date as indicator to create/not create new line – the rule should always search,,Eitan Fireberg,,,,621f1c4f94f7e20069fdd50c,,,,,,,,,,,,,,,,,,,,,,18/Sep/25 11:08 AM;ug:09c91872-a878-4f07-97a1-3f1811d26aca;DesignDocument_BR_Identifying_CPIDs_V3 (cedb5c8c-a323-4c3b-a1e2-3f2bb0cf609c).docx;https://nice-it.atlassian.net/rest/api/3/attachment/content/164855,03/Sep/25 3:42 AM;ug:1353b372-f51b-4375-b95a-b04dcee93ca7;DesignDocument_BR_Identifying_CPIDs_V3.docx;https://nice-it.atlassian.net/rest/api/3/attachment/content/164012,,,,,,,,,,,03/Dec/25 12:00 AM,,,,,,,,,Meital Rashti,70121:33c9c08c-01ca-4a34-ac93-994a2946b894,,ApprovalsCFValue{approvals=[]},,,,,,No,,,,,,,,,,,,,Billing,Rotem Mizrahi,5f21198aef11df0025923dda,,,,,,,,,,,,,,,,,,,,,,{},,CX,,,,,,,,,,,,,,,,,,,,,,,,"Sizing document change:

PS Architecture change:

PS Methodology change:

PS Project plan change:

Data requirement change:

Update PS Tools:

Training Materials:

Communication:

Update PS Sales:

PS Demo:

General Notes:
1. Alpha testing
2. Beta testing
3. Project Risk Mitigation",FALSE,,,,,,,,,,,,,,,,,Cadebill,,,,,,,,,,,,,,,,,,,,,Cadebill,,,,,,,,,,,,,,,,,,,,,,,,,,,New,,,,,,,,,,,,,,,,,,,,,,,1|i07ccb:,,",",No,,m,,,,,,Off-Release,,,,,Orr Rachlevsky,,,,,,,,,,,,,,,,,,,,,,,,,,,,,,,,,IT S44 (25 Aug -  8 Sep 2025),IT S45 (8 Sep - 22 Sep 2025),IT S46 (22 Sep - 6 Oct 2025),IT S47 (6 Oct - 20 Oct 2025),IT S48 (20 Oct - 3 Nov 2025),IT S49 (3 Nov - 17 Nov 2025),IT S50 (17 Nov - 1 Dec 2025),IT S51 (1 Dec - 15 Dec 2025),,,,,,,,,,,,,,,,,,,,,,,,,,,,,,,,,,,,,,,,,,1.0,,,,,,,,,,,,,,Billing,,,,,,,,,,,,,,,,,,,,,,,,,,,,1_*:*_1_*:*_8476426857_*|*_10009_*:*_1_*:*_0_*|*_10011_*:*_1_*:*_16248_*|*_10010_*:*_1_*:*_14786_*|*_10001_*:*_1_*:*_3727_*|*_10003_*:*_1_*:*_7840_*|*_10006_*:*_1_*:*_3260_*|*_10005_*:*_1_*:*_4081,,,,,,,,,,,,,,Done,04/Dec/25 1:32 PM
Swap Field,IT-27945,813835,Change Request,Done,IT,IT,software,Ronit Shor,6114ed430b454a00688bb433,,,P3,Done,Ajinkya Jawanjal,712020:852f441b-a0c8-46c8-8fde-f79fe6a35723,Eitan Fireberg,621f1c4f94f7e20069fdd50c,Eitan Fireberg,621f1c4f94f7e20069fdd50c,28/Aug/25 4:58 AM,09/Feb/26 11:58 AM,,09/Feb/26 11:58 AM,December 2025,October 2025,,,0,,,"Add a new field on SKU level where on SKU entry to account it will be possible to determine which older/existing SKU on the account it replaces.

New SKU start date will automatically update the old SKU end date (-1). Every time new SKU start date changes old SKU date will be auto updated.



This should also apply for Packages/Bundles and their associated SKUs.",,Ajinkya Jawanjal,Eitan Fireberg,,,712020:852f441b-a0c8-46c8-8fde-f79fe6a35723,621f1c4f94f7e20069fdd50c,,,,,,,,,,,,,,,,,IT-31468,IT-31545,IT-31567,,26/Nov/25 11:24 AM;ug:1353b372-f51b-4375-b95a-b04dcee93ca7;Design_Document_for_Swap_Field.docx;https://nice-it.atlassian.net/rest/api/3/attachment/content/169893,28/Jan/26 11:53 AM;ug:1353b372-f51b-4375-b95a-b04dcee93ca7;RE_ Design document for Swap field Implementation..msg;https://nice-it.atlassian.net/rest/api/3/attachment/content/175232,23/Dec/25 3:58 AM;ug:1353b372-f51b-4375-b95a-b04dcee93ca7;Steps to perform Swap Product.docx;https://nice-it.atlassian.net/rest/api/3/attachment/content/172716,28/Jan/26 11:53 AM;ug:1353b372-f51b-4375-b95a-b04dcee93ca7;Steps to perform Swap Product_V2 (002).docx;https://nice-it.atlassian.net/rest/api/3/attachment/content/175231,08/Jan/26 10:51 AM;ug:1353b372-f51b-4375-b95a-b04dcee93ca7;Steps to perform Swap Product_V2.docx;https://nice-it.atlassian.net/rest/api/3/attachment/content/173228,29/Jan/26 12:57 PM;ug:25efd078-2cb1-4c9d-bd50-5e4a260878c4;image-20260129-125734.png;https://nice-it.atlassian.net/rest/api/3/attachment/content/175307,,,,,,,09/Feb/26 12:00 AM,,,,,,,,,Eitan Fireberg,621f1c4f94f7e20069fdd50c,,ApprovalsCFValue{approvals=[]},,,,,,No,,,,,,,,,,,,,Billing,Roi Yossefi,6114ec8f8c15ca006feba02a,,,,,,,,,,,,,,,,,,,,,,{},,CX,,,,,,,,,,,,,,,,,,,,,,,,"Sizing document change:

PS Architecture change:

PS Methodology change:

PS Project plan change:

Data requirement change:

Update PS Tools:

Training Materials:

Communication:

Update PS Sales:

PS Demo:

General Notes:
1. Alpha testing
2. Beta testing
3. Project Risk Mitigation",FALSE,,,,,,,,,,,,,,,,,Cadebill,,,,,,,,,,,,,,,,,,,,,Cadebill,,,,,,,,,,,,,,,,,,,,,,,,,,,New,,,,,,,,,,,,,,,,,,,,,,,1|i07c8j:,,.,No,,m,,,,,,Release,,,,,Robert Gordon,,,,,,,,,,,,,,,,,,,,,,,,,,,,,,,,,IT S44 (25 Aug -  8 Sep 2025),IT S45 (8 Sep - 22 Sep 2025),IT S46 (22 Sep - 6 Oct 2025),IT S47 (6 Oct - 20 Oct 2025),IT S48 (20 Oct - 3 Nov 2025),IT S49 (3 Nov - 17 Nov 2025),IT S50 (17 Nov - 1 Dec 2025),IT S51 (1 Dec - 15 Dec 2025),IT S52 (15 Dec - 29 Dec 2025),IT S53 (29 Dec - 12 Jan 2026),IT S54 (12 Jan - 26 Jan 2026),IT S55 (26 Jan - 9 Feb 2026),,,,,,,,,,,,,,,,,,,,,,,,,,,,,,,,,,,,,,2.0,,,,,,,,,,,,,,Billing,,,,,,,,,,,,,,,,,,,,,,,,,,,2026-01-29 12:56:10.841,1_*:*_1_*:*_5468842657_*|*_10009_*:*_1_*:*_0_*|*_10011_*:*_1_*:*_4175996831_*|*_10010_*:*_1_*:*_38418_*|*_10001_*:*_1_*:*_2306009044_*|*_10003_*:*_1_*:*_2330331513_*|*_10006_*:*_1_*:*_3337_*|*_10005_*:*_1_*:*_3332,,,"29/Jan/26 12:56 PM;712020:852f441b-a0c8-46c8-8fde-f79fe6a35723;Swap product functionality working as expected.

[https://nice-it.atlassian.net/browse/IT-31468|https://nice-it.atlassian.net/browse/IT-31468|smart-link]  

!image-20260129-125734.png|width=602,alt=""image-20260129-125734.png""!",,,,,,,,,,,Done,09/Feb/26 11:58 AM
Partner billing for usage of RT Audio Streaming over SIP Backchannel,IT-27775,811862,Change Request,Done,IT,IT,software,Ronit Shor,6114ed430b454a00688bb433,,,P3,Done,Jonathan Jensen,712020:4c7bb93a-69d9-47b6-bc60-f97d9b955661,Eitan Fireberg,621f1c4f94f7e20069fdd50c,Eitan Fireberg,621f1c4f94f7e20069fdd50c,20/Aug/25 1:12 PM,09/Aug/26 5:22 AM,11/Aug/26 2:40 AM,09/Aug/26 5:22 AM,October 2025,,,,0,,,"

|#|*Requirements:*|
|#|A new split (#3) has to be added so that the RT Audio product (new product) can be additionally billed.|
|#|Which account to be billed is not directly available information in Cadebill. So, a separate table needs to be built.|
|#|The table would have all the TG listed and the ""billable_account_no"" to which the RT Audio product needs to be billed.|
|#|The per minute rate will be assigned in Cadebill using the current UI/method.|
|#|The ingress_bu as available in the CDR must be stored as ""instrument_id"" and the account_no also updated as the ""billable_account_no"". This will be done as part of the scrub rules for split #3.|
|#|The ingress_bu as available in the CDR must be stored as ""instrument_id"" and the account_no also updated as the ""billable_account_no"". This will be done as part of the scrub rules for split #3.|
|#|When invoicing is done, the ""instrument_id"" in Data.invoice_details table will have the ""ingress_bu"".|
|#|New UI as needed to manage the new table that will contain the list of accounts billed for this new product.|
|#|Modify error handling rules to include “spins” for the new split (#3). Modify the daily spin reports to include split #3 as well.|
|10.|Since adding a new split to CDR is considered moderately complex task, we have to validate the CDRs for at least one billing period (30 days) to make sure that the new split works as expected and the existing splits (#1 and #2) continue to produce the same results as before.|
|11.|Validate in the lab environment, deploy to production environment after approval from NICE.|
|12.|Post production support for 30 days to make sure that everything is working as expected in the production environment.|

 ",,Eitan Fireberg,,,,621f1c4f94f7e20069fdd50c,,,,,,,,,,,,,,,,,,,,,,08/Dec/25 6:01 PM;5d660108-31f4-4202-8e32-73ae87acfd1a;IT-27775_Final_Requirments.pdf;https://nice-it.atlassian.net/rest/api/3/attachment/content/171642,12/Oct/25 8:11 AM;ug:1353b372-f51b-4375-b95a-b04dcee93ca7;RT_Audio_Streaming_SOW_v1.docx;https://nice-it.atlassian.net/rest/api/3/attachment/content/166164,14/Dec/25 3:48 AM;ug:1353b372-f51b-4375-b95a-b04dcee93ca7;RT_Audio_Streaming_SOW_v2.docx;https://nice-it.atlassian.net/rest/api/3/attachment/content/172301,20/Aug/25 1:12 PM;ug:1353b372-f51b-4375-b95a-b04dcee93ca7;RT_Audio_Streaming_v1.xlsx;https://nice-it.atlassian.net/rest/api/3/attachment/content/163292,12/Oct/25 8:11 AM;ug:1353b372-f51b-4375-b95a-b04dcee93ca7;RT_Audio_Streaming_v2.xlsx;https://nice-it.atlassian.net/rest/api/3/attachment/content/166165,,,,,,,,09/Aug/26 12:00 AM,,,,,,,,,jonathan.jensen,712020:0ccf8b0f-2002-4a3d-bc14-ae34e9bc6d3c,,ApprovalsCFValue{approvals=[]},,,,,,No,,,,,,,,,,,,,Billing,Amy Matheson,63db8db9790148a1809486ee,,,,,,,,,,,,,,,,,,,,,,{},,CX,,,,,,,,,,,,,,,,,,,,,,,,"Sizing document change:

PS Architecture change:

PS Methodology change:

PS Project plan change:

Data requirement change:

Update PS Tools:

Training Materials:

Communication:

Update PS Sales:

PS Demo:

General Notes:
1. Alpha testing
2. Beta testing
3. Project Risk Mitigation",FALSE,,,,,,,,,,,,,,,,,Cadebill,,,,,,,,,,,,,,,,,,,,,Cadebill,,,,,,,,,,,,,,,,,,,,,,,,,,,New,,,,,,,,,,,,,,,,,,,,,,,1|i0763v:,,",",No,,",",,,,,,Off-Release,,,,,Amy Matheson,,,,,,,,,,,,,,,,,,,,,,,,,,,,,,,,,IT S43 (11 Aug - 25 Aug 2025),IT S44 (25 Aug -  8 Sep 2025),IT S45 (8 Sep - 22 Sep 2025),IT S46 (22 Sep - 6 Oct 2025),IT S47 (6 Oct - 20 Oct 2025),IT S48 (20 Oct - 3 Nov 2025),IT S49 (3 Nov - 17 Nov 2025),IT S50 (17 Nov - 1 Dec 2025),IT S51 (1 Dec - 15 Dec 2025),IT S52 (15 Dec - 29 Dec 2025),IT S53 (29 Dec - 12 Jan 2026),IT S54 (12 Jan - 26 Jan 2026),IT S55 (26 Jan - 9 Feb 2026),IT S56 (9 Feb - 23 Feb 2026),IT S57 (23 Feb - 9 Mar 2026),IT S58 (9 Mar - 23 Mar 2026),IT S59 (23 Mar - 6 Apr 2026),IT S60 (6 Apr - 20 Apr 2026),IT S61 (20 Apr - 4 May 2026),IT S62 (4 May - 18 May 2026),IT S63 (18 May - 1 Jun 2026),IT S64 (1 Jun - 15 Jun 2026),IT S65 (15 Jun - 29 Jun 2026),IT S66 (29 Jun - 13 Jul 2026),IT S67 (13 Jul - 27 Jul 2026),IT S68 (27 Jul - 10 Aug 2026),,,,,,,,,,,,,,,,,,,,,,,,4.0,,,,,,,,,,,,,,Billing,,,,,,,,,,,,,,,,,,,,,,,,,,,,1_*:*_1_*:*_13495025639_*|*_10009_*:*_1_*:*_0_*|*_10011_*:*_1_*:*_13090272302_*|*_10010_*:*_1_*:*_3972081553_*|*_10001_*:*_1_*:*_6394_*|*_10003_*:*_1_*:*_6648_*|*_10006_*:*_1_*:*_2319_*|*_10005_*:*_1_*:*_2055,,,,,,,,,,,,,,Done,09/Aug/26 5:22 AM
"Start_Date and End_Date columns to be added + audit created, updated by + date",IT-27697,811540,Change Request,Done,IT,IT,software,Ronit Shor,6114ed430b454a00688bb433,,,P3,Done,Michael Langburd,712020:6267be66-72d7-42c2-bd78-dbec81dccedb,Eitan Fireberg,621f1c4f94f7e20069fdd50c,Eitan Fireberg,621f1c4f94f7e20069fdd50c,19/Aug/25 4:36 AM,17/Dec/25 12:03 PM,,17/Dec/25 12:03 PM,September 2025,,,,0,,,Start_Date and End_Date columns needs to be added into table Cadebill].[CXoneSC].[ACD_IVR_Qty_Sql].,,Eitan Fireberg,,,,621f1c4f94f7e20069fdd50c,,,,,,,,,,,,,,,,,,,,,,,,,,,,,,,,,,17/Dec/25 12:00 AM,,,,,,,,,Eitan Fireberg,621f1c4f94f7e20069fdd50c,,ApprovalsCFValue{approvals=[]},,,,,,No,,,,,,,,,,,,,Billing,Mithun Thakkar,62a8f48fa80881006f621643,,,,,,,,,,,,,,,,,,,,,,{},,CX,,,,,,,,,,,,,,,,,,,,,,,,"Sizing document change:

PS Architecture change:

PS Methodology change:

PS Project plan change:

Data requirement change:

Update PS Tools:

Training Materials:

Communication:

Update PS Sales:

PS Demo:

General Notes:
1. Alpha testing
2. Beta testing
3. Project Risk Mitigation",FALSE,,,,,,,,,,,,,,,,,Cadebill,,,,,,,,,,,,,,,,,,,,,Cadebill,,,,,,,,,,,,,,,,,,,,,,,,,,,New,,,,,,,,,,,,,,,,,,,,,,,1|i07563:,,.,No,,.,,,,,,Off-Release,,,,,Mithun Takkar,,,,,,,,,,,,,,,,,,,,,,,,,,,,,,,,,IT S43 (11 Aug - 25 Aug 2025),IT S44 (25 Aug -  8 Sep 2025),IT S45 (8 Sep - 22 Sep 2025),IT S46 (22 Sep - 6 Oct 2025),IT S47 (6 Oct - 20 Oct 2025),IT S48 (20 Oct - 3 Nov 2025),IT S49 (3 Nov - 17 Nov 2025),IT S50 (17 Nov - 1 Dec 2025),IT S51 (1 Dec - 15 Dec 2025),IT S52 (15 Dec - 29 Dec 2025),,,,,,,,,,,,,,,,,,,,,,,,,,,,,,,,,,,,,,,,1.0,,,,,,,,,,,,,,Billing,,,,,,,,,,,,,,,,,,,,,,,,,,,,1_*:*_1_*:*_10394778297_*|*_10009_*:*_1_*:*_0_*|*_10011_*:*_1_*:*_16594_*|*_10010_*:*_1_*:*_17176_*|*_10001_*:*_1_*:*_6839_*|*_10003_*:*_1_*:*_11766_*|*_10006_*:*_1_*:*_6027_*|*_10005_*:*_1_*:*_2665,,,17/Dec/25 12:03 PM;621f1c4f94f7e20069fdd50c;.,,,,,,,,,,,Done,17/Dec/25 12:03 PM
The usage query request for Eliran Yael,IT-27696,811539,Change Request,Done,IT,IT,software,Ronit Shor,6114ed430b454a00688bb433,,,P3,Done,Michael Langburd,712020:6267be66-72d7-42c2-bd78-dbec81dccedb,Eitan Fireberg,621f1c4f94f7e20069fdd50c,Eitan Fireberg,621f1c4f94f7e20069fdd50c,19/Aug/25 4:25 AM,30/Mar/26 9:08 AM,,30/Mar/26 9:08 AM,December 2025,,,,0,,,The usage query request for Eliran Yael,,Eitan Fireberg,,,,621f1c4f94f7e20069fdd50c,,,,,,,,,,,,,,,,,,,,,,,,,,,,,,,,,,20/Nov/25 12:00 AM,,,,,,,,,Michael Langburd,712020:6267be66-72d7-42c2-bd78-dbec81dccedb,,ApprovalsCFValue{approvals=[]},,,,,,No,,,,,,,,,,,,,Billing,Michael Langburd,712020:6267be66-72d7-42c2-bd78-dbec81dccedb,,,,,,,,,,,,,,,,,,,,,,{},,CX,,,,,,,,,,,,,,,,,,,,,,,,"Sizing document change:

PS Architecture change:

PS Methodology change:

PS Project plan change:

Data requirement change:

Update PS Tools:

Training Materials:

Communication:

Update PS Sales:

PS Demo:

General Notes:
1. Alpha testing
2. Beta testing
3. Project Risk Mitigation",FALSE,,,,,,,,,,,,,,,,,Cadebill,,,,,,,,,,,,,,,,,,,,,Cadebill,,,,,,,,,,,,,,,,,,,,,,,,,,,New,,,,,,,,,,,,,,,,,,,,,,,1|i0755v:,,,No,,.,,,,,,Off-Release,,,,,Eliran Yael,,,,,,,,,,,,,,,,,,,,,,,,,,,,,,,,,IT S43 (11 Aug - 25 Aug 2025),IT S44 (25 Aug -  8 Sep 2025),IT S45 (8 Sep - 22 Sep 2025),IT S46 (22 Sep - 6 Oct 2025),IT S47 (6 Oct - 20 Oct 2025),IT S48 (20 Oct - 3 Nov 2025),IT S49 (3 Nov - 17 Nov 2025),IT S50 (17 Nov - 1 Dec 2025),IT S51 (1 Dec - 15 Dec 2025),IT S52 (15 Dec - 29 Dec 2025),IT S53 (29 Dec - 12 Jan 2026),IT S54 (12 Jan - 26 Jan 2026),IT S55 (26 Jan - 9 Feb 2026),IT S56 (9 Feb - 23 Feb 2026),IT S57 (23 Feb - 9 Mar 2026),IT S58 (9 Mar - 23 Mar 2026),IT S59 (23 Mar - 6 Apr 2026),,,,,,,,,,,,,,,,,,,,,,,,,,,,,,,,,1.0,,,,,,,,,,,,,,Billing,,,,,,,,,,,,,,,,,,,,,,,,,,,2025-09-25 12:08:47.663,1_*:*_1_*:*_8064191864_*|*_10009_*:*_1_*:*_0_*|*_10011_*:*_1_*:*_12569_*|*_10010_*:*_1_*:*_19588_*|*_10001_*:*_1_*:*_4338_*|*_10003_*:*_1_*:*_8572_*|*_10006_*:*_1_*:*_13250_*|*_10005_*:*_1_*:*_4253,,,25/Sep/25 12:08 PM;712020:6267be66-72d7-42c2-bd78-dbec81dccedb;MCL will write the query,30/Mar/26 9:07 AM;712020:6267be66-72d7-42c2-bd78-dbec81dccedb;The query was writen and a report was configured based on it.,,,,,,,,,,Done,30/Mar/26 9:08 AM
Migrate Tiered Pricing Custom Logic to Native,IT-27551,811093,Change Request,Done,IT,IT,software,Ronit Shor,6114ed430b454a00688bb433,,,P3,Done,Michael Langburd,712020:6267be66-72d7-42c2-bd78-dbec81dccedb,Eitan Fireberg,621f1c4f94f7e20069fdd50c,Eitan Fireberg,621f1c4f94f7e20069fdd50c,13/Aug/25 11:25 AM,14/Dec/25 4:50 AM,,14/Dec/25 4:50 AM,September 2025,,,,0,,,Migrate Tiered Pricing Custom Logic to Native,,Eitan Fireberg,,,,621f1c4f94f7e20069fdd50c,,,,,,,,,,,,,,,,,,,,,,25/Nov/25 3:06 AM;ug:1353b372-f51b-4375-b95a-b04dcee93ca7;ValidationReport_CustomTieredPricingMigration (1).xlsx;https://nice-it.atlassian.net/rest/api/3/attachment/content/169713,20/Nov/25 1:27 PM;ug:1353b372-f51b-4375-b95a-b04dcee93ca7;ValidationReport_CustomTieredPricingMigration.xlsx;https://nice-it.atlassian.net/rest/api/3/attachment/content/169414,,,,,,,,,,,10/Dec/25 12:00 AM,,,,,,,,,Michael Langburd,712020:6267be66-72d7-42c2-bd78-dbec81dccedb,,ApprovalsCFValue{approvals=[]},,,,,,No,,,,,,,,,,,,,Billing,Roi Yossefi,6114ec8f8c15ca006feba02a,,,,,,,,,,,,,,,,,,,,,,{},,CX,,,,,,,,,,,,,,,,,,,,,,,,"Sizing document change:

PS Architecture change:

PS Methodology change:

PS Project plan change:

Data requirement change:

Update PS Tools:

Training Materials:

Communication:

Update PS Sales:

PS Demo:

General Notes:
1. Alpha testing
2. Beta testing
3. Project Risk Mitigation",FALSE,,,,,,,,,,,,,,,,,Cadebill,,,,,,,,,,,,,,,,,,,,,Cadebill,,,,,,,,,,,,,,,,,,,,,,,,,,,New,,,,,,,,,,,,,,,,,,,,,,,1|i073uz:,,.,No,,",",,,,,,Release,,,,,Michael Irizarry,,,,,,,,,,,,,,,,,,,,,,,,,,,,,,,,,IT S43 (11 Aug - 25 Aug 2025),IT S44 (25 Aug -  8 Sep 2025),IT S45 (8 Sep - 22 Sep 2025),IT S46 (22 Sep - 6 Oct 2025),IT S47 (6 Oct - 20 Oct 2025),IT S48 (20 Oct - 3 Nov 2025),IT S49 (3 Nov - 17 Nov 2025),IT S50 (17 Nov - 1 Dec 2025),IT S51 (1 Dec - 15 Dec 2025),,,,,,,,,,,,,,,,,,,,,,,,,,,,,,,,,,,,,,,,,1.0,,,,,,,,,,,,,,Billing,,,,,,,,,,,,,,,,,,,,,,,,,,,,1_*:*_1_*:*_177309_*|*_10009_*:*_1_*:*_0_*|*_10011_*:*_1_*:*_394662507_*|*_10010_*:*_1_*:*_17394_*|*_10001_*:*_1_*:*_3346_*|*_10003_*:*_1_*:*_8357_*|*_10006_*:*_1_*:*_8560717626_*|*_10005_*:*_1_*:*_2522,,,"20/Nov/25 1:27 PM;621f1c4f94f7e20069fdd50c;We have successfully migrated all the custom tiers data from +NICE custom logic to Cadebill’s native logic.+

 

We have tested all the invoice cycles for +June,2025+ invoice date in CPQa instance. We are attaching the validation report for your reference.

 

Report contains the *_‘Match’_* and *_‘Mismatch’_* data for all the invoice cycles.

* By *_‘Match’_* it mean quantities are matching and tier values are picked correctly.
* By ‘*_Mismatch’_* it mean quantities are not matching, but tier values are picked correctly.  There could be several reasons for quantities not matching for e.g.. change in feed, change in calculation logic etc. Reason for mismatch is added in the report.

 

In all the cases, +tiers values are picked correctly and this was the whole point of testing+. Please review and provide your feedback on the validation report.

Once everything is finalized, we can deploy the changes in PROD after 21^st^ billing cycle is completed.

 

@Eitan Fireberg: Please schedule a meeting so that we can discuss on the changes i.e.. creating the new tier related scheduled campaigns per currency and tier and adding tiers in the tier definition.

 

@Robert Gordon, @Michael Irizarry:

As you are aware, NICE custom tier logic doesn’t support *‘Taper’* pricing. Custom tier definition says it should calculate as per ‘Taper’ pricing but it calculate tiers are per tier(fixed) pricing. We have done all the validation with tier(fixed) pricing.

 

Moving ahead, we want to know how you want to proceed with it. Cadebill native logic support ‘*_Taper_*’ pricing. So if ‘*_Taper_*’ definition is mapped now, you will see calculation as per Taper pricing (you will see difference in numbers).

Do you want to keep existing account as per Tier pricing and  taper pricing for all the new accounts? Let us know your suggestions and thoughts..",25/Nov/25 3:05 AM;621f1c4f94f7e20069fdd50c;Robert: I've reviewed the mismatches and approve.,,,,,,,,,,Done,14/Dec/25 4:50 AM
Textel - requires for new BR,IT-26726,789709,Change Request,Done,IT,IT,software,Ronit Shor,6114ed430b454a00688bb433,,,P3,Done,Meital Rashti,70121:33c9c08c-01ca-4a34-ac93-994a2946b894,Meital Rashti,70121:33c9c08c-01ca-4a34-ac93-994a2946b894,Eitan Fireberg,621f1c4f94f7e20069fdd50c,09/Jul/25 2:26 PM,15/Mar/26 11:13 AM,,15/Mar/26 11:13 AM,August 2025,,,,0,On_Hold,,"Hi Swati and the team

 

Please see our following request for new BR handling Textel .

* Criteria – SKU received starts with 3875 and product category = SOFTW -> Then check +for each one+ of the bundles if exists if not then add
** 12661-2713
** 12661-2714
** 12661-2715
** 12661-2716

Results can be that 4 bundles are added.

 

Please let me know if something is missing for the definitions and please send me the design document for approval

Thanks

Rotem",,Ajinkya Jawanjal,Eitan Fireberg,Meital Rashti,,712020:852f441b-a0c8-46c8-8fde-f79fe6a35723,621f1c4f94f7e20069fdd50c,70121:33c9c08c-01ca-4a34-ac93-994a2946b894,,,,,,,,,,,,,,,,IT-31723,IT-31729,,,10/Mar/26 2:30 PM;ug:09c91872-a878-4f07-97a1-3f1811d26aca;RE_ IT - 26726 - Textel - requires for new BR.msg;https://nice-it.atlassian.net/rest/api/3/attachment/content/181609,13/Jan/26 9:05 AM;ug:09c91872-a878-4f07-97a1-3f1811d26aca;image-20260113-090536.png;https://nice-it.atlassian.net/rest/api/3/attachment/content/173491,,,,,,,,,,,17/Mar/26 12:00 AM,,,,,,,,,Meital Rashti,70121:33c9c08c-01ca-4a34-ac93-994a2946b894,,ApprovalsCFValue{approvals=[]},,,,,,No,,,,,,,,,,,,,Billing,Rotem Mizrahi,5f21198aef11df0025923dda,,,,,,,,,,,,,,,,,,,,,,{},,CX,,,,,,,,,,,,,,,,,,,,,,,,"Sizing document change:

PS Architecture change:

PS Methodology change:

PS Project plan change:

Data requirement change:

Update PS Tools:

Training Materials:

Communication:

Update PS Sales:

PS Demo:

General Notes:
1. Alpha testing
2. Beta testing
3. Project Risk Mitigation",FALSE,,,,,,,,,,,,,,,,,Cadebill,,,,,,,,,,,,,,,,,,,,,Cadebill,,,,,,,,,,,,,,,,,,,,,,,,,,,New,,,,,,,,,,,,,,,,,,,,,,,1|i041kz:,,,No,,Waiting for a CCR to be approved.,,,,,,Off-Release,,,,,Rotem Mizrahi,,,,,,,,,,,,,,,,,,,,,,,,,,,,,,,,,IT S41 (14 Jul - 28 Jul 2025),IT S42 (28 Jul - 11 Aug 2025),IT S43 (11 Aug - 25 Aug 2025),IT S44 (25 Aug -  8 Sep 2025),IT S45 (8 Sep - 22 Sep 2025),IT S46 (22 Sep - 6 Oct 2025),IT S47 (6 Oct - 20 Oct 2025),IT S48 (20 Oct - 3 Nov 2025),IT S49 (3 Nov - 17 Nov 2025),IT S50 (17 Nov - 1 Dec 2025),IT S51 (1 Dec - 15 Dec 2025),IT S52 (15 Dec - 29 Dec 2025),IT S53 (29 Dec - 12 Jan 2026),IT S54 (12 Jan - 26 Jan 2026),IT S55 (26 Jan - 9 Feb 2026),IT S56 (9 Feb - 23 Feb 2026),IT S57 (23 Feb - 9 Mar 2026),IT S58 (9 Mar - 23 Mar 2026),,,,,,,,,,,,,,,,,,,,,,,,,,,,,,,,5.0,,,,,,,,,,,,,,Billing,,"Opportunity Number - 378674

[Q-206839|https://niceincontact--qa.sandbox.lightning.force.com/lightning/r/SBQQ__Quote__c/aD3cc0000001SiDCAU/view]",,,,,,,,,,,,,,,,,,,,,,,,,2026-02-18 12:13:46.712,1_*:*_1_*:*_9149008746_*|*_10009_*:*_1_*:*_0_*|*_10011_*:*_1_*:*_2956622385_*|*_10010_*:*_1_*:*_17013_*|*_10001_*:*_1_*:*_5109936745_*|*_10003_*:*_1_*:*_3876915104_*|*_10006_*:*_1_*:*_2636_*|*_10005_*:*_1_*:*_2267,,,23/Oct/25 11:44 AM;70121:33c9c08c-01ca-4a34-ac93-994a2946b894;[IT - 26726 - Textel + BluIP.docx|https://niceonline.sharepoint.com/:w:/r/teams/BillingIT/Shared%20Documents/General/Design%20Documents/Billing%20Releases/2025/November/IT%20-%2026726%20-%20Textel%20+%20BluIP.docx?d=w5d52861414484cc29369a84c3f725379&csf=1&web=1&e=DTiIaS],07/Dec/25 7:45 AM;70121:33c9c08c-01ca-4a34-ac93-994a2946b894;[Business rule for Textel and BluIP.docx|https://niceonline-my.sharepoint.com/:w:/r/personal/eitan_fireberg_nice_com/Documents/Microsoft%20Teams%20Chat%20Files/Business%20rule%20for%20Textel%20and%20BluIP.docx?d=w9313f275b76c40a2a8140bedbc330ba1&csf=1&web=1&e=wiebwS],"13/Jan/26 9:05 AM;70121:33c9c08c-01ca-4a34-ac93-994a2946b894;Swati’s comment:

Hi,

 

Development for this BR is completed. Currently, we are testing the change in CPFin instance.

 

I would like to discuss an issue we came across while testing this BR -

 

As per requirement, if any instance of 3875 is sent in the request JSON, then automation should add these 4 SKUs i.e.. (12661-2713, 12661-2714, 12661-2715, 12661-2716) whichever didn’t exists in the account.

Issue is 12661 belongs to TELCO catalog and we have a BR that excludes TELCO/CDR products from processing. When I try to test the change it excludes 12661 SKUs and doesn’t add them. How should we proceed now ?

!image-20260113-090536.png|width=1451,height=476,alt=""image-20260113-090536.png""!","05/Feb/26 7:40 AM;70121:33c9c08c-01ca-4a34-ac93-994a2946b894;For Testing:

Textel test 1 46108653 - [Textel test 1 | Account | Salesforce|https://niceincontact--qa.sandbox.lightning.force.com/lightning/r/Account/001VD00000dHe5pYAC/view]

Textel test 2 46108654 - [Textel test 2 | Account | Salesforce|https://niceincontact--qa.sandbox.lightning.force.com/lightning/r/Account/001VD00000dHeFVYA0/view]",18/Feb/26 12:13 PM;712020:852f441b-a0c8-46c8-8fde-f79fe6a35723;Waiting for test data configuration to available for starting the test.,06/Mar/26 1:23 PM;712020:852f441b-a0c8-46c8-8fde-f79fe6a35723;For Textel we are able to see the expected bundles but we are not able to see it for BLuIP.,11/Mar/26 9:14 AM;70121:33c9c08c-01ca-4a34-ac93-994a2946b894;The CCR-23783 has been created,11/Mar/26 9:20 AM;712020:852f441b-a0c8-46c8-8fde-f79fe6a35723;Test Passed.,,,,Done,15/Mar/26 11:13 AM
Cadebill Quarterly Release June 2025,IT-26156,788495,Change Request,Done,IT,IT,software,Ronit Shor,6114ed430b454a00688bb433,,,P3,Done,Eitan Fireberg,621f1c4f94f7e20069fdd50c,Eitan Fireberg,621f1c4f94f7e20069fdd50c,Eitan Fireberg,621f1c4f94f7e20069fdd50c,17/Jun/25 12:05 PM,25/Jun/25 7:12 AM,,25/Jun/25 7:12 AM,June 2025,,,,0,,,Cadebill Quarterly Release June 2025,,Eitan Fireberg,,,,621f1c4f94f7e20069fdd50c,,,,,,,,,,,,,,,,,,,,,,17/Jun/25 12:07 PM;ug:1353b372-f51b-4375-b95a-b04dcee93ca7;Data_ExtensibleMethod.sql;https://nice-it.atlassian.net/rest/api/3/attachment/content/160354,17/Jun/25 12:07 PM;ug:1353b372-f51b-4375-b95a-b04dcee93ca7;Data_[CXoneSC].[ihub_applicable_bundles].sql;https://nice-it.atlassian.net/rest/api/3/attachment/content/160355,17/Jun/25 12:07 PM;ug:1353b372-f51b-4375-b95a-b04dcee93ca7;NICE_Cadebill_Q2_2025_Update-June 2025 (1).xlsx;https://nice-it.atlassian.net/rest/api/3/attachment/content/160358,17/Jun/25 12:07 PM;ug:1353b372-f51b-4375-b95a-b04dcee93ca7;SP_[CXoneSC].[Apply_free_quantity_based_on_iHub].sql;https://nice-it.atlassian.net/rest/api/3/attachment/content/160356,17/Jun/25 12:07 PM;ug:1353b372-f51b-4375-b95a-b04dcee93ca7;TableStructure_[CXoneSC].[ihub_applicable_bundles].sql;https://nice-it.atlassian.net/rest/api/3/attachment/content/160357,,,,,,,,23/Jun/25 12:00 AM,,,,,,,,,Eitan Fireberg,621f1c4f94f7e20069fdd50c,,ApprovalsCFValue{approvals=[]},,,,,,No,,,,,,,,,,,,,Billing,Eitan Fireberg,621f1c4f94f7e20069fdd50c,,,,,,,,,,,,,,,,,,,,,,{},,CX,,,,,,,,,,,,,,,,,,,,,,,,"Sizing document change:

PS Architecture change:

PS Methodology change:

PS Project plan change:

Data requirement change:

Update PS Tools:

Training Materials:

Communication:

Update PS Sales:

PS Demo:

General Notes:
1. Alpha testing
2. Beta testing
3. Project Risk Mitigation",FALSE,,,,,,,,,,,,,,,,,Cadebill,,,,,,,,,,,,,,,,,,,,,Cadebill,,,,,,,,,,,,,,,,,,,,,,,,,,,New,,,,,,,,,,,,,,,,,,,,,,,1|i03xin:,,,No,,",",,,,,,Off-Release,,,,,eitan fireberg,,,,,,,,,,,,,,,,,,,,,,,,,,,,,,,,,IT S39 (16 Jun - 30 Jun 2025),,,,,,,,,,,,,,,,,,,,,,,,,,,,,,,,,,,,,,,,,,,,,,,,,1.0,,,,,,,,,,,,,,Billing,,,,,,,,,,,,,,,,,,,,,,,,,,,,1_*:*_1_*:*_144027_*|*_10009_*:*_1_*:*_0_*|*_10011_*:*_1_*:*_13431_*|*_10010_*:*_1_*:*_48053_*|*_10001_*:*_1_*:*_3755_*|*_10003_*:*_1_*:*_10463_*|*_10006_*:*_1_*:*_6120_*|*_10005_*:*_1_*:*_3482,,,,,,,,,,,,,,Done,25/Jun/25 7:12 AM
Cadebill New Invoice Template for PH Customers,IT-25837,787582,Change Request,Done,IT,IT,software,Ronit Shor,6114ed430b454a00688bb433,,,P3,Done,Eitan Fireberg,621f1c4f94f7e20069fdd50c,Eitan Fireberg,621f1c4f94f7e20069fdd50c,Eitan Fireberg,621f1c4f94f7e20069fdd50c,04/Jun/25 4:43 AM,10/Jun/25 4:48 PM,,10/Jun/25 4:45 PM,July 2025,,,,0,,,Cadebill New Invoice Template for PH Customers,,Dana Trybiasz,Eitan Fireberg,,,6114ed43e6e6f80071784a76,621f1c4f94f7e20069fdd50c,,,,,,,,,,,,,,,,,,,,,07/Jun/25 12:25 PM;ug:1353b372-f51b-4375-b95a-b04dcee93ca7;RE_ Customer in Philippines  (1).msg;https://nice-it.atlassian.net/rest/api/3/attachment/content/160003,07/Jun/25 12:25 PM;ug:1353b372-f51b-4375-b95a-b04dcee93ca7;RE_ Customer in Philippines  (2).msg;https://nice-it.atlassian.net/rest/api/3/attachment/content/160004,04/Jun/25 4:45 AM;ug:1353b372-f51b-4375-b95a-b04dcee93ca7;RE_ Customer in Philippines .msg;https://nice-it.atlassian.net/rest/api/3/attachment/content/159894,,,,,,,,,,,,,,,,,,,Eitan Fireberg,621f1c4f94f7e20069fdd50c,,ApprovalsCFValue{approvals=[]},,,,,,No,,,,,,,,,,,,,Billing,Roi Yossefi,6114ec8f8c15ca006feba02a,,,,,,,,,,,,,,,,,,,,,,{},,CX,,,,,,,,,,,,,,,,,,,,,,,,"Sizing document change:

PS Architecture change:

PS Methodology change:

PS Project plan change:

Data requirement change:

Update PS Tools:

Training Materials:

Communication:

Update PS Sales:

PS Demo:

General Notes:
1. Alpha testing
2. Beta testing
3. Project Risk Mitigation",FALSE,,,,,,,,,,,,,,,,,Cadebill,,,,,,,,,,,,,,,,,,,,,Cadebill,,,,,,,,,,,,,,,,,,,,,,,,,,,New,,,,,,,,,,,,,,,,,,,,,,,1|i03uu7:,,,No,,OOO,,,,,,Off-Release,,,,,Robert Gordon,,,,,,,,,,,,,,,,,,,,,,,,,,,,,,,,,IT S38 (2 Jun - 16 Jun 2025),,,,,,,,,,,,,,,,,,,,,,,,,,,,,,,,,,,,,,,,,,,,,,,,,1.0,,,,,,,,,,,,,,Billing,,,,,,,,,,,,,,,,,,,,,,,,,,,2025-06-10 16:48:34.451,1_*:*_1_*:*_286900878_*|*_10009_*:*_1_*:*_0_*|*_10011_*:*_1_*:*_274738642_*|*_10010_*:*_1_*:*_17354_*|*_10001_*:*_1_*:*_3651_*|*_10003_*:*_1_*:*_48176_*|*_10006_*:*_1_*:*_4548_*|*_10005_*:*_1_*:*_3222,,,"05/Jun/25 7:01 AM;621f1c4f94f7e20069fdd50c;The requirements are to create a new Invoice Template exactly the same as the CX template that we use today labeled “Philippines”.  We will then add this text to that template on Page 1…

 

*_The Philippine business consumer or buyer is responsible for accounting for and remitting the 12% VAT on digital goods, or services due on the transaction to the authorities (BIR)_**.*","10/Jun/25 4:48 PM;6114ed43e6e6f80071784a76;OOO:

There is a message setting option in Cadebill, and using that we can get the message shown in Invoices for the specific accounts.

We had added that in CPQA and following are the details.

 

*Step 1: Create message*

Setup à General Settings à Cadebill Settings à Messages

Under “Assign Messages” tab create the needed message.



*Step 2: Add message to Invoice Messages for that Account*

Under “Invoice Messages” tab, add that created message for that Account#



Step 3: Preview or Download any existing Invoice:

For that Account, go the Invoice page and preview or download any of the existing Invoices.

That added message will be get shown in the first page of the Invoice.",,,,,,,,,,Done,10/Jun/25 4:45 PM
The annual minimum RC is incorrectly calculated,IT-25738,787319,Bug,Done,IT,IT,software,Ronit Shor,6114ed430b454a00688bb433,,,P1,Fixed,Dana Trybiasz,6114ed43e6e6f80071784a76,Dana Trybiasz,6114ed43e6e6f80071784a76,Dana Trybiasz,6114ed43e6e6f80071784a76,29/May/25 6:30 AM,03/Jun/25 7:04 AM,,03/Jun/25 7:04 AM,June 2025,,,,0,MCL,,"The fix is to correct the way Cadebill was calculating the Annual minimum charge for the customer.
The issue was the incorrect calculation of the annual minimum fee (the total amount was divided by 13 instead of 12 months). The calculation formula in the respective object will be updated. 

 ",,Dana Trybiasz,,,,6114ed43e6e6f80071784a76,,,,,,,,,,,,,,,,,,,,,,,,,,,,,,,,,,29/May/25 12:00 AM,,,,,,,,,Michael Langburd,712020:6267be66-72d7-42c2-bd78-dbec81dccedb,,ApprovalsCFValue{approvals=[]},,,,,,No,,,,,,,,,,,Internal,Regression,Billing,Eitan Fireberg,621f1c4f94f7e20069fdd50c,,,,,,,,,,,,,,,,,,,,,,{},,CX,,,,,,,,,,,,,,,,,,,,,,,,"Sizing document change:

PS Architecture change:

PS Methodology change:

PS Project plan change:

Data requirement change:

Update PS Tools:

Training Materials:

Communication:

Update PS Sales:

PS Demo:

General Notes:
1. Alpha testing
2. Beta testing
3. Project Risk Mitigation",,,,,,,,,,,,,,,,,,Cadebill,,,,,,,,,,,,,,,,,,,,,Cadebill,,,,,,,,,,,,,,,,,,,,,,,,,,,New,,,,,,,,,,,,,,,,,,,,,,,1|i03u4n:,,,No,,"RCA stills to be written (including all affected customers since the problem started, Aug 2024)",,,,,,Off-Release,,,,,Eitan Fireberg,,,,,,,,,,,,,,,,,,,,,,,,,,,,,Critical,,,,IT S37 (19 May - 2 Jun 2025),IT S38 (2 Jun - 16 Jun 2025),,,,,,,,,,,,,,,,,,,,,,,,,,,,,,,,,,,,,,,,,,,,,,,,4.0,,,,,,,,,,,,,,Billing,,,,,,,,,,,,,,,,,,,,,,,,,,,,1_*:*_1_*:*_11103_*|*_10009_*:*_1_*:*_0_*|*_10011_*:*_2_*:*_78699_*|*_10010_*:*_1_*:*_41761_*|*_10001_*:*_1_*:*_3043_*|*_10003_*:*_1_*:*_14940_*|*_10006_*:*_2_*:*_433876086_*|*_10005_*:*_3_*:*_11389,,,29/May/25 6:31 AM;6114ed43e6e6f80071784a76;CCR 22978,,,,,,,,,,,Done,03/Jun/25 7:04 AM
New BRs as a part of Automation Phase 1.5,IT-25174,785951,Change Request,Done,IT,IT,software,Ronit Shor,6114ed430b454a00688bb433,,,P1,Done,Dana Trybiasz,6114ed43e6e6f80071784a76,Dana Trybiasz,6114ed43e6e6f80071784a76,Dana Trybiasz,6114ed43e6e6f80071784a76,08/May/25 6:01 AM,18/Sep/25 9:28 AM,,18/Sep/25 9:28 AM,June 2025,,,,0,MCL,,"

# Product removal 610137
# NRC products - production July 15th 
# Rate Change 

See attached",,Dana Trybiasz,Eitan Fireberg,,,6114ed43e6e6f80071784a76,621f1c4f94f7e20069fdd50c,,,,,,,,,,,,,,,,,,,,,14/May/25 5:13 AM;ug:1353b372-f51b-4375-b95a-b04dcee93ca7;DesignDocument_BR_Identifying_CPIDs_V1.docx;https://nice-it.atlassian.net/rest/api/3/attachment/content/159171,26/Aug/25 4:53 AM;ug:1353b372-f51b-4375-b95a-b04dcee93ca7;DesignDocument_BR_Identifying_parent_of_child_node.docx;https://nice-it.atlassian.net/rest/api/3/attachment/content/163587,14/May/25 5:13 AM;ug:1353b372-f51b-4375-b95a-b04dcee93ca7;DesignDocument_Product_removal_610137_V1.docx;https://nice-it.atlassian.net/rest/api/3/attachment/content/159172,04/Sep/25 12:20 PM;ug:1353b372-f51b-4375-b95a-b04dcee93ca7;DesignDocument_Product_removal_610137_V2.docx;https://nice-it.atlassian.net/rest/api/3/attachment/content/164109,08/May/25 6:01 AM;ug:0ae2aa22-d613-49d4-ba65-c117642317c8;New BRs as a part of Automation Phase 1.5.jpg;https://nice-it.atlassian.net/rest/api/3/attachment/content/158991,,,,,,,,18/Sep/25 12:00 AM,,,,,,,,,Dana Trybiasz,6114ed43e6e6f80071784a76,,ApprovalsCFValue{approvals=[]},,,,,,No,,,,,,,,,,,,,Billing,Eitan Fireberg,621f1c4f94f7e20069fdd50c,,,,,,,,,,,,,,,,,,,,,,{},,CX,,,,,,,,,,,,,,,,,,,,,,,,"Sizing document change:

PS Architecture change:

PS Methodology change:

PS Project plan change:

Data requirement change:

Update PS Tools:

Training Materials:

Communication:

Update PS Sales:

PS Demo:

General Notes:
1. Alpha testing
2. Beta testing
3. Project Risk Mitigation",FALSE,,,,,,,,,,,,,,,,,Cadebill,,,,,,,,,,,,,,,,,,,,,Cadebill,,,,,,,,,,,,,,,,,,,,,,,,,,,New,,,,,,,,,,,,,,,,,,,,,,,1|i03pxb:,,m,No,,",",,,,,,Off-Release,,,,,Dana Trybiasz,,,,,,,,,,,,,,,,,,,,,,,,,,,,,,,,,IT S36 (5 May - 19 May 2025),IT S37 (19 May - 2 Jun 2025),IT S38 (2 Jun - 16 Jun 2025),IT S39 (16 Jun - 30 Jun 2025),IT S40 (30 Jun - 14 Jul 2025),IT S41 (14 Jul - 28 Jul 2025),IT S42 (28 Jul - 11 Aug 2025),IT S43 (11 Aug - 25 Aug 2025),IT S44 (25 Aug -  8 Sep 2025),IT S45 (8 Sep - 22 Sep 2025),,,,,,,,,,,,,,,,,,,,,,,,,,,,,,,,,,,,,,,,4.0,,,,,,,,,,,,,,Billing,,,,,,,,,,,,,,,,,,,,,,,,,,,2025-05-24 17:24:06.238,1_*:*_1_*:*_22578_*|*_10009_*:*_1_*:*_0_*|*_10011_*:*_1_*:*_6131981237_*|*_10010_*:*_1_*:*_36324_*|*_10001_*:*_1_*:*_3013_*|*_10003_*:*_1_*:*_28466_*|*_10006_*:*_1_*:*_1423288580_*|*_10005_*:*_1_*:*_3948246870,,,"24/May/25 5:24 PM;621f1c4f94f7e20069fdd50c;@Rotem Mizrahi:

 

Changes related to the rules mentioned below are updated in *_CPQa_* instance successfully.

 

# BR for RINGCENTRAL 307 SKUs – New BR created
# Product removal 610137 – New BR created
# Rate Change -- Changes accommodated in the existing BR of identifying CPIDs
# NRC products -- Changes accommodated in the existing BR of identifying CPIDs
# Modification in search logic for SOFTU and SOFTW -- Changes accommodated in the existing BR of identifying CPIDs

 

@'Ritesh Mirche':

*_CPQa_* is now ready for carrying out testing and UAT. Please reach out to us in case of any issues/queries.

 

Thank you!

 

Regards

Swati Jain

*MCL Systems Limited*",,,,,,,,,,,Done,18/Sep/25 9:28 AM
Playvox Billing Requirements,IT-25148,785898,Change Request,Done,IT,IT,software,Ronit Shor,6114ed430b454a00688bb433,,,P3,Done,Jonathan Jensen,712020:4c7bb93a-69d9-47b6-bc60-f97d9b955661,Eitan Fireberg,621f1c4f94f7e20069fdd50c,Eitan Fireberg,621f1c4f94f7e20069fdd50c,07/May/25 10:18 AM,09/Aug/26 5:22 AM,11/Aug/26 12:52 PM,09/Aug/26 5:22 AM,July 2025,,,,0,MCL,,+*Playvox Billing Requirements*+,,Eitan Fireberg,Jonathan Jensen,,,621f1c4f94f7e20069fdd50c,712020:4c7bb93a-69d9-47b6-bc60-f97d9b955661,,,,,,,,,,,,,,,,,,,,,20/Nov/25 2:03 PM;ug:1353b372-f51b-4375-b95a-b04dcee93ca7;4610831_8033088.pdf;https://nice-it.atlassian.net/rest/api/3/attachment/content/169416,20/Nov/25 2:03 PM;ug:1353b372-f51b-4375-b95a-b04dcee93ca7;4610831_8033089.pdf;https://nice-it.atlassian.net/rest/api/3/attachment/content/169415,17/Jul/25 4:47 AM;ug:1353b372-f51b-4375-b95a-b04dcee93ca7;DesignDocument_PlayVox Billing_V1.docx;https://nice-it.atlassian.net/rest/api/3/attachment/content/161442,20/Nov/25 2:03 PM;ug:1353b372-f51b-4375-b95a-b04dcee93ca7;Fw_ PlayVox Billing .zip;https://nice-it.atlassian.net/rest/api/3/attachment/content/169418,15/May/25 6:15 PM;5d660108-31f4-4202-8e32-73ae87acfd1a;IT - 25148 Playvox Billing.docx;https://nice-it.atlassian.net/rest/api/3/attachment/content/159240,20/Nov/25 2:03 PM;ug:1353b372-f51b-4375-b95a-b04dcee93ca7;PlayVoc Billing Testing.docx;https://nice-it.atlassian.net/rest/api/3/attachment/content/169417,17/May/25 2:49 PM;ug:1353b372-f51b-4375-b95a-b04dcee93ca7;Playvox Billing Requirements (1).docx;https://nice-it.atlassian.net/rest/api/3/attachment/content/159296,07/May/25 10:18 AM;ug:1353b372-f51b-4375-b95a-b04dcee93ca7;Playvox Billing Requirements.docx;https://nice-it.atlassian.net/rest/api/3/attachment/content/158978,,,,,09/Aug/26 12:00 AM,,,,,,,,,Jonathan Jensen,712020:4c7bb93a-69d9-47b6-bc60-f97d9b955661,,ApprovalsCFValue{approvals=[]},,,,,,No,,,,,,,,,,,,,Billing,Orr Rachlevsky,63db8d66790148a18094867c,,,,,,,,,,,,,,,,,,,,,,{},,CX,,,,,,,,,,,,,,,,,,,,,,,,"Sizing document change:

PS Architecture change:

PS Methodology change:

PS Project plan change:

Data requirement change:

Update PS Tools:

Training Materials:

Communication:

Update PS Sales:

PS Demo:

General Notes:
1. Alpha testing
2. Beta testing
3. Project Risk Mitigation",FALSE,,,,,,,,,,,,,,,,,Cadebill,,,,,,,,,,,,,,,,,,,,,Cadebill,,,,,,,,,,,,,,,,,,,,,,,,,,,New,,,,,,,,,,,,,,,,,,,,,,,1|i03pu7:,,",",No,,",",,,,,,Off-Release,,,,,Orr Rachlevsky,,,,,,,,,,,,,,,,,,,,,,,,,,,,,,,,,IT S36 (5 May - 19 May 2025),IT S37 (19 May - 2 Jun 2025),IT S38 (2 Jun - 16 Jun 2025),IT S39 (16 Jun - 30 Jun 2025),IT S40 (30 Jun - 14 Jul 2025),IT S41 (14 Jul - 28 Jul 2025),IT S42 (28 Jul - 11 Aug 2025),IT S43 (11 Aug - 25 Aug 2025),IT S44 (25 Aug -  8 Sep 2025),IT S45 (8 Sep - 22 Sep 2025),IT S46 (22 Sep - 6 Oct 2025),IT S47 (6 Oct - 20 Oct 2025),IT S48 (20 Oct - 3 Nov 2025),IT S49 (3 Nov - 17 Nov 2025),IT S50 (17 Nov - 1 Dec 2025),IT S51 (1 Dec - 15 Dec 2025),IT S52 (15 Dec - 29 Dec 2025),IT S53 (29 Dec - 12 Jan 2026),IT S54 (12 Jan - 26 Jan 2026),IT S55 (26 Jan - 9 Feb 2026),IT S56 (9 Feb - 23 Feb 2026),IT S57 (23 Feb - 9 Mar 2026),IT S58 (9 Mar - 23 Mar 2026),IT S59 (23 Mar - 6 Apr 2026),IT S60 (6 Apr - 20 Apr 2026),IT S61 (20 Apr - 4 May 2026),IT S62 (4 May - 18 May 2026),IT S63 (18 May - 1 Jun 2026),IT S64 (1 Jun - 15 Jun 2026),IT S65 (15 Jun - 29 Jun 2026),IT S66 (29 Jun - 13 Jul 2026),IT S67 (13 Jul - 27 Jul 2026),IT S68 (27 Jul - 10 Aug 2026),,,,,,,,,,,,,,,,,1.0,,,,,,,,,,,,,,Billing,,,,,,,,,,,,,,,,,,,,,,,,,,,2026-06-18 18:08:05.825,1_*:*_1_*:*_880199786_*|*_10009_*:*_1_*:*_0_*|*_10011_*:*_1_*:*_22605518883_*|*_10010_*:*_1_*:*_28381_*|*_10001_*:*_1_*:*_3067_*|*_10003_*:*_1_*:*_8194644098_*|*_10006_*:*_1_*:*_3521_*|*_10005_*:*_1_*:*_7959455086,,,18/Jun/26 6:08 PM;712020:4c7bb93a-69d9-47b6-bc60-f97d9b955661;[Comment] JUN 17: Meeting tomorrow to finalize release to production.,,,,,,,,,,,Done,09/Aug/26 5:22 AM
Invoice Details Sections Additional SKUs,IT-25122,785804,Change Request,Done,IT,IT,software,Ronit Shor,6114ed430b454a00688bb433,,,P3,Done,Michael Langburd,712020:6267be66-72d7-42c2-bd78-dbec81dccedb,Eitan Fireberg,621f1c4f94f7e20069fdd50c,Eitan Fireberg,621f1c4f94f7e20069fdd50c,06/May/25 8:26 AM,29/May/25 6:23 AM,,29/May/25 6:23 AM,June 2025,,,,0,MCL,,Please update the following SKUs in the new invoice section mapping following CR IT-21932,,Dana Trybiasz,Eitan Fireberg,,,6114ed43e6e6f80071784a76,621f1c4f94f7e20069fdd50c,,,,,,,,,,,,,,,,,,,,,06/May/25 8:28 AM;ug:1353b372-f51b-4375-b95a-b04dcee93ca7;Copy of 25.2 - MRC-USAGE.xlsx;https://nice-it.atlassian.net/rest/api/3/attachment/content/158957,26/May/25 8:23 AM;ug:0ae2aa22-d613-49d4-ba65-c117642317c8;IT-25122 Invoice Details Sections Additional SKUs.docx;https://nice-it.atlassian.net/rest/api/3/attachment/content/159578,,,,,,,,,,,,,,,,,,,,Eitan Fireberg,621f1c4f94f7e20069fdd50c,,ApprovalsCFValue{approvals=[]},,,,,,No,,,,,,,,,,,,,Billing,Orr Rachlevsky,63db8d66790148a18094867c,,,,,,,,,,,,,,,,,,,,,,{},,CX,,,,,,,,,,,,,,,,,,,,,,,,"Sizing document change:

PS Architecture change:

PS Methodology change:

PS Project plan change:

Data requirement change:

Update PS Tools:

Training Materials:

Communication:

Update PS Sales:

PS Demo:

General Notes:
1. Alpha testing
2. Beta testing
3. Project Risk Mitigation",FALSE,,,,,,,,,,,,,,,,,Cadebill,,,,,,,,,,,,,,,,,,,,,Cadebill,,,,,,,,,,,,,,,,,,,,,,,,,,,New,,,,,,,,,,,,,,,,,,,,,,,1|i03pkf:,,,No,,Tested,,,,,,Off-Release,,,,,Orr Rachlevsky,,,,,,,,,,,,,,,,,,,,,,,,,,,,,,,,,IT S36 (5 May - 19 May 2025),IT S37 (19 May - 2 Jun 2025),,,,,,,,,,,,,,,,,,,,,,,,,,,,,,,,,,,,,,,,,,,,,,,,1.0,,,,,,,,,,,,,,Billing,,,,,,,,,,,,,,,,,,,,,,,,,,,2025-05-26 13:50:47.566,1_*:*_1_*:*_374692_*|*_10009_*:*_1_*:*_0_*|*_10011_*:*_1_*:*_221608348_*|*_10010_*:*_1_*:*_17144_*|*_10001_*:*_1_*:*_2444_*|*_10003_*:*_1_*:*_773926671_*|*_10006_*:*_1_*:*_813462194_*|*_10005_*:*_1_*:*_4573,,,"06/May/25 3:51 PM;621f1c4f94f7e20069fdd50c;Software Usage Products = Transactions

Software MRC Products = Subscriptions

Schedule B products = On Demand Charges

Look just on column E & F for changes",26/May/25 1:50 PM;6114ed43e6e6f80071784a76;CCR-22974,,,,,,,,,,Done,29/May/25 6:23 AM
Tapered tiered for SW for Service Australia to rollup to the parent,IT-24413,784421,Change Request,Done,IT,IT,software,Ronit Shor,6114ed430b454a00688bb433,,,P3,Done,Dana Trybiasz,6114ed43e6e6f80071784a76,Michael Langburd,712020:6267be66-72d7-42c2-bd78-dbec81dccedb,Dana Trybiasz,6114ed43e6e6f80071784a76,16/Apr/25 5:48 AM,16/Oct/25 6:37 AM,,16/Oct/25 6:37 AM,August 2025,,,,0,MCL,,Tapered tiered for SW for Service Australia to rollup to the parent,,Dana Trybiasz,Eitan Fireberg,,,6114ed43e6e6f80071784a76,621f1c4f94f7e20069fdd50c,,,,,,,,,,,,,,,,,,,,,26/Aug/25 4:45 AM;ug:1353b372-f51b-4375-b95a-b04dcee93ca7;RE_ Tiered Pricing at Parent Level.msg;https://nice-it.atlassian.net/rest/api/3/attachment/content/163586,03/May/25 4:54 PM;ug:1353b372-f51b-4375-b95a-b04dcee93ca7;Re_ PPT on implementation of tapered tiered pricing in Cadebill .msg;https://nice-it.atlassian.net/rest/api/3/attachment/content/158867,14/Aug/25 5:15 AM;ug:1353b372-f51b-4375-b95a-b04dcee93ca7;Re_ Tapered Tiered rating for AUS requirements. (1).msg;https://nice-it.atlassian.net/rest/api/3/attachment/content/163005,08/Sep/25 11:25 AM;ug:1353b372-f51b-4375-b95a-b04dcee93ca7;Re_ Tiered Pricing at Parent Level (1).msg;https://nice-it.atlassian.net/rest/api/3/attachment/content/164283,04/May/25 6:08 AM;ug:0ae2aa22-d613-49d4-ba65-c117642317c8;Tapered and Tiered pricing in Cadebill (bbe19fc8-5ac5-4969-bc3b-a9ff78c5ae2f).pptx;https://nice-it.atlassian.net/rest/api/3/attachment/content/158901,03/May/25 4:54 PM;ug:1353b372-f51b-4375-b95a-b04dcee93ca7;Tapered and Tiered pricing in Cadebill.pptx;https://nice-it.atlassian.net/rest/api/3/attachment/content/158868,06/Aug/25 9:29 AM;ug:0ae2aa22-d613-49d4-ba65-c117642317c8;Tapered tiered for SW for Service Australia to rollup to the parent.docx;https://nice-it.atlassian.net/rest/api/3/attachment/content/162607,,,,,,20/Aug/25 12:00 AM,,,,,,,,,Dana Trybiasz,6114ed43e6e6f80071784a76,,ApprovalsCFValue{approvals=[]},,,,,,No,,,,,,,,,,,,,Billing,Eitan Fireberg,621f1c4f94f7e20069fdd50c,,,,,,,,,,,,,,,,,,,,,,{},,CX,,,,,,,,,,,,,,,,,,,,,,,,"Sizing document change:

PS Architecture change:

PS Methodology change:

PS Project plan change:

Data requirement change:

Update PS Tools:

Training Materials:

Communication:

Update PS Sales:

PS Demo:

General Notes:
1. Alpha testing
2. Beta testing
3. Project Risk Mitigation",FALSE,,,,,,,,,,,,,,,,,Cadebill,,,,,,,,,,,,,,,,,,,,,Cadebill,,,,,,,,,,,,,,,,,,,,,,,,,,,New,,,,,,,,,,,,,,,,,,,,,,,1|i03jjb:,,Upload,No,,",",,,,,,Off-Release,,,,,Eitan Fireberg,,,,,,,,,,,,,,,,,,,,,,,,,,,,,,,,,IT S42 (28 Jul - 11 Aug 2025),IT S43 (11 Aug - 25 Aug 2025),IT S44 (25 Aug -  8 Sep 2025),IT S45 (8 Sep - 22 Sep 2025),IT S46 (22 Sep - 6 Oct 2025),IT S47 (6 Oct - 20 Oct 2025),,,,,,,,,,,,,,,,,,,,,,,,,,,,,,,,,,,,,,,,,,,,2.0,,,,,,,,,,,,,,Billing,,,,,,,,,,,,,,,,,,,,,,,,,,,2025-08-14 05:15:08.281,1_*:*_1_*:*_9091562399_*|*_10009_*:*_1_*:*_0_*|*_10011_*:*_1_*:*_492909270_*|*_10010_*:*_1_*:*_604771953_*|*_10001_*:*_1_*:*_4518_*|*_10003_*:*_1_*:*_17680_*|*_10006_*:*_1_*:*_2184_*|*_10005_*:*_1_*:*_21991,,,14/Aug/25 5:15 AM;621f1c4f94f7e20069fdd50c;Michael Irizzary’s approval + invoice examples in the attached emails.,"26/Aug/25 4:44 AM;621f1c4f94f7e20069fdd50c;[Sarjana.Bhandari@nice.com|mailto:Sarjana.Bhandari@nice.com] updated

Hi Eitan,

 

We have checked internally, and it has no impact on the Support site reports functionality.",,,,,,,,,,Done,16/Oct/25 6:37 AM
RingCentral 307 SKU,IT-24387,784348,Change Request,Done,IT,IT,software,Ronit Shor,6114ed430b454a00688bb433,,,P3,Done,Eitan Fireberg,621f1c4f94f7e20069fdd50c,Dana Trybiasz,6114ed43e6e6f80071784a76,Dana Trybiasz,6114ed43e6e6f80071784a76,14/Apr/25 11:17 AM,28/Jul/25 12:52 PM,,28/Jul/25 8:28 AM,June 2025,,,,0,MCL,,"We have several SKUs that, again, historically don't match in structure between CPQ (product) to Cadebill (package).

Currently, in the amendment testing, these quote lines fail.

 

Is a conversion BR (similar to the 1555 SKU) be a good solution?

In the attached file, we think the green column is the Cadebill setup.

See some error examples of Opps marked in yellow.

!file:///C:/Users/danat/AppData/Local/Temp/msohtmlclip1/01/clip_image001.png|thumbnail!",,Dana Trybiasz,Eitan Fireberg,,,6114ed43e6e6f80071784a76,621f1c4f94f7e20069fdd50c,,,,,,,,,,,,,,,,,,,,,28/Jul/25 12:52 PM;ug:0ae2aa22-d613-49d4-ba65-c117642317c8;DesignDocument_BR_RingCentral_307_SKUs_V1 (29474ada-2a38-43ff-a7fe-660f0048af01).docx;https://nice-it.atlassian.net/rest/api/3/attachment/content/161961,14/May/25 5:14 AM;ug:1353b372-f51b-4375-b95a-b04dcee93ca7;DesignDocument_BR_RingCentral_307_SKUs_V1.docx;https://nice-it.atlassian.net/rest/api/3/attachment/content/159173,28/Jul/25 12:50 PM;ug:0ae2aa22-d613-49d4-ba65-c117642317c8;DesignDocument_BR_quantities_of_RingCentral_opportunities_V2.docx;https://nice-it.atlassian.net/rest/api/3/attachment/content/161959,15/Apr/25 1:46 PM;ug:0ae2aa22-d613-49d4-ba65-c117642317c8;RC SKu Parent - Child correction (1).xlsx;https://nice-it.atlassian.net/rest/api/3/attachment/content/158368,14/Apr/25 11:18 AM;ug:0ae2aa22-d613-49d4-ba65-c117642317c8;RC SKu Parent - Child correction.xlsx;https://nice-it.atlassian.net/rest/api/3/attachment/content/158349,14/Apr/25 11:20 AM;ug:0ae2aa22-d613-49d4-ba65-c117642317c8;RingCentral 307 SKU.png;https://nice-it.atlassian.net/rest/api/3/attachment/content/158350,,,,,,,28/Jul/25 12:00 AM,,,,,,,,,Eitan Fireberg,621f1c4f94f7e20069fdd50c,,ApprovalsCFValue{approvals=[]},,,,,,No,,,,,,,,,,,,,Billing,Eitan Fireberg,621f1c4f94f7e20069fdd50c,,,,,,,,,,,,,,,,,,,,,,{},,CX,,,,,,,,,,,,,,,,,,,,,,,,"Sizing document change:

PS Architecture change:

PS Methodology change:

PS Project plan change:

Data requirement change:

Update PS Tools:

Training Materials:

Communication:

Update PS Sales:

PS Demo:

General Notes:
1. Alpha testing
2. Beta testing
3. Project Risk Mitigation",FALSE,,,,,,,,,,,,,,,,,Cadebill,,,,,,,,,,,,,,,,,,,,,Cadebill,,,,,,,,,,,,,,,,,,,,,,,,,,,New,,,,,,,,,,,,,,,,,,,,,,,1|i03j4v:,,,No,,",",,,,,,Off-Release,,,,,Eitan Fireberg,,,,,,,,,,,,,,,,,,,,,,,,,,,,,,,,,IT S36 (5 May - 19 May 2025),IT S37 (19 May - 2 Jun 2025),IT S38 (2 Jun - 16 Jun 2025),IT S39 (16 Jun - 30 Jun 2025),IT S40 (30 Jun - 14 Jul 2025),IT S41 (14 Jul - 28 Jul 2025),,,,,,,,,,,,,,,,,,,,,,,,,,,,,,,,,,,,,,,,,,,,1.0,,,,,,,,,,,,,,Billing,,,,,,,,,,,,,,,,,,,,,,,,,,,2025-05-24 17:24:56.238,1_*:*_1_*:*_2572056398_*|*_10009_*:*_1_*:*_0_*|*_10011_*:*_1_*:*_1635624567_*|*_10010_*:*_1_*:*_53488_*|*_10001_*:*_1_*:*_92785345_*|*_10003_*:*_1_*:*_22050_*|*_10006_*:*_1_*:*_813108428_*|*_10005_*:*_1_*:*_3948155017,,,"24/May/25 5:24 PM;621f1c4f94f7e20069fdd50c;@Rotem Mizrahi:

 

Changes related to the rules mentioned below are updated in *_CPQa_* instance successfully.

 

# BR for RINGCENTRAL 307 SKUs – New BR created
# Product removal 610137 – New BR created
# Rate Change -- Changes accommodated in the existing BR of identifying CPIDs
# NRC products -- Changes accommodated in the existing BR of identifying CPIDs
# Modification in search logic for SOFTU and SOFTW -- Changes accommodated in the existing BR of identifying CPIDs

 

@'Ritesh Mirche':

*_CPQa_* is now ready for carrying out testing and UAT. Please reach out to us in case of any issues/queries.

 

Thank you!

 

Regards

Swati Jain

*MCL Systems Limited*",,,,,,,,,,,Done,28/Jul/25 8:28 AM
VoApps - Billing requirements,IT-24380,784340,Change Request,Done,IT,IT,software,Ronit Shor,6114ed430b454a00688bb433,,,P3,Done,Dana Trybiasz,6114ed43e6e6f80071784a76,Eitan Fireberg,621f1c4f94f7e20069fdd50c,Eitan Fireberg,621f1c4f94f7e20069fdd50c,14/Apr/25 3:49 AM,16/Oct/25 6:35 AM,,16/Oct/25 6:35 AM,July 2025,,,,0,MCL,,"Below are the Requirements and notes we discussed.  The items in RED are the requirements for Cadebill Development.

 

Attached are invoice samples (1 for Charges in Advance and 1 for Overage) but neither show the Rollover balance.  We’ve asked for a usage file and an invoice sample with Rollover balance.  I’ll send those when we receive them.

 

+*VoApps Billing requirements for Integration into Cadebill:*+

 

# Ability to invoice a fixed amount +In Advance+ for Voicemail Subscription _(existing functionality)_

# {color:#ff5630}Ability to receive Daily Usage Feed by customer by product {color}{color:#ff5630}_(need to build data feed)_{color}

# {color:#ff5630}Ability to receive a daily flat-file usage feed into a separate usage table in Cadebill{color}

# {color:#ff5630}Ability to track Rollover Minutes by customer by month {color}{color:#ff5630}_(need to build Rollover Ledger by customer)_{color}

# {color:#ff5630}Rollover Minutes = Prior Month Rollover Balance + Monthly Subscription Quantity - Usage{color}

# {color:#ff5630}Ability to Zero-out the Rollover Balance at the end of the annual Contract Term{color}
# {color:#ff5630}Ability to include Rollover Balance on customer's invoice (balance after current invoice usage){color}
# {color:#ff5630}Ability to calculate overage charges as a separate SKU: Overage quantity * overage rate {color}{color:#ff5630}_(need to build custom quantity calc)_{color}

# {color:#ff5630}Overage quantity exists when Usage > Monthly Subscription Quantity + Rollover Balance{color}
# {color:#bf2600}Creating a process to pull usage file from a dedicated table ( &job to pull it). This will be a dedicated usage table.{color}

# Ability to create a separate Overage Invoice +In Arears+ for customers with overage charges _(need new invoice cycle and ability to determine which customers have Overage with overage charges)_

# Invoice date = last day of month
# Customers with Overage charges will receive 2 invoices in month; 1 to Pre-Pay for Package and 1 to pay last month's Overage at end of month
# The 2 charges (Subscription and Overage) may be able to exist in a single customer invoice +*IF*+ Rev Recognition can properly separate revenue by appropriate revenue month AND customers agree with combining both charges on the same invoice. 

# Ability to include Subscription SKU in the Minimum +*IF*+ that is a business requirement (sell VoApps Subscription on contract with CX products; Hybrid deal) _(existing functionality)_

 

+*Simplification Options - planned option instead of #7 above:*+

* Billing Subscriptions in Arears with Overage on the same invoice would eliminate need for 2nd invoice.  This is how we manage Package with Overages in CX today.

 

+*Additional Notes:*+

# VoApps has 4 SKUs, invoices 250 Accounts monthly with ~$1M/month in revenue

# SKUs:  Subscription SKU, Overage SKU, Implementation SKU and Professional Recording

# Approx 50% of VoApps customer receive an Overage Invoice per month
# Approx 63% of VoApps customers utilize Rollover minutes
# Currently, VoApps calculates and utilizes daily invoiceable amounts (daily usage net of rollover * rate) by customer for Sales, Marketing and Financial reporting during the month. 
## {color:#bf2600}Cadebill has the ability to provide daily invoiceable amounts but need to create a daily job and create a report in current Reporting Tool.{color}

7",,Dana Trybiasz,Eitan Fireberg,,,6114ed43e6e6f80071784a76,621f1c4f94f7e20069fdd50c,,,,,,,,,,,,,,,,,,,,,14/Apr/25 3:51 AM;ug:1353b372-f51b-4375-b95a-b04dcee93ca7;RE_ Review VoApps Cadebill Requirements.msg;https://nice-it.atlassian.net/rest/api/3/attachment/content/158339,14/Apr/25 3:51 AM;ug:1353b372-f51b-4375-b95a-b04dcee93ca7;RE_ Review VoApps Cadebill Requirements.zip;https://nice-it.atlassian.net/rest/api/3/attachment/content/158340,14/Apr/25 3:51 AM;ug:1353b372-f51b-4375-b95a-b04dcee93ca7;Re_ VoApps Usage Feed Example.eml;https://nice-it.atlassian.net/rest/api/3/attachment/content/158341,04/Aug/25 5:36 AM;ug:0ae2aa22-d613-49d4-ba65-c117642317c8;VoApp SKU Configuration and Invoice Setup Guide.docx;https://nice-it.atlassian.net/rest/api/3/attachment/content/162357,10/Jul/25 11:41 AM;ug:1353b372-f51b-4375-b95a-b04dcee93ca7;VoApps Example .msg;https://nice-it.atlassian.net/rest/api/3/attachment/content/161125,,,,,,,,06/Oct/25 12:00 AM,,,,,,,,,Dana Trybiasz,6114ed43e6e6f80071784a76,,ApprovalsCFValue{approvals=[]},,,,,,No,,,,,,,,,,,,,Billing,Roi Yossefi,6114ec8f8c15ca006feba02a,,,,,,,,,,,,,,,,,,,,,,{},,CX,,,,,,,,,,,,,,,,,,,,,,,,"Sizing document change:

PS Architecture change:

PS Methodology change:

PS Project plan change:

Data requirement change:

Update PS Tools:

Training Materials:

Communication:

Update PS Sales:

PS Demo:

General Notes:
1. Alpha testing
2. Beta testing
3. Project Risk Mitigation",FALSE,,,,,,,,,,,,,,,,,Cadebill,,,,,,,,,,,,,,,,,,,,,Cadebill,,,,,,,,,,,,,,,,,,,,,,,,,,,New,,,,,,,,,,,,,,,,,,,,,,,1|i03j3r:,,Upload,No,,y,,,,,,Release,,,,,Robert Gordon,,,,,,,,,,,,,,,,,,,,,,,,,,,,,,,,,IT S34 (7 Apr - 21 Apr 2025),IT S35 (21 Apr - 5 May 2025),IT S36 (5 May - 19 May 2025),IT S37 (19 May - 2 Jun 2025),IT S38 (2 Jun - 16 Jun 2025),IT S39 (16 Jun - 30 Jun 2025),IT S40 (30 Jun - 14 Jul 2025),IT S41 (14 Jul - 28 Jul 2025),IT S42 (28 Jul - 11 Aug 2025),IT S43 (11 Aug - 25 Aug 2025),IT S44 (25 Aug -  8 Sep 2025),IT S45 (8 Sep - 22 Sep 2025),IT S46 (22 Sep - 6 Oct 2025),IT S47 (6 Oct - 20 Oct 2025),,,,,,,,,,,,,,,,,,,,,,,,,,,,,,,,,,,,20.0,,,,,,,,,,,,,,Billing,,,,,,,,,,,,,,,,,,,,,,,,,,,2025-08-04 10:46:46.126,1_*:*_1_*:*_144420_*|*_10009_*:*_1_*:*_0_*|*_10011_*:*_1_*:*_3832235443_*|*_10010_*:*_1_*:*_2013858107_*|*_10001_*:*_1_*:*_2722_*|*_10003_*:*_1_*:*_11043_*|*_10006_*:*_1_*:*_5439176762_*|*_10005_*:*_1_*:*_2230026090,,,"04/Aug/25 10:46 AM;6114ed43e6e6f80071784a76;Waiting for Michael Irizarry to complete testing the VoApps development by next week.

We’re planning to deploy this functionality to Production on August 18th.",,,,,,,,,,,Done,16/Oct/25 6:35 AM
Add 1CX MRC SKUs to the Contracted Quantity BR in Cadebill,IT-24324,784196,Change Request,Done,IT,IT,software,Ronit Shor,6114ed430b454a00688bb433,,,P3,Done,Eitan Fireberg,621f1c4f94f7e20069fdd50c,Eitan Fireberg,621f1c4f94f7e20069fdd50c,Eitan Fireberg,621f1c4f94f7e20069fdd50c,09/Apr/25 10:01 AM,21/Apr/25 7:08 AM,,21/Apr/25 7:08 AM,May 2025,,,,0,,,Add 1CX MRC SKUs to the Contracted Quantity BR in Cadebill,,Eitan Fireberg,,,,621f1c4f94f7e20069fdd50c,,,,,,,,,,,,,,,,,,,,,,"09/Apr/25 10:03 AM;ug:1353b372-f51b-4375-b95a-b04dcee93ca7;1CX US - Name, Description & UOM Update (1).xlsx;https://nice-it.atlassian.net/rest/api/3/attachment/content/158237",,,,,,,,,,,,27/Apr/25 12:00 AM,,,,,,,,,Eitan Fireberg,621f1c4f94f7e20069fdd50c,,ApprovalsCFValue{approvals=[]},,,,,,No,,,,,,,,,,,,,Billing,Orr Rachlevsky,63db8d66790148a18094867c,,,,,,,,,,,,,,,,,,,,,,{},,CX,,,,,,,,,,,,,,,,,,,,,,,,"Sizing document change:

PS Architecture change:

PS Methodology change:

PS Project plan change:

Data requirement change:

Update PS Tools:

Training Materials:

Communication:

Update PS Sales:

PS Demo:

General Notes:
1. Alpha testing
2. Beta testing
3. Project Risk Mitigation",FALSE,,,,,,,,,,,,,,,,,Cadebill,,,,,,,,,,,,,,,,,,,,,Cadebill,,,,,,,,,,,,,,,,,,,,,,,,,,,New,,,,,,,,,,,,,,,,,,,,,,,1|i03iqv:,,.,No,,",",,,,,,Release,,,,,Orr Rachlevsky,,,,,,,,,,,,,,,,,,,,,,,,,,,,,,,,,IT S34 (7 Apr - 21 Apr 2025),,,,,,,,,,,,,,,,,,,,,,,,,,,,,,,,,,,,,,,,,,,,,,,,,1.0,,,,,,,,,,,,,,Billing,,,,,,,,,,,,,,,,,,,,,,,,,,,,1_*:*_1_*:*_13614309_*|*_10009_*:*_1_*:*_0_*|*_10011_*:*_1_*:*_33654_*|*_10010_*:*_1_*:*_14540_*|*_10001_*:*_1_*:*_2898_*|*_10003_*:*_1_*:*_36939_*|*_10006_*:*_1_*:*_2672_*|*_10005_*:*_1_*:*_952869677,,,"09/Apr/25 10:07 AM;621f1c4f94f7e20069fdd50c;1110-2697

1110-2698

1110-2699

1110-2700

1110-2701

1110-2702

1110-2703

1110-2704

1110-2705",09/Apr/25 1:49 PM;621f1c4f94f7e20069fdd50c;Custom menu containing contracted quantity SKUs is under _Incontact Custom Menus -> SF Cadebill Automation -> SF Contracted Quantity_,,,,,,,,,,Done,21/Apr/25 7:08 AM
Volume Discount applied at parent level ,IT-24302,784169,Change Request,Done,IT,IT,software,Ronit Shor,6114ed430b454a00688bb433,,,P3,Done,Eitan Fireberg,621f1c4f94f7e20069fdd50c,Eitan Fireberg,621f1c4f94f7e20069fdd50c,Eitan Fireberg,621f1c4f94f7e20069fdd50c,09/Apr/25 5:37 AM,25/Jun/25 7:13 AM,,25/Jun/25 7:13 AM,May 2025,,,,0,MCL,,"*Volume Discount applied at parent level* 



  ",,Dana Trybiasz,Eitan Fireberg,,,6114ed43e6e6f80071784a76,621f1c4f94f7e20069fdd50c,,,,,,,,,,,,,,,,,,,,,10/Jun/25 2:53 AM;ug:1353b372-f51b-4375-b95a-b04dcee93ca7;RE_ Volume Discount applied at parent level  (1).msg;https://nice-it.atlassian.net/rest/api/3/attachment/content/160077,09/Apr/25 5:41 AM;ug:1353b372-f51b-4375-b95a-b04dcee93ca7;RE_ Volume Discount applied at parent level .msg;https://nice-it.atlassian.net/rest/api/3/attachment/content/158219,03/Jun/25 12:24 PM;ug:1353b372-f51b-4375-b95a-b04dcee93ca7;Volume Discount.docx;https://nice-it.atlassian.net/rest/api/3/attachment/content/159880,10/Jun/25 2:53 AM;ug:1353b372-f51b-4375-b95a-b04dcee93ca7;Volume_Discount_Scenarios_V1 (1).xlsx;https://nice-it.atlassian.net/rest/api/3/attachment/content/160078,03/Jun/25 1:28 PM;ug:0ae2aa22-d613-49d4-ba65-c117642317c8;Volume_Discount_Scenarios_V1 (793ddce4-bb5e-402b-95a4-1c2d0529ca34).xlsx;https://nice-it.atlassian.net/rest/api/3/attachment/content/159881,09/Apr/25 5:41 AM;ug:1353b372-f51b-4375-b95a-b04dcee93ca7;Volume_Discount_Scenarios_V1.xlsx;https://nice-it.atlassian.net/rest/api/3/attachment/content/158218,,,,,,,12/Jun/25 12:00 AM,,,,,,,,,Eitan Fireberg,621f1c4f94f7e20069fdd50c,,ApprovalsCFValue{approvals=[]},,,,,,No,,,,,,,,,,,,,Billing,Orr Rachlevsky,63db8d66790148a18094867c,,,,,,,,,,,,,,,,,,,,,,{},,CX,,,,,,,,,,,,,,,,,,,,,,,,"Sizing document change:

PS Architecture change:

PS Methodology change:

PS Project plan change:

Data requirement change:

Update PS Tools:

Training Materials:

Communication:

Update PS Sales:

PS Demo:

General Notes:
1. Alpha testing
2. Beta testing
3. Project Risk Mitigation",FALSE,,,,,,,,,,,,,,,,,Cadebill,,,,,,,,,,,,,,,,,,,,,Cadebill,,,,,,,,,,,,,,,,,,,,,,,,,,,New,,,,,,,,,,,,,,,,,,,,,,,1|i03ilz:,,,No,,",",,,,,,Release,,,,,Robert Gordon,,,,,,,,,,,,,,,,,,,,,,,,,,,,,,,,,IT S34 (7 Apr - 21 Apr 2025),IT S35 (21 Apr - 5 May 2025),IT S36 (5 May - 19 May 2025),IT S37 (19 May - 2 Jun 2025),IT S38 (2 Jun - 16 Jun 2025),IT S39 (16 Jun - 30 Jun 2025),,,,,,,,,,,,,,,,,,,,,,,,,,,,,,,,,,,,,,,,,,,,1.0,,,,,,,,,,,,,,Billing,,,,,,,,,,,,,,,,,,,,,,,,,,,2025-06-10 08:39:51.573,1_*:*_1_*:*_191991_*|*_10009_*:*_1_*:*_0_*|*_10011_*:*_1_*:*_5346777069_*|*_10010_*:*_1_*:*_18096_*|*_10001_*:*_1_*:*_5132_*|*_10003_*:*_1_*:*_6344_*|*_10006_*:*_1_*:*_2888_*|*_10005_*:*_1_*:*_3973,,,10/Jun/25 8:39 AM;6114ed43e6e6f80071784a76;CCR-23011,,,,,,,,,,,Done,25/Jun/25 7:13 AM
Free Months up to $ minimum,IT-24222,784017,Change Request,Done,IT,IT,software,Ronit Shor,6114ed430b454a00688bb433,,,P3,Done,Dana Trybiasz,6114ed43e6e6f80071784a76,Eitan Fireberg,621f1c4f94f7e20069fdd50c,Eitan Fireberg,621f1c4f94f7e20069fdd50c,06/Apr/25 9:34 AM,03/Aug/25 10:29 AM,,03/Aug/25 10:29 AM,August 2025,,,,0,MCL,,"As part of phase 2, and following ELT decision in the last steering committee, I believe we need development from MCL, to support the new free months phrasing, *up to the contracted minimum.*

 

+*The new phrasing:*+

 

Notwithstanding anything to the contrary in this Order: (a) the Subscription Term will commence on the Order Effective Date; and (b) solely during the first XXXXX (X) months of the Subscription Term (the “No Charge Period”), Customer may use the Cloud Services set forth in Section 1/Table 1(X) above, excluding success packages, at no charge, up to the amount of the Minimum Monthly Recurring Charge or Minimum Monthly Commitment specified in Section 1/Table 1(X) (the “No Charge Cloud Services”).  Customer will be responsible for any usage of Cloud Services during the No Charge Period that exceeds the No Charge Cloud Services. 

 

For example, if the Minimum Monthly Recurring Charge or Minimum Monthly Commitment is $10,000, Customer may use up to $10,000 worth of Cloud Services at no charge during each month of the No Charge Period. If Customer's usage of Cloud Services in a given month of the No Charge Period has a value of $12,000, Customer will be responsible for payment of $2,000 for usage in excess of the No Charge Cloud Services.

 

 

Until now Cadebill just calculated whether the customer is below the minimum.

Now, during free months, Cadebill will need to calculate whether the customer is above the minimum in a particular month and add Charge for usage above the minimum.",,Dana Trybiasz,Eitan Fireberg,Michael Langburd,,6114ed43e6e6f80071784a76,621f1c4f94f7e20069fdd50c,712020:6267be66-72d7-42c2-bd78-dbec81dccedb,,,,,,,,,,,,,,,,,,,,24/Jul/25 4:47 AM;ug:0ae2aa22-d613-49d4-ba65-c117642317c8;Implementation_of_Free_Months_in_Cadebill.docx;https://nice-it.atlassian.net/rest/api/3/attachment/content/161787,,,,,,,,,,,,,,,,,,,,,Dana Trybiasz,6114ed43e6e6f80071784a76,,ApprovalsCFValue{approvals=[]},,,,,,No,,,,,,,,,,,,,Billing,Orr Rachlevsky,63db8d66790148a18094867c,,,,,,,,,,,,,,,,,,,,,,{},,CX,,,,,,,,,,,,,,,,,,,,,,,,"Sizing document change:

PS Architecture change:

PS Methodology change:

PS Project plan change:

Data requirement change:

Update PS Tools:

Training Materials:

Communication:

Update PS Sales:

PS Demo:

General Notes:
1. Alpha testing
2. Beta testing
3. Project Risk Mitigation",FALSE,,,,,,,,,,,,,,,,,Cadebill,,,,,,,,,,,,,,,,,,,,,Cadebill,,,,,,,,,,,,,,,,,,,,,,,,,,,New,,,,,,,,,,,,,,,,,,,,,,,1|i03hs7:,,Implemented using OOB functionality (Volume Discount),No,,Implemented using OOB functionality (Volume Discount),,,,,,Off-Release,,,,,Orr Rachlevsky,,,,,,,,,,,,,,,,,,,,,,,,,,,,,,,,,IT S41 (14 Jul - 28 Jul 2025),IT S42 (28 Jul - 11 Aug 2025),,,,,,,,,,,,,,,,,,,,,,,,,,,,,,,,,,,,,,,,,,,,,,,,2.0,,,,,,,,,,,,,,Billing,,,,,,,,,,,,,,,,,,,,,,,,,,,2025-06-30 09:31:42.995,1_*:*_1_*:*_8123455150_*|*_10009_*:*_1_*:*_0_*|*_10011_*:*_1_*:*_133512_*|*_10010_*:*_1_*:*_19926_*|*_10001_*:*_1_*:*_6142_*|*_10003_*:*_1_*:*_23898_*|*_10006_*:*_1_*:*_1279153204_*|*_10005_*:*_1_*:*_882083526,,,"30/Jun/25 9:31 AM;712020:6267be66-72d7-42c2-bd78-dbec81dccedb;After the meeting with MCL, additional clarifications are required from Orr regarding the definition of Cloud Services mentioned in the request.","01/Jul/25 7:40 AM;6114ed43e6e6f80071784a76;Free Months up to $ minimum will be implement with new SKU.

we will create Minimum Surcharge SKU to capture *excess usage during free months*","24/Jul/25 4:48 AM;6114ed43e6e6f80071784a76;Attached is the document that explains how free months are implemented in Cadebill.

+Note: This is achieved using existing Cadebill functionality i.e.. Usage Fee and Volume Discount.+",03/Aug/25 10:26 AM;6114ed43e6e6f80071784a76;Confirmed to be closed by Orr,03/Aug/25 10:28 AM;6114ed43e6e6f80071784a76;Implemented using OOB functionality (Volume Discount),,,,,,,Done,03/Aug/25 10:29 AM
Telco FX table for Telco Local Currency rating,IT-24076,783774,Change Request,Done,IT,IT,software,Ronit Shor,6114ed430b454a00688bb433,,,P3,Done,Jonathan Jensen,712020:4c7bb93a-69d9-47b6-bc60-f97d9b955661,Eitan Fireberg,621f1c4f94f7e20069fdd50c,Eitan Fireberg,621f1c4f94f7e20069fdd50c,01/Apr/25 6:24 AM,16/Oct/25 6:37 AM,,16/Oct/25 6:37 AM,May 2025,,,,0,MCL,,"# Build a new FX table

# Telco Usage needs to be pointed at that table.",,Eitan Fireberg,,,,621f1c4f94f7e20069fdd50c,,,,,,,,,,,,,,,,,,,,,,07/Jun/25 12:23 PM;ug:1353b372-f51b-4375-b95a-b04dcee93ca7;Design Document _Telco _Exchange _Rates_V1.docx;https://nice-it.atlassian.net/rest/api/3/attachment/content/160002,26/Jun/25 5:59 AM;ug:1353b372-f51b-4375-b95a-b04dcee93ca7;Telco FX rates.png;https://nice-it.atlassian.net/rest/api/3/attachment/content/160564,07/May/25 7:29 PM;5d660108-31f4-4202-8e32-73ae87acfd1a;Telco Loader Changes.docx;https://nice-it.atlassian.net/rest/api/3/attachment/content/158986,,,,,,,,,,15/Oct/25 12:00 AM,,,,,,,,,Jonathan Jensen,712020:4c7bb93a-69d9-47b6-bc60-f97d9b955661,,ApprovalsCFValue{approvals=[]},,,,,,No,,,,,,,,,,,,,Billing,Roi Yossefi,6114ec8f8c15ca006feba02a,,,,,,,,,,,,,,,,,,,,,,{},,CX,,,,,,,,,,,,,,,,,,,,,,,,"Sizing document change:

PS Architecture change:

PS Methodology change:

PS Project plan change:

Data requirement change:

Update PS Tools:

Training Materials:

Communication:

Update PS Sales:

PS Demo:

General Notes:
1. Alpha testing
2. Beta testing
3. Project Risk Mitigation",FALSE,,,,,,,,,,,,,,,,,Cadebill,,,,,,,,,,,,,,,,,,,,,Cadebill,,,,,,,,,,,,,,,,,,,,,,,,,,,New,,,,,,,,,,,,,,,,,,,,,,,1|i03ghj:,,Upload,No,,Ready for deployment,,,,,,Release,,,,,Robert Gordon,,,,,,,,,,,,,,,,,,,,,,,,,,,,,,,,,IT S34 (7 Apr - 21 Apr 2025),IT S35 (21 Apr - 5 May 2025),IT S36 (5 May - 19 May 2025),IT S37 (19 May - 2 Jun 2025),IT S38 (2 Jun - 16 Jun 2025),IT S39 (16 Jun - 30 Jun 2025),IT S40 (30 Jun - 14 Jul 2025),IT S41 (14 Jul - 28 Jul 2025),IT S42 (28 Jul - 11 Aug 2025),IT S43 (11 Aug - 25 Aug 2025),IT S44 (25 Aug -  8 Sep 2025),IT S45 (8 Sep - 22 Sep 2025),IT S46 (22 Sep - 6 Oct 2025),IT S47 (6 Oct - 20 Oct 2025),,,,,,,,,,,,,,,,,,,,,,,,,,,,,,,,,,,,2.0,,,,,,,,,,,,,,Billing,,,,,,,,,,,,,,,,,,,,,,,,,,,,1_*:*_1_*:*_3805640541_*|*_10009_*:*_1_*:*_0_*|*_10011_*:*_1_*:*_4908919241_*|*_10010_*:*_1_*:*_22793_*|*_10001_*:*_1_*:*_17483_*|*_10003_*:*_1_*:*_3623229810_*|*_10006_*:*_1_*:*_4770116386_*|*_10005_*:*_1_*:*_2272,,,,,,,,,,,,,,Done,16/Oct/25 6:37 AM
Future-Dated SKUs Changed to Backstop Date Project,IT-24040,783723,Change Request,Done,IT,IT,software,Ronit Shor,6114ed430b454a00688bb433,,,P3,Done,Michael Langburd,712020:6267be66-72d7-42c2-bd78-dbec81dccedb,Eitan Fireberg,621f1c4f94f7e20069fdd50c,Eitan Fireberg,621f1c4f94f7e20069fdd50c,30/Mar/25 11:26 AM,07/May/25 10:34 AM,,07/May/25 10:34 AM,May 2025,,,,0,,,*Future-Dated SKUs Changed to Backstop Date Project*,,Dana Trybiasz,Eitan Fireberg,Michael Langburd,,6114ed43e6e6f80071784a76,621f1c4f94f7e20069fdd50c,712020:6267be66-72d7-42c2-bd78-dbec81dccedb,,,,,,,,,,,,,,,,,,,,10/Apr/25 8:54 AM;ug:1353b372-f51b-4375-b95a-b04dcee93ca7;Future dated SKUs v2.xlsx;https://nice-it.atlassian.net/rest/api/3/attachment/content/158265,,,,,,,,,,,,07/May/25 12:00 AM,,,,,,,,,Michael Langburd,712020:6267be66-72d7-42c2-bd78-dbec81dccedb,,ApprovalsCFValue{approvals=[]},,,,,,No,,,,,,,,,,,,,Billing,Orr Rachlevsky,63db8d66790148a18094867c,,,,,,,,,,,,,,,,,,,,,,{},,CX,,,,,,,,,,,,,,,,,,,,,,,,"Sizing document change:

PS Architecture change:

PS Methodology change:

PS Project plan change:

Data requirement change:

Update PS Tools:

Training Materials:

Communication:

Update PS Sales:

PS Demo:

General Notes:
1. Alpha testing
2. Beta testing
3. Project Risk Mitigation",FALSE,,,,,,,,,,,,,,,,,Cadebill,,,,,,,,,,,,,,,,,,,,,Cadebill,,,,,,,,,,,,,,,,,,,,,,,,,,,New,,,,,,,,,,,,,,,,,,,,,,,1|i03g87:,,.,No,,.,,,,,,Off-Release,,,,,Robert Gordon,,,,,,,,,,,,,,,,,,,,,,,,,,,,,,,,,IT S34 (7 Apr - 21 Apr 2025),IT S35 (21 Apr - 5 May 2025),IT S36 (5 May - 19 May 2025),,,,,,,,,,,,,,,,,,,,,,,,,,,,,,,,,,,,,,,,,,,,,,,1.0,,,,,,,,,,,,,,Billing,,,,,,,,,,,,,,,,,,,,,,,,,,,2025-03-31 04:37:46.747,1_*:*_1_*:*_941162058_*|*_10009_*:*_1_*:*_0_*|*_10011_*:*_1_*:*_2338778266_*|*_10010_*:*_1_*:*_56842_*|*_10001_*:*_1_*:*_52664_*|*_10003_*:*_1_*:*_13888_*|*_10006_*:*_1_*:*_18059_*|*_10005_*:*_1_*:*_8046,,,31/Mar/25 4:37 AM;6114ed43e6e6f80071784a76;[IT-24040 Future-Dated SKUs Changed to Backstop Date Project.docx|https://niceonline.sharepoint.com/:w:/r/teams/BillingIT/Shared%20Documents/General/Design%20Documents/Billing%20Releases/2025/May/IT-24040%20Future-Dated%20SKUs%20Changed%20to%20Backstop%20Date%20Project.docx?d=w17ac43f1435048a6835ec82f8d7c86b4&csf=1&web=1&e=oiIU1W],"01/Apr/25 10:20 AM;6114ed43e6e6f80071784a76;h3. Population filter

# ‘Catalog Type’ - SOFTW, SOFTS, SOFTU.

# Quote line exist.

# ‘Product start date’ - from 2029 and up.

# Exclude ‘Quote stage’ = Closed – Cancelled (Implementation)","10/Apr/25 9:00 AM;712020:6267be66-72d7-42c2-bd78-dbec81dccedb;Additional data was added to the file:

|*Quote number*|*OPP number* |*OPP close date*|*PS Actual Initial Go-Live date*|*Bundled*|

The file was forwarded to James Boase for date correction.",,,,,,,,,Done,07/May/25 10:34 AM
Reduce Mock Invoice table to hold Current & Previous Months only,IT-23044,781784,Change Request,Done,IT,IT,software,Ronit Shor,6114ed430b454a00688bb433,,,P3,Done,Eitan Fireberg,621f1c4f94f7e20069fdd50c,Eitan Fireberg,621f1c4f94f7e20069fdd50c,Eitan Fireberg,621f1c4f94f7e20069fdd50c,03/Feb/25 1:50 PM,18/May/25 5:04 AM,,18/May/25 5:04 AM,May 2025,,,,0,MCL,,"RITM0432132

We would like to see if we can keep only current and next month’s data in the MOCK invoice table. We do not need to store historical data.

Basically, we would need to keep:

•	Mock Invoice data created from the 1st of the month.
•	Mock Invoice data created from the 15th of the month (Mock invoice run for Next Month).
•	Mock invoice data create from the 21st of the month.

Or any MOCK invoice data created in the Current and Previous Calendar month, if we were to keep 2 months of data.",,Eitan Fireberg,,,,621f1c4f94f7e20069fdd50c,,,,,,,,,,,,,,,,,,,,,,06/Apr/25 6:19 AM;ug:1353b372-f51b-4375-b95a-b04dcee93ca7;Design Document_purge_mock_invoice_data_V1.docx;https://nice-it.atlassian.net/rest/api/3/attachment/content/158112,,,,,,,,,,,,,,,,,,,,,Eitan Fireberg,621f1c4f94f7e20069fdd50c,,ApprovalsCFValue{approvals=[]},,,,,,No,,,,,,,,,,,,,Billing,Eitan Fireberg,621f1c4f94f7e20069fdd50c,,,,,,,,,,,,,,,,,,,,,,{},,inContact,,,,,,,,,,,,,,,,,,,,,,,,"Sizing document change:

PS Architecture change:

PS Methodology change:

PS Project plan change:

Data requirement change:

Update PS Tools:

Training Materials:

Communication:

Update PS Sales:

PS Demo:

General Notes:
1. Alpha testing
2. Beta testing
3. Project Risk Mitigation",FALSE,,,,,,,,,,,,,,,,,Cadebill,,,,,,,,,,,,,,,,,,,,,Cadebill,,,,,,,,,,,,,,,,,,,,,,,,,,,,,,,,,,,,,,,,,,,,,,,,,,1|i036rb:,,,No,,deployed on 15/5/2025,,,,,,Off-Release,,,,,Michael Irrizari,,,,,,,Run the Business,,,,,,,,,,,,,,,,,,,,,,,,,,IT S29 (27 Jan - 10 Feb 2025),IT S30 (10 Feb - 24 Feb 2025),IT S31 (24 Feb - 10 Mar 2025),IT S32 (10 Mar - 24 Mar 2025),IT S33 (24 Mar - 7 Apr 2025),IT S34 (7 Apr - 21 Apr 2025),IT S35 (21 Apr - 5 May 2025),IT S36 (5 May - 19 May 2025),,,,,,,,,,,,,,,,,,,,,,,,,,,,,,,,,,,,,,,,,,1.0,,,,,,,,,,,,,,Billing,,,,,,,,,,,,,,,,,,,,,,,,,,,,1_*:*_1_*:*_5329658502_*|*_10009_*:*_1_*:*_0_*|*_10011_*:*_1_*:*_21713_*|*_10010_*:*_1_*:*_34269_*|*_10001_*:*_1_*:*_3374299035_*|*_10003_*:*_1_*:*_15102_*|*_10006_*:*_1_*:*_5856_*|*_10005_*:*_1_*:*_1967,,,03/Feb/25 1:52 PM;621f1c4f94f7e20069fdd50c;MCL can do it for March 2025,,,,,,,,,,,Done,18/May/25 5:04 AM
Pre-invoicing report Update for Intl Billing Errors,IT-22839,781300,Change Request,Done,IT,IT,software,Ronit Shor,6114ed430b454a00688bb433,,,P3,Done,Eitan Fireberg,621f1c4f94f7e20069fdd50c,Eitan Fireberg,621f1c4f94f7e20069fdd50c,Eitan Fireberg,621f1c4f94f7e20069fdd50c,16/Jan/25 5:10 PM,23/Jan/25 3:00 PM,,23/Jan/25 3:00 PM,January 2025,,,,0,,,"New Request for (Finance):

 

Can we update the Pre-invoicing report under Incontact custom menus > Billing reporting. Currently it is only showing Product ID. We would like to expand that to the Feature Key. 

 

The request from Finance is to include the feature key level to ensure all feature keys that do not have GL mappings are shown on the report.",,Eitan Fireberg,,,,621f1c4f94f7e20069fdd50c,,,,,,,,,,,,,,,,,,,,,,16/Jan/25 5:11 PM;ug:1353b372-f51b-4375-b95a-b04dcee93ca7;image (2).png;https://nice-it.atlassian.net/rest/api/3/attachment/content/156756,,,,,,,,,,,,23/Jan/25 12:00 AM,,,,,,,,,Eitan Fireberg,621f1c4f94f7e20069fdd50c,,ApprovalsCFValue{approvals=[]},,,,,,No,,,,,,,,,,,,,Billing,Henry Miles,712020:059cdfa6-9978-4441-87ab-311ce26fd2e7,,,,,,,,,,,,,,,,,,,,,,{},,inContact,,,,,,,,,,,,,,,,,,,,,,,,"Sizing document change:

PS Architecture change:

PS Methodology change:

PS Project plan change:

Data requirement change:

Update PS Tools:

Training Materials:

Communication:

Update PS Sales:

PS Demo:

General Notes:
1. Alpha testing
2. Beta testing
3. Project Risk Mitigation",FALSE,,,,,,,,,,,,,,,,,Cadebill,,,,,,,,,,,,,,,,,,,,,Cadebill,,,,,,,,,,,,,,,,,,,,,,,,,,,,,,,,,,,,,,,,,,,,,,,,,,1|i034gv:,,,No,,,,,,,,Off-Release,,,,,Henry Miles,,,,,,,,,,,,,,,,,,,,,,,,,,,,,,,,,IT S28 (13 Jan - 27 Jan 2025),,,,,,,,,,,,,,,,,,,,,,,,,,,,,,,,,,,,,,,,,,,,,,,,,1.0,,,,,,,,,,,,,,Billing,,,,,,,,,,,,,,,,,,,,,,,,,,,,1_*:*_1_*:*_596924325_*|*_10009_*:*_1_*:*_0_*|*_10011_*:*_1_*:*_10299_*|*_10010_*:*_1_*:*_16206_*|*_10001_*:*_1_*:*_3456_*|*_10003_*:*_1_*:*_19810_*|*_10006_*:*_1_*:*_5294_*|*_10005_*:*_1_*:*_2490,,,23/Jan/25 2:58 PM;621f1c4f94f7e20069fdd50c;We have a daily report showing us GL config errors. That is good enough,,,,,,,,,,,Done,23/Jan/25 3:00 PM
Rebate - Requirements,IT-22640,780961,Change Request,Done,IT,IT,software,Ronit Shor,6114ed430b454a00688bb433,,,P3,Done,Dana Trybiasz,6114ed43e6e6f80071784a76,Eitan Fireberg,621f1c4f94f7e20069fdd50c,Eitan Fireberg,621f1c4f94f7e20069fdd50c,06/Jan/25 2:19 PM,09/Nov/25 4:12 AM,,16/Oct/25 6:36 AM,May 2025,,,,0,MCL,,Attached document with detailed requirements.,,Dana Trybiasz,Eitan Fireberg,,,6114ed43e6e6f80071784a76,621f1c4f94f7e20069fdd50c,,,,,,,,,,,,,,,,,,,,,19/Feb/25 5:57 PM;ug:1353b372-f51b-4375-b95a-b04dcee93ca7;Cadebill CR - Rebate - Requirements - Jan 14th.docx;https://nice-it.atlassian.net/rest/api/3/attachment/content/157380,06/Jan/25 2:20 PM;ug:1353b372-f51b-4375-b95a-b04dcee93ca7;Cadebill CR - Rebate - Requirements - Jan 6th.docx;https://nice-it.atlassian.net/rest/api/3/attachment/content/156419,08/May/25 2:44 AM;ug:1353b372-f51b-4375-b95a-b04dcee93ca7;DesignDocument_Rebate_V1.docx;https://nice-it.atlassian.net/rest/api/3/attachment/content/158990,25/Jun/25 10:58 AM;ug:0ae2aa22-d613-49d4-ba65-c117642317c8;IT 22640 DesignDocument_Rebate_V2.docx;https://nice-it.atlassian.net/rest/api/3/attachment/content/160553,20/Aug/25 11:19 AM;ug:0ae2aa22-d613-49d4-ba65-c117642317c8;Rebate validation document_V1_20_8.docx;https://nice-it.atlassian.net/rest/api/3/attachment/content/163286,09/Nov/25 4:12 AM;ug:1353b372-f51b-4375-b95a-b04dcee93ca7;Rebate validation document_V2.docx;https://nice-it.atlassian.net/rest/api/3/attachment/content/168097,09/Nov/25 4:12 AM;ug:1353b372-f51b-4375-b95a-b04dcee93ca7;Rebate_validation_test_cases_V2.xlsx;https://nice-it.atlassian.net/rest/api/3/attachment/content/168096,,,,,,15/Oct/25 12:00 AM,,,,,,,,,Dana Trybiasz,6114ed43e6e6f80071784a76,,ApprovalsCFValue{approvals=[]},,,,,,No,,,,,,,,,,,,,Billing,Orr Rachlevsky,63db8d66790148a18094867c,,,,,,,,,,,,,,,,,,,,,,{},,inContact,,,,,,,,,,,,,,,,,,,,,,,,"Sizing document change:

PS Architecture change:

PS Methodology change:

PS Project plan change:

Data requirement change:

Update PS Tools:

Training Materials:

Communication:

Update PS Sales:

PS Demo:

General Notes:
1. Alpha testing
2. Beta testing
3. Project Risk Mitigation",FALSE,,,,,,,,,,,,,,,,,Cadebill,,,,,,,,,,,,,,,,,,,,,Cadebill,,,,,,,,,,,,,,,,,,,,,,,,,,,,,,,,,,,,,,,,,,,,,,,,,,1|i032lb:,,,No,,Ready for deployment,,,,,,Release,,,,,Orr Rachlevsky,,,,,,,Run the Business,,,,,,,,,,,,,,,,,,,,,,,,,,IT S30 (10 Feb - 24 Feb 2025),IT S31 (24 Feb - 10 Mar 2025),IT S32 (10 Mar - 24 Mar 2025),IT S33 (24 Mar - 7 Apr 2025),IT S34 (7 Apr - 21 Apr 2025),IT S35 (21 Apr - 5 May 2025),IT S36 (5 May - 19 May 2025),IT S37 (19 May - 2 Jun 2025),IT S38 (2 Jun - 16 Jun 2025),IT S39 (16 Jun - 30 Jun 2025),IT S40 (30 Jun - 14 Jul 2025),IT S41 (14 Jul - 28 Jul 2025),IT S42 (28 Jul - 11 Aug 2025),IT S43 (11 Aug - 25 Aug 2025),IT S44 (25 Aug -  8 Sep 2025),IT S45 (8 Sep - 22 Sep 2025),IT S46 (22 Sep - 6 Oct 2025),IT S47 (6 Oct - 20 Oct 2025),,,,,,,,,,,,,,,,,,,,,,,,,,,,,,,,1.0,,,,,,,,,,,,,,Billing,,,,,,,,,,,,,,,,,,,,,,,,,,,2025-05-29 11:43:25.197,1_*:*_1_*:*_3814691992_*|*_10009_*:*_1_*:*_0_*|*_10011_*:*_1_*:*_4908687663_*|*_10010_*:*_1_*:*_1615964483_*|*_10001_*:*_2_*:*_3208229314_*|*_10003_*:*_1_*:*_9666644341_*|*_10006_*:*_2_*:*_1209207116_*|*_10005_*:*_1_*:*_2158,,,"14/Jan/25 5:43 PM;621f1c4f94f7e20069fdd50c;How do we track Rebate Balance or Minutes (VoApps) balance (roll over balance) in Cadebill.

Also in the invoice itself. Never done before","08/May/25 2:52 AM;621f1c4f94f7e20069fdd50c;Another question @Orr Rachlevsky

Is where in the to where in the invoice it'll be mapped to and whether which GL to apply to it.

These questions can be taken offline (will not affect development)","08/May/25 2:53 AM;621f1c4f94f7e20069fdd50c;I understand the period is defined by the start and end date.

@Orr Rachlevskythis should come from CPQ, right? So we need to add this to the automation.",29/May/25 11:43 AM;6114ed43e6e6f80071784a76;waiting for detail design from MCL,"29/Jun/25 5:20 AM;621f1c4f94f7e20069fdd50c;# How to you limit it for up to 12 months of discount, so afterwards remaining balance will be removed? – *I think discount should be applied until it is exhausted completely. If there is some discount left at the end of 12 months, do we have to discard it ?  By definition, rebate will be depleted after 12 months. The customer will consume at least the minimum every month.*
# Do you compare the discount value to the min value *12 months or you assume this validation is in CPQ? – *I assume this validation is in CPQ Correct*
# How do you show remaining rebate balance in the invoice? – *Do we have to show rebate balance in the invoices.? As written in the initial requirements, It’s nice to have depending on the extra effort required Are we associating rebate balance with an SKU? No.*",,,,,,,Done,16/Oct/25 6:36 AM
"New Cadebill Invoice Template for Marketplace Billing to subtract apportioned amount from ""Amount Due""",IT-22384,780476,Change Request,Done,IT,IT,software,Ronit Shor,6114ed430b454a00688bb433,,,P3,Done,Dana Trybiasz,6114ed43e6e6f80071784a76,Eitan Fireberg,621f1c4f94f7e20069fdd50c,Eitan Fireberg,621f1c4f94f7e20069fdd50c,19/Dec/24 12:58 PM,25/Jun/25 7:07 AM,,25/Jun/25 7:07 AM,June 2025,,,,0,MCL,,"New Cadebill Invoice Template for Marketplace Billing to subtract apportioned amount from ""Amount Due""",,Dana Trybiasz,Eitan Fireberg,,,6114ed43e6e6f80071784a76,621f1c4f94f7e20069fdd50c,,,,,,,,,,,,,,,,,,,,,,,,,,,,,,,,,,,,,,,,,,Dana Trybiasz,6114ed43e6e6f80071784a76,,ApprovalsCFValue{approvals=[]},,,,,,No,,,,,,,,,,,,,Billing,Uri Zernitsky,6114ec5175ad960069a77ba9,,,,,,,,,,,,,,,,,,,,,,{},,inContact,,,,,,,,,,,,,,,,,,,,,,,,"Sizing document change:

PS Architecture change:

PS Methodology change:

PS Project plan change:

Data requirement change:

Update PS Tools:

Training Materials:

Communication:

Update PS Sales:

PS Demo:

General Notes:
1. Alpha testing
2. Beta testing
3. Project Risk Mitigation",FALSE,,,,,,,,,,,,,,,,,Cadebill,,,,,,,,,,,,,,,,,,,,,Cadebill,,,,,,,,,,,,,,,,,,,,,,,,,,,,,,,,,,,,,,,,,,,,,,,,,,1|i0301r:,,,No,,apprioved,,,,,,Off-Release,,,,,Robert Gordon,,,,,,,,,,,,,,,,,,,,,,,,,,,,,,,,,IT S38 (2 Jun - 16 Jun 2025),IT S39 (16 Jun - 30 Jun 2025),,,,,,,,,,,,,,,,,,,,,,,,,,,,,,,,,,,,,,,,,,,,,,,,2.0,,,,,,,,,,,,,,Billing,,,,,,,,,,,,,,,,,,,,,,,,,,,2025-03-25 08:33:41.146,1_*:*_1_*:*_12537191979_*|*_10009_*:*_1_*:*_0_*|*_10011_*:*_1_*:*_1961882020_*|*_10010_*:*_1_*:*_13710_*|*_10001_*:*_1_*:*_12186_*|*_10003_*:*_1_*:*_20122_*|*_10006_*:*_1_*:*_6165_*|*_10005_*:*_1_*:*_101783,,,"25/Mar/25 8:33 AM;6114ed43e6e6f80071784a76;Based on Michael Irizarry:

The requirements are:

# Include section for ‘Transfer to Marketplace’
## This would be the SUM of all apportioned products, as setup in the apportionment template being used.
# Reduction of ‘Total Amount Due’  by the amount apportioned to Marketplace.",30/Mar/25 6:55 AM;6114ed43e6e6f80071784a76;[IT-22384 New Cadebill Invoice Template for Marketplace Billing to subtract apportioned amount from Amount Due.docx|https://niceonline.sharepoint.com/:w:/r/teams/BillingIT/Shared%20Documents/General/Design%20Documents/Billing%20Releases/2025/May/IT-22384%20New%20Cadebill%20Invoice%20Template%20for%20Marketplace%20Billing%20to%20subtract%20apportioned%20amount%20from%20Amount%20Due.docx?d=w6d775ff114034e448a6a576bc0f27f01&csf=1&web=1&e=EICF5C],15/Apr/25 2:33 PM;6114ed43e6e6f80071784a76;An indicator at the SKU level is required to indicate that it is a Marketplace item,"04/May/25 6:05 AM;6114ed43e6e6f80071784a76;# A single SKU will be 100% Marketplace billed or Customer billed for a given customer.  However, for 1 customer, 80% of SKUs could be Marketplace whereas for a different customer, 20% of SKUs could be Marketplace.
# There will +not+ be Taxes applied to Apportioned products.  All taxes will be applied by the Marketplaces when invoicing customers","29/May/25 11:53 AM;6114ed43e6e6f80071784a76;[@Chanchal Katiyar|mailto:Chanchal.Katiyar@nice.com] - to confirm there is no impact on the support site reports.

 

[@Niko Sesbreno|mailto:Niko.Sesbreno@nice.com] - to confirm there is no impact on the BI model.",05/Jun/25 8:31 AM;6114ed43e6e6f80071784a76;Michael l. - needs to open a CCR,05/Jun/25 10:40 AM;6114ed43e6e6f80071784a76;Changes to the invoice were approved by Niko and Chanchal.,10/Jun/25 8:32 AM;6114ed43e6e6f80071784a76;CCR-23010,,,,Done,25/Jun/25 7:07 AM
Add functionality to  turn off the auto-apply payment rules for individual accounts ,IT-22355,780379,Change Request,Done,IT,IT,software,Ronit Shor,6114ed430b454a00688bb433,,,P3,Done,Dana Trybiasz,6114ed43e6e6f80071784a76,Eitan Fireberg,621f1c4f94f7e20069fdd50c,Uri Zernitsky,6114ec5175ad960069a77ba9,18/Dec/24 7:55 AM,08/May/25 11:47 AM,,08/May/25 11:45 AM,June 2025,May 2025,,,0,MCL,,"Need to add functionality so that the billing team can turn off the auto-apply payment rules for individual accounts that are problematic – currently the auto-apply feature is an all-or-nothing, Billing team can’t turn it off for specific customers 

Attach mail from Henri",,Dana Trybiasz,Eitan Fireberg,Uri Zernitsky,,6114ed43e6e6f80071784a76,621f1c4f94f7e20069fdd50c,6114ec5175ad960069a77ba9,,,,,,,,,,,,,,,,,,,,23/Mar/25 11:42 AM;ug:0ae2aa22-d613-49d4-ba65-c117642317c8;DesignDocument_IT-22355_V1.docx;https://nice-it.atlassian.net/rest/api/3/attachment/content/157849,08/May/25 11:47 AM;ug:0ae2aa22-d613-49d4-ba65-c117642317c8;IT-22355 Add functionality to turn off the auto-apply payment rules for individual accounts (50c2eef8-b409-4f13-9c9e-56175fcbdb69).docx;https://nice-it.atlassian.net/rest/api/3/attachment/content/159011,21/Apr/25 3:23 PM;ug:0ae2aa22-d613-49d4-ba65-c117642317c8;IT-22355 Add functionality to turn off the auto-apply payment rules for individual accounts.docx;https://nice-it.atlassian.net/rest/api/3/attachment/content/158491,09/Jan/25 1:46 PM;ug:1353b372-f51b-4375-b95a-b04dcee93ca7;RE_ Functionality to turn off the auto-apply payment rules for individual accounts.eml;https://nice-it.atlassian.net/rest/api/3/attachment/content/156569,18/Dec/24 7:55 AM;ug:1ce7593e-dd0a-4d94-af42-0ed39b158415;Re Board of water FW INTERNAL Nice 4602400_7646860.pdf.msg;https://nice-it.atlassian.net/rest/api/3/attachment/content/155941,,,,,,,,,,,,,,,,,Dana Trybiasz,6114ed43e6e6f80071784a76,,ApprovalsCFValue{approvals=[]},,,,,,No,,,,,,,,,,,,,Billing,Eitan Fireberg,621f1c4f94f7e20069fdd50c,,,,,,,,,,,,,,,,,,,,,,{},,inContact,,,,,,,,,,,,,,,,,,,,,,,,"Sizing document change:

PS Architecture change:

PS Methodology change:

PS Project plan change:

Data requirement change:

Update PS Tools:

Training Materials:

Communication:

Update PS Sales:

PS Demo:

General Notes:
1. Alpha testing
2. Beta testing
3. Project Risk Mitigation",FALSE,,,,,,,,,,,,,,,,,Cadebill,,,,,,,,,,,,,,,,,,,,,Cadebill,,,,,,,,,,,,,,,,,,,,,,,,,,,,,,,,,,,,,,,,,,,,,,,,,,1|i02zlj:,,,No,,Approved to be deployed by Cory Bradford,,,,,,Off-Release,,,,,Michael Irizarry,,,,,,,,,,,,,,,,,,,,,,,,,,,,,,,,,IT S34 (7 Apr - 21 Apr 2025),IT S35 (21 Apr - 5 May 2025),IT S36 (5 May - 19 May 2025),,,,,,,,,,,,,,,,,,,,,,,,,,,,,,,,,,,,,,,,,,,,,,,1.0,,,,,,,,,,,,,,Billing,,,,,,,,,,,,,,,,,,,,,,,,,,,2025-03-23 11:48:25.625,1_*:*_1_*:*_8322068079_*|*_10009_*:*_1_*:*_0_*|*_10011_*:*_1_*:*_31888_*|*_10010_*:*_1_*:*_2026370045_*|*_10001_*:*_1_*:*_4638_*|*_10003_*:*_1_*:*_22491_*|*_10006_*:*_2_*:*_45653_*|*_10005_*:*_2_*:*_391957422,,,"04/Feb/25 4:51 PM;621f1c4f94f7e20069fdd50c;After a call with Cory Bradford, he want to block specific BUs from the ACH auto payment process (mostly test accounts)",04/Feb/25 4:57 PM;621f1c4f94f7e20069fdd50c;[IT-22355 Add functionality to turn off the auto-apply payment rules for individual accounts-20250204_183726-Meeting Recording.mp4|https://niceonline-my.sharepoint.com/:v:/r/personal/eitan_fireberg_nice_com/Documents/Recordings/IT-22355%20Add%20functionality%20to%20turn%20off%20the%20auto-apply%20payment%20rules%20for%20individual%20accounts-20250204_183726-Meeting%20Recording.mp4?csf=1&web=1&e=JLnstT&nav=eyJyZWZlcnJhbEluZm8iOnsicmVmZXJyYWxBcHAiOiJTdHJlYW1XZWJBcHAiLCJyZWZlcnJhbFZpZXciOiJTaGFyZURpYWxvZy1MaW5rIiwicmVmZXJyYWxBcHBQbGF0Zm9ybSI6IldlYiIsInJlZmVycmFsTW9kZSI6InZpZXcifX0%3D],23/Mar/25 11:48 AM;6114ed43e6e6f80071784a76;Detail design was sent by MCL,"24/Mar/25 3:38 PM;6114ed43e6e6f80071784a76;Is the exclusion of Test accounts only for this action of payment/association of payment requested? -- *Yes*

Also, we prefer managing permissions per groups too, so please make sure we can give this to individual or group. – *By users I meant individual/group, it can be any.*

 ","24/Mar/25 3:38 PM;6114ed43e6e6f80071784a76;Detail Design approved.

Waiting for a delivery date from MCL","17/Apr/25 2:29 AM;621f1c4f94f7e20069fdd50c;As per the design document, we have done the following:

Made changes in the Data Import Template ""FIRST_DATA_LOCK_BOX"" by adding error code for ignoring the Test accounts.

Changed the stored procedure inContactFinance.First_Data_Lock_Box_prep_data, to ignore the test accounts.

 

Created new SQL table [Data].[First_Data_Lock_Box_excluded_accounts] for storing the test accounts.

Additionally, we have added the menu for performing CRUD of test accounts which needs to be excluded.

Menu Path : InContact Custom Menu -> Financial Activities -> First Data Lock Box excluded accounts.

 

PFA, we have tested with the provided files, and it is working fine.

Please note that test account is there only in 2 files.

If you provide more files that has different test accounts, we would facilitate further testing on those.

 

You can conduct your own testing to ensure that everything aligns with your requirements.",23/Apr/25 10:27 AM;6114ed43e6e6f80071784a76;CCR-22895,,,,,Done,08/May/25 11:45 AM
Seat count logic change due to Digital Add-on stand-alone,IT-22205,779955,Change Request,Done,IT,IT,software,Ronit Shor,6114ed430b454a00688bb433,,,P3,Done,Eitan Fireberg,621f1c4f94f7e20069fdd50c,Uri Zernitsky,6114ec5175ad960069a77ba9,Uri Zernitsky,6114ec5175ad960069a77ba9,10/Dec/24 12:48 PM,25/Jun/25 7:13 AM,,25/Jun/25 7:13 AM,April 2025,,,,0,MCL,,"*What is the issue*: When a customer has “Digital Add-on 307-6-603”, the billing logic takes Digital PTID (334) as the defining quantity for ACD or bundles PTID (29/46), if Digital quantity is higher than ACD.

This occur also when the customer bought initially digital add-on, upgraded to a bundle which includes digital, but didn’t remove the a-la-carte item.

This caused recurring invoice corrections for [Land’s End |https://niceincontact.lightning.force.com/lightning/r/Case/500Ui00000KeuHiIAJ/view] , [EZE Castle|https://niceincontact.lightning.force.com/lightning/r/Case/500Ui000009Hk1NIAS/view], and probably others. See slides describing Land’s End details

We expect to ACD / Bundles quantity will be determined solely by ACD PTIDs, even if a customer has Digital-Add-On",,Dana Trybiasz,Eitan Fireberg,Uri Zernitsky,,6114ed43e6e6f80071784a76,621f1c4f94f7e20069fdd50c,6114ec5175ad960069a77ba9,,,,,,,,,,,,,,,,,,,,15/Dec/24 10:11 AM;ug:1353b372-f51b-4375-b95a-b04dcee93ca7;Land's End recurring error.pptx;https://nice-it.atlassian.net/rest/api/3/attachment/content/155817,27/Jan/25 9:33 AM;ug:1353b372-f51b-4375-b95a-b04dcee93ca7;Seat count logic change due to Digital Add_designdocument_V1.docx;https://nice-it.atlassian.net/rest/api/3/attachment/content/156915,27/Jan/25 9:33 AM;ug:1353b372-f51b-4375-b95a-b04dcee93ca7;SeatCountLogic_ApplicableSKUs_and_newCalculation.xlsx;https://nice-it.atlassian.net/rest/api/3/attachment/content/156916,,,,,,,,,,,,,,,,,,,Eitan Fireberg,621f1c4f94f7e20069fdd50c,,ApprovalsCFValue{approvals=[]},,,,,,No,,,,,,,,,,,,,Billing,Orr Rachlevsky,63db8d66790148a18094867c,,,,,,,,,,,,,,,,,,,,,,{},,inContact,,,,,,,,,,,,,,,,,,,,,,,,"Sizing document change:

PS Architecture change:

PS Methodology change:

PS Project plan change:

Data requirement change:

Update PS Tools:

Training Materials:

Communication:

Update PS Sales:

PS Demo:

General Notes:
1. Alpha testing
2. Beta testing
3. Project Risk Mitigation",FALSE,,,,,,,,,,,,,,,,,Cadebill,,,,,,,,,,,,,,,,,,,,,Cadebill,,,,,,,,,,,,,,,,,,,,,,,,,,,,,,,,,,,,,,,,,,,,,,,,,,1|i02xiv:,,,No,,CCR-23009,,,,,,Off-Release,,,,,Orr Rachlevsky,,,,,,,,,,,,,,,,,,,,,,,,,,,,,,,,,IT S26 (16 Dec - 30 Dec 2024),IT S27 (30 Dec - 13 Jan 2025),IT S28 (13 Jan - 27 Jan 2025),IT S29 (27 Jan - 10 Feb 2025),IT S30 (10 Feb - 24 Feb 2025),IT S31 (24 Feb - 10 Mar 2025),IT S32 (10 Mar - 24 Mar 2025),IT S33 (24 Mar - 7 Apr 2025),IT S34 (7 Apr - 21 Apr 2025),IT S35 (21 Apr - 5 May 2025),IT S36 (5 May - 19 May 2025),IT S37 (19 May - 2 Jun 2025),IT S38 (2 Jun - 16 Jun 2025),IT S39 (16 Jun - 30 Jun 2025),,,,,,,,,,,,,,,,,,,,,,,,,,,,,,,,,,,,1.0,,,,,,,,,,,,,,Billing,,,,,,,,,,,,,,,,,,,,,,,,,,,2024-12-15 10:16:45.764,1_*:*_1_*:*_422854034_*|*_10009_*:*_1_*:*_0_*|*_10011_*:*_1_*:*_2246016410_*|*_10010_*:*_1_*:*_33931_*|*_10001_*:*_1_*:*_9324145244_*|*_10003_*:*_1_*:*_3712608564_*|*_10006_*:*_1_*:*_5350_*|*_10005_*:*_1_*:*_2048,,,15/Dec/24 10:16 AM;621f1c4f94f7e20069fdd50c;Sent to MCL for design,15/Dec/24 10:17 AM;621f1c4f94f7e20069fdd50c;Sent to MCL for design.,"27/Jan/25 9:33 AM;621f1c4f94f7e20069fdd50c;I am attaching the design document along with an excel that has the list of all the SKUs whose mapping will be modified. Please review.

 

This change request requires all the invoice cycles to be re-validated for quantities before and after the change. With the ongoing operational support, SF2CB automation phase 1.5 and other concurrent projects we are aiming to complete this in the second week of March, 2025. Once the changes are verified by NICE , changes can be pushed to PROD in the last week of March. Please let us know if this timeline aligns with your needs.

 

Thank you!

 

Regards

Swati Jain

*MCL Systems Limited*",27/Jan/25 11:22 AM;6114ed43e6e6f80071784a76;Planned to be ready for testing on mid March,"28/Jan/25 4:37 PM;621f1c4f94f7e20069fdd50c;Michael Irizzary:

The design document looks good. Have the changes been made in CPFIN for invoice testing?

 

 

@Orr We should check the CPQ rules for this product as well. I believe this Product (SKU) should not be added to a customer’s account if they already have a bundle that includes a digital seat. In Swati’s ‘New calculation – BU#4602467’ tab, the calculation was for Bundle/package 12657-1726. This bundle includes a digital agent seat, so the Add-on should not be necessary.

 

Additionally, sales would need to know if they are switching to a bundle that has the digital seat, the Digital Agent Addon should be removed.",10/Jun/25 7:29 AM;6114ed43e6e6f80071784a76;CCR-23009,,,,,,Done,25/Jun/25 7:13 AM
Align Software Invoice sections,IT-21932,779158,Change Request,Done,IT,IT,software,Ronit Shor,6114ed430b454a00688bb433,,,P3,Done,Eitan Fireberg,621f1c4f94f7e20069fdd50c,Orr Rachlevsky,63db8d66790148a18094867c,Eitan Fireberg,621f1c4f94f7e20069fdd50c,24/Nov/24 12:11 PM,05/May/25 3:38 AM,,05/May/25 3:38 AM,January 2025,,,,0,,,"Align Software Invoice sections  to new contract sections on ALL customer invoices.

Pending mapping of Eran Bongart & Orr Rachlevsky",,Dana Trybiasz,Eitan Fireberg,,,6114ed43e6e6f80071784a76,621f1c4f94f7e20069fdd50c,,,,,,,,,,,,,,,,,,,,,22/Jan/25 3:30 PM;ug:1353b372-f51b-4375-b95a-b04dcee93ca7;Design document on Align Software Invoice Sections_V2.docx;https://nice-it.atlassian.net/rest/api/3/attachment/content/156858,05/Jan/25 12:02 PM;ug:1ce7593e-dd0a-4d94-af42-0ed39b158415;Invoice Sections - Software (c062f07d-6a12-42af-b43d-99e405448aa4).xlsx;https://nice-it.atlassian.net/rest/api/3/attachment/content/156379,24/Dec/24 3:26 PM;ug:1353b372-f51b-4375-b95a-b04dcee93ca7;Invoice Sections - Software.xlsx;https://nice-it.atlassian.net/rest/api/3/attachment/content/156160,24/Dec/24 3:26 PM;ug:1353b372-f51b-4375-b95a-b04dcee93ca7;Invoice Structure Change.pptx;https://nice-it.atlassian.net/rest/api/3/attachment/content/156161,29/Jan/25 9:35 AM;ug:1353b372-f51b-4375-b95a-b04dcee93ca7;Rearranged_SKUs_in_new_invoice_sections.xlsx;https://nice-it.atlassian.net/rest/api/3/attachment/content/156967,,,,,,,,28/Apr/25 12:00 AM,,,,,,,,,Eitan Fireberg,621f1c4f94f7e20069fdd50c,,ApprovalsCFValue{approvals=[]},,,,,,No,,,,,,,,,,,,,Billing,Orr Rachlevsky,63db8d66790148a18094867c,,,,,,,,,,,,,,,,,,,,,,{},,inContact,,,,,,,,,,,,,,,,,,,,,,,,"Sizing document change:

PS Architecture change:

PS Methodology change:

PS Project plan change:

Data requirement change:

Update PS Tools:

Training Materials:

Communication:

Update PS Sales:

PS Demo:

General Notes:
1. Alpha testing
2. Beta testing
3. Project Risk Mitigation",FALSE,,,,,,,,,,,,,,,,,Cadebill,,,,,,,,,,,,,,,,,,,,,Cadebill,,,,,,,,,,,,,,,,,,,,,,,,,,,,,,,,,,,,,,,,,,,,,,,,,,1|i02t9z:,,",",No,,",",,,,,,Release,,,,,Orr Rachlevsky,,,,,,,,,,,,,,,,,,,,,,,,,,,,,,,,,IT S28 (13 Jan - 27 Jan 2025),IT S29 (27 Jan - 10 Feb 2025),IT S30 (10 Feb - 24 Feb 2025),IT S31 (24 Feb - 10 Mar 2025),IT S32 (10 Mar - 24 Mar 2025),IT S33 (24 Mar - 7 Apr 2025),IT S34 (7 Apr - 21 Apr 2025),IT S35 (21 Apr - 5 May 2025),,,,,,,,,,,,,,,,,,,,,,,,,,,,,,,,,,,,,,,,,,1.0,,,,,,,,,,,,,,Billing,,,,,,,,,,,,,,,,,,,,,,,,,,,2024-12-03 17:11:26.711,1_*:*_1_*:*_795624526_*|*_10009_*:*_1_*:*_0_*|*_10011_*:*_1_*:*_28275_*|*_10010_*:*_1_*:*_4298362146_*|*_10001_*:*_1_*:*_8439417168_*|*_10003_*:*_1_*:*_432580257_*|*_10006_*:*_1_*:*_2960_*|*_10005_*:*_1_*:*_3379,,,"03/Dec/24 5:11 PM;621f1c4f94f7e20069fdd50c;Orr to schedule a meeting to review requirements.

We are pending list of products per section to begin development

this is required for Feb 1",22/Jan/25 11:12 AM;621f1c4f94f7e20069fdd50c;MCL design attached,"22/Jan/25 12:25 PM;621f1c4f94f7e20069fdd50c;Swati:

Hi Orr,

 

Thank you for the review.

 

# Yes, items will be sorted from A-Z within each section
# Can you share a list if all the Success Packages?
# Yes, Total/Sub-Total Charges will be present.",27/Jan/25 11:21 AM;6114ed43e6e6f80071784a76;Planned to be ready for testing on 16/2,"29/Jan/25 9:35 AM;621f1c4f94f7e20069fdd50c;@Michael Irizarry, @Orr Rachlevsky:

 

I am attaching a complete list of SKUs and their new invoice sections based on the list provided previously. It shows what will be the new invoice section of all the SKUs.

Please review and let me know if any changes are needed.

 

Thank you!",23/Apr/25 3:13 AM;621f1c4f94f7e20069fdd50c;CCR-22893,,,,,,Done,05/May/25 3:38 AM
"New SKU called ""CXone Interactions Hub",IT-21897,779061,Change Request,Done,IT,IT,software,Ronit Shor,6114ed430b454a00688bb433,,,P3,Done,Eitan Fireberg,621f1c4f94f7e20069fdd50c,Uri Zernitsky,6114ec5175ad960069a77ba9,Eitan Fireberg,621f1c4f94f7e20069fdd50c,21/Nov/24 7:27 AM,25/Jun/25 7:12 AM,,25/Jun/25 7:12 AM,December 2024,,,,0,MCL,,"*new SKU called ""CXone Interactions Hub - Data policies -Active storage package included (Per Interaction)"" 1434-2723.*",,Eitan Fireberg,,,,621f1c4f94f7e20069fdd50c,,,,,,,,,,,,,,,,,,,,,,,,,,,,,,,,,,24/Jun/25 12:00 AM,,,,,,,,,Eitan Fireberg,621f1c4f94f7e20069fdd50c,,ApprovalsCFValue{approvals=[]},,,,,,No,,,,,,,,,,,,,Billing,Uri Zernitsky,6114ec5175ad960069a77ba9,,,,,,,,,,,,,,,,,,,,,,{},,inContact,,,,,,,,,,,,,,,,,,,,,,,,"Sizing document change:

PS Architecture change:

PS Methodology change:

PS Project plan change:

Data requirement change:

Update PS Tools:

Training Materials:

Communication:

Update PS Sales:

PS Demo:

General Notes:
1. Alpha testing
2. Beta testing
3. Project Risk Mitigation",FALSE,,,,,,,,,,,,,,,,,Cadebill,,,,,,,,,,,,,,,,,,,,,Cadebill,,,,,,,,,,,,,,,,,,,,,,,,,,,,,,,,,,,,,,,,,,,,,,,,,,1|i02ssv:,,,No,,upload on 24/6,,,,,,Release,,,,,Orr Rachlevsky,,,,,,,,,,,,,,,,,,,,,,,,,,,,,,,,,IT S28 (13 Jan - 27 Jan 2025),IT S29 (27 Jan - 10 Feb 2025),IT S30 (10 Feb - 24 Feb 2025),IT S31 (24 Feb - 10 Mar 2025),IT S32 (10 Mar - 24 Mar 2025),IT S33 (24 Mar - 7 Apr 2025),IT S34 (7 Apr - 21 Apr 2025),IT S35 (21 Apr - 5 May 2025),IT S36 (5 May - 19 May 2025),IT S37 (19 May - 2 Jun 2025),IT S38 (2 Jun - 16 Jun 2025),IT S39 (16 Jun - 30 Jun 2025),,,,,,,,,,,,,,,,,,,,,,,,,,,,,,,,,,,,,,1.0,,,,,,,,,,,,,,Billing,,,,,,,,,,,,,,,,,,,,,,,,,,,2024-11-24 12:22:09.44,1_*:*_1_*:*_4142507227_*|*_10009_*:*_1_*:*_0_*|*_10011_*:*_1_*:*_14518927310_*|*_10010_*:*_1_*:*_33915_*|*_10001_*:*_1_*:*_3213_*|*_10003_*:*_1_*:*_7955_*|*_10006_*:*_1_*:*_3155_*|*_10005_*:*_1_*:*_2907,,,24/Nov/24 12:22 PM;621f1c4f94f7e20069fdd50c;Pending Michael Irizary @Ben Bergin approval to upload from CPFIN to Prod. Requires CCR,"09/Jun/25 4:13 AM;621f1c4f94f7e20069fdd50c;Michael I UAT comment on June 9th:

Hi All,

 

I ran through 4 tests of Interactions hub in CPFIN.

 

The logic appears to work function properly for the Storage product in the bundles. It takes the 5GB associated with the bundle, and adds the additional free quantities as defined by suite.

* Omnichannel: Up to 20 GB | Free units = MAX Seat Count * 20
* Essentials: Up to 30 GB | Free units = MAX Seat Count * 30
* Core: Up to 40 GB | Free units = MAX Seat Count * 40
* Complete: Up to 50 GB  | Free units = MAX Seat Count * 50

 

 

There are a  couple questions:

# @Orr Rachlevsky Should this apply to any storage outside the bundle?
# There are some new suites that were recently created, that may not be account for in the current logic. These were from a request to update Core and Complete suites and rename the older bundles.
## 12663-3289-XXX
## 12663-3290-XXX
## 12663-3291-XXX
## 12663-3292-XXX
## 12663-3293-XXX
## 12663-3294-XXX
## 12663-3295-XXX
## 12663-3296-XXX

                                                              i.      I need to check with pricing to see if these are active yet, as we may need to change the package product ID on e – f.",,,,,,,,,,Done,25/Jun/25 7:12 AM
Handle Duplicate products with complex subquery,IT-21817,778697,Change Request,Done,IT,IT,software,Ronit Shor,6114ed430b454a00688bb433,,,P3,Done,Eitan Fireberg,621f1c4f94f7e20069fdd50c,Uri Zernitsky,6114ec5175ad960069a77ba9,Eitan Fireberg,621f1c4f94f7e20069fdd50c,17/Nov/24 7:18 AM,23/Jan/25 3:08 PM,,23/Jan/25 3:08 PM,February 2025,,,,0,,,"We have a need to be able to handle duplicate products with complex subquery formula.

Currently we recognize two products of this sort:

# 3399 Feedback Management
# 799 Voice Recording

We need the following mechanisms to handle these duplications and avoid billing cycle abortions

# Custome business error message that alerts of this without aborting the billing cycle
# Daily report to find these duplicates so they can be handled in advance.
# Accommodate business rule to handle this scenario on creation as part of the automation project",,Eitan Fireberg,,,,621f1c4f94f7e20069fdd50c,,,,,,,,,,,,,,,,,,,,,,,,,,,,,,,,,,22/Jan/25 12:00 AM,,,,,,,,,Eitan Fireberg,621f1c4f94f7e20069fdd50c,,ApprovalsCFValue{approvals=[]},,,,,,No,,,,,,,,,,,,,Billing,Orr Rachlevsky,63db8d66790148a18094867c,,,,,,,,,,,,,,,,,,,,,,{},,inContact,,,,,,,,,,,,,,,,,,,,,,,,"Sizing document change:

PS Architecture change:

PS Methodology change:

PS Project plan change:

Data requirement change:

Update PS Tools:

Training Materials:

Communication:

Update PS Sales:

PS Demo:

General Notes:
1. Alpha testing
2. Beta testing
3. Project Risk Mitigation",FALSE,,,,,,,,,,,,,,,,,Cadebill,,,,,,,,,,,,,,,,,,,,,Cadebill,,,,,,,,,,,,,,,,,,,,,,,,,,,,,,,,,,,,,,,,,,,,,,,,,,1|i02qsn:,,,No,,,,,,,,Off-Release,,,,,eitan fireberg,,,,,,,,,,,,,,,,,,,,,,,,,,,,,,,,,IT S28 (13 Jan - 27 Jan 2025),,,,,,,,,,,,,,,,,,,,,,,,,,,,,,,,,,,,,,,,,,,,,,,,,1.0,,,,,,,,,,,,,,Billing,,,,,,,,,,,,,,,,,,,,,,,,,,,2024-11-24 12:19:24.175,1_*:*_1_*:*_5816959286_*|*_10009_*:*_1_*:*_0_*|*_10011_*:*_1_*:*_10832_*|*_10010_*:*_1_*:*_18337_*|*_10001_*:*_1_*:*_5089_*|*_10003_*:*_1_*:*_14582_*|*_10006_*:*_1_*:*_5357_*|*_10005_*:*_1_*:*_3343,,,24/Nov/24 12:19 PM;621f1c4f94f7e20069fdd50c;Waiting for requirements to be finalized by @michael Irizari and @robert gordon,23/Jan/25 3:07 PM;621f1c4f94f7e20069fdd50c;Was uploaded by MCL india yesterday ,,,,,,,,,,Done,23/Jan/25 3:08 PM
Improve BAD report,IT-21745,778437,Change Request,Done,IT,IT,software,Ronit Shor,6114ed430b454a00688bb433,,,P3,Done,Yana Gurevich,6335750888ed2ebef97ca2a5,Eitan Fireberg,621f1c4f94f7e20069fdd50c,Eitan Fireberg,621f1c4f94f7e20069fdd50c,12/Nov/24 7:15 AM,15/Apr/25 6:47 AM,,15/Apr/25 6:47 AM,January 2025,,,,0,,,"To improve our detection process, we're prioritizing the following projects:

# *Mock Invoice Tables:* Pointing system to mock invoice tables for earlier detection of anomalies.
# *Noise Reduction:* Removing or filtering positive growth in amount/quantity to focus solely on usage/billed amount drops.
# *Full Invoice Amount:* Add anomaly detection process on full invoiced amount (not per product).
# *SKU Management:* Creating a process and user interface to add or remove SKUs for the B.A.D. process.
# Remove the growth anomaly or create a filter for that (growth/reduction anomaly).",,Eitan Fireberg,,,,621f1c4f94f7e20069fdd50c,,,,,,,,,0,,,,,,,,,,,,,,,,,,,,,,,,,,,,,,,,,,Yana Gurevich,6335750888ed2ebef97ca2a5,,ApprovalsCFValue{approvals=[]},,,,,,No,,,,,,,,,,,,,Billing,Orr Rachlevsky,63db8d66790148a18094867c,,,,,,,,,,,,,,,,,,,,,,{},,inContact,,,,,,,,,,,,,,,,,,,,,,,,"Sizing document change:

PS Architecture change:

PS Methodology change:

PS Project plan change:

Data requirement change:

Update PS Tools:

Training Materials:

Communication:

Update PS Sales:

PS Demo:

General Notes:
1. Alpha testing
2. Beta testing
3. Project Risk Mitigation",FALSE,,,,,,,,,,,,,,,,,Cadebill,,,,,,,,,,,,,,,,,,,,,Cadebill,,,,,,,,,,,,,,,,,,,,,,,,,,,,,,,,,,,,,,,,,,,,,,,,,,1|i02pfb:,,,No,,.,,,,,,Off-Release,,,,,eitan fireberg,,,,,,,,,,,,,,,,,,,,,,,,,,,,,,,,,IT S24 (18 Nov - 2 Dec 2024),IT S25 (2 Dec - 16 Dec 2024),IT S26 (16 Dec - 30 Dec 2024),IT S27 (30 Dec - 13 Jan 2025),IT S28 (13 Jan - 27 Jan 2025),IT S29 (27 Jan - 10 Feb 2025),IT S30 (10 Feb - 24 Feb 2025),IT S31 (24 Feb - 10 Mar 2025),IT S32 (10 Mar - 24 Mar 2025),IT S33 (24 Mar - 7 Apr 2025),IT S34 (7 Apr - 21 Apr 2025),,,,,,,,,,,,,,,,,,,,,,,,,,,,,,,,,,,,,,,2.0,,,,,,,,,,,,,,Billing,,,,,,,,,,,,,,,,,,,,,,,,,,,,1_*:*_1_*:*_780099137_*|*_10009_*:*_1_*:*_0_*|*_10011_*:*_1_*:*_20438_*|*_10010_*:*_1_*:*_16449_*|*_10001_*:*_1_*:*_5853_*|*_10003_*:*_1_*:*_290931178_*|*_10006_*:*_1_*:*_11824009615_*|*_10005_*:*_1_*:*_2327,,,,,,,,,,,779234,IT-21977,Certified Billing Data Model,Done,15/Apr/25 6:47 AM
Export Import Cadebill Set Ups between environments,IT-21735,778392,Change Request,Done,IT,IT,software,Ronit Shor,6114ed430b454a00688bb433,,,P3,Done,Eitan Fireberg,621f1c4f94f7e20069fdd50c,Eitan Fireberg,621f1c4f94f7e20069fdd50c,Eitan Fireberg,621f1c4f94f7e20069fdd50c,11/Nov/24 4:39 PM,07/Jul/25 7:23 AM,,02/Jul/25 5:04 AM,December 2024,,,,0,,,Export Import Cadebill Set Ups between environments,,Dana Trybiasz,Eitan Fireberg,,,6114ed43e6e6f80071784a76,621f1c4f94f7e20069fdd50c,,,,,,,,,,,,,,,,,,,,,19/Nov/24 7:27 AM;ug:1353b372-f51b-4375-b95a-b04dcee93ca7;DesignDocument_Export_Import_Products_V2.docx;https://nice-it.atlassian.net/rest/api/3/attachment/content/154777,07/Jul/25 7:23 AM;ug:1353b372-f51b-4375-b95a-b04dcee93ca7;DesignDocument_Export_Import_Products_V5.docx;https://nice-it.atlassian.net/rest/api/3/attachment/content/161018,,,,,,,,,,,26/Feb/25 12:00 AM,,,,,,,,,Eitan Fireberg,621f1c4f94f7e20069fdd50c,,ApprovalsCFValue{approvals=[]},,,,,,No,,,,,,,,,,,,,Billing,Eitan Fireberg,621f1c4f94f7e20069fdd50c,,,,,,,,,,,,,,,,,,,,,,{},,inContact,,,,,,,,,,,,,,,,,,,,,,,,"Sizing document change:

PS Architecture change:

PS Methodology change:

PS Project plan change:

Data requirement change:

Update PS Tools:

Training Materials:

Communication:

Update PS Sales:

PS Demo:

General Notes:
1. Alpha testing
2. Beta testing
3. Project Risk Mitigation",FALSE,,,,,,,,,,,,,,,,,Cadebill,,,,,,,,,,,,,,,,,,,,,Cadebill,,,,,,,,,,,,,,,,,,,,,,,,,,,,,,,,,,,,,,,,,,,,,,,,,,1|i02p7z:,,,No,,",",,,,,,Release,,,,,eitan fireberg,,,,,,,,,,,,,,,,,,,,,,,,,,,,,,,,,IT S24 (18 Nov - 2 Dec 2024),IT S25 (2 Dec - 16 Dec 2024),IT S26 (16 Dec - 30 Dec 2024),IT S27 (30 Dec - 13 Jan 2025),IT S28 (13 Jan - 27 Jan 2025),IT S29 (27 Jan - 10 Feb 2025),IT S30 (10 Feb - 24 Feb 2025),IT S31 (24 Feb - 10 Mar 2025),IT S32 (10 Mar - 24 Mar 2025),IT S33 (24 Mar - 7 Apr 2025),IT S34 (7 Apr - 21 Apr 2025),IT S35 (21 Apr - 5 May 2025),IT S36 (5 May - 19 May 2025),IT S37 (19 May - 2 Jun 2025),IT S38 (2 Jun - 16 Jun 2025),IT S39 (16 Jun - 30 Jun 2025),IT S40 (30 Jun - 14 Jul 2025),,,,,,,,,,,,,,,,,,,,,,,,,,,,,,,,,1.0,,,,,,,,,,,,,,Billing,,,,,,,,,,,,,,,,,,,,,,,,,,,2025-01-27 11:20:35.695,1_*:*_1_*:*_1080877176_*|*_10009_*:*_1_*:*_0_*|*_10011_*:*_1_*:*_23403_*|*_10010_*:*_1_*:*_31234_*|*_10001_*:*_1_*:*_4846_*|*_10003_*:*_1_*:*_5552616007_*|*_10006_*:*_2_*:*_8083_*|*_10005_*:*_2_*:*_13455907895,,,27/Jan/25 11:20 AM;6114ed43e6e6f80071784a76;Planned to be upload to Prod on 11/2,,,,,,,,,,,Done,02/Jul/25 5:04 AM
In Country Project - MIS Support Site CR,IT-21699,778297,Change Request,Done,IT,IT,software,Ronit Shor,6114ed430b454a00688bb433,,,P3,Done,Eitan Fireberg,621f1c4f94f7e20069fdd50c,Eitan Fireberg,621f1c4f94f7e20069fdd50c,Eitan Fireberg,621f1c4f94f7e20069fdd50c,10/Nov/24 11:35 AM,03/Dec/24 11:40 AM,,03/Dec/24 11:40 AM,March 2025,,,,0,,,In Country Project - MIS Support Site CR,,Eitan Fireberg,,,,621f1c4f94f7e20069fdd50c,,,,,,,,,,,,,,,,,,,,,,,,,,,,,,,,,,31/Mar/25 12:00 AM,,,,,,,,,Eitan Fireberg,621f1c4f94f7e20069fdd50c,,ApprovalsCFValue{approvals=[]},,,,,,No,,,,,,,,,,,,,Billing,Mithun Thakkar,62a8f48fa80881006f621643,,,,,,,,,,,,,,,,,,,,,,{},,inContact,,,,,,,,,,,,,,,,,,,,,,,,"Sizing document change:

PS Architecture change:

PS Methodology change:

PS Project plan change:

Data requirement change:

Update PS Tools:

Training Materials:

Communication:

Update PS Sales:

PS Demo:

General Notes:
1. Alpha testing
2. Beta testing
3. Project Risk Mitigation",FALSE,,,,,,,,,,,,,,,,,Cadebill,,,,,,,,,,,,,,,,,,,,,Cadebill,,,,,,,,,,,,,,,,,,,,,,,,,,,,,,,,,,,,,,,,,,,,,,,,,,1|i02opj:,,,No,,,,,,,,Off-Release,,,,,eitan fireberg,,,,,,,,,,,,,,,,,,,,,,,,,,,,,,,,,IT S24 (18 Nov - 2 Dec 2024),IT S25 (2 Dec - 16 Dec 2024),,,,,,,,,,,,,,,,,,,,,,,,,,,,,,,,,,,,,,,,,,,,,,,,1.0,,,,,,,,,,,,,,Billing,,,,,,,,,,,,,,,,,,,,,,,,,,,,1_*:*_1_*:*_1185590940_*|*_10007_*:*_1_*:*_0_*|*_10009_*:*_1_*:*_6354_*|*_10011_*:*_1_*:*_25325_*|*_10010_*:*_1_*:*_16887_*|*_10001_*:*_2_*:*_125949_*|*_10003_*:*_1_*:*_43319_*|*_10006_*:*_2_*:*_801663711_*|*_10005_*:*_1_*:*_2184,,,03/Dec/24 11:39 AM;621f1c4f94f7e20069fdd50c;Closing this as the Bizdoc approved and will be handled as part of the project.,,,,,,,,,,,Done,03/Dec/24 11:40 AM
Package/Bundle with hidden children in the invoice,IT-21697,778295,Change Request,Done,IT,IT,software,Ronit Shor,6114ed430b454a00688bb433,,,P3,Done,Eitan Fireberg,621f1c4f94f7e20069fdd50c,Uri Zernitsky,6114ec5175ad960069a77ba9,Eitan Fireberg,621f1c4f94f7e20069fdd50c,10/Nov/24 11:27 AM,20/Apr/26 4:31 AM,,20/Apr/26 4:31 AM,July 2026,,,,0,,,Package/Bundle with hidden children in the invoice,,Dana Trybiasz,Eitan Fireberg,,,6114ed43e6e6f80071784a76,621f1c4f94f7e20069fdd50c,,,,,,,,,,,,,,,,,,,,,10/Nov/24 11:30 AM;ug:1353b372-f51b-4375-b95a-b04dcee93ca7;Requirements Package with Hidden Children (only when sold as part of a bundle) (1).docx;https://nice-it.atlassian.net/rest/api/3/attachment/content/154243,,,,,,,,,,,,20/Apr/26 12:00 AM,,,,,,,,,Eitan Fireberg,621f1c4f94f7e20069fdd50c,,ApprovalsCFValue{approvals=[]},,,,,,No,,,,,,,,,,,,,Billing,Orr Rachlevsky,63db8d66790148a18094867c,,,,,,,,,,,,,,,,,,,,,,{},,inContact,,,,,,,,,,,,,,,,,,,,,,,,"Sizing document change:

PS Architecture change:

PS Methodology change:

PS Project plan change:

Data requirement change:

Update PS Tools:

Training Materials:

Communication:

Update PS Sales:

PS Demo:

General Notes:
1. Alpha testing
2. Beta testing
3. Project Risk Mitigation",FALSE,,,,,,,,,,,,,,,,,Cadebill,,,,,,,,,,,,,,,,,,,,,Cadebill,,,,,,,,,,,,,,,,,,,,,,,,,,,,,,,,,,,,,,,,,,,,,,,,,,1|i02op3:,,,No,,Deployed Q1 2025,,,,,,Release,,,,,Orr Rachlevsky,,,,,,,,,,,,,,,,,,,,,,,,,,,,,,,,,IT S24 (18 Nov - 2 Dec 2024),IT S25 (2 Dec - 16 Dec 2024),IT S26 (16 Dec - 30 Dec 2024),IT S27 (30 Dec - 13 Jan 2025),IT S28 (13 Jan - 27 Jan 2025),IT S29 (27 Jan - 10 Feb 2025),IT S30 (10 Feb - 24 Feb 2025),IT S31 (24 Feb - 10 Mar 2025),IT S32 (10 Mar - 24 Mar 2025),IT S33 (24 Mar - 7 Apr 2025),IT S34 (7 Apr - 21 Apr 2025),IT S35 (21 Apr - 5 May 2025),IT S36 (5 May - 19 May 2025),IT S37 (19 May - 2 Jun 2025),IT S38 (2 Jun - 16 Jun 2025),IT S39 (16 Jun - 30 Jun 2025),IT S40 (30 Jun - 14 Jul 2025),IT S41 (14 Jul - 28 Jul 2025),IT S42 (28 Jul - 11 Aug 2025),IT S43 (11 Aug - 25 Aug 2025),IT S44 (25 Aug -  8 Sep 2025),IT S45 (8 Sep - 22 Sep 2025),IT S46 (22 Sep - 6 Oct 2025),IT S47 (6 Oct - 20 Oct 2025),IT S48 (20 Oct - 3 Nov 2025),IT S49 (3 Nov - 17 Nov 2025),IT S50 (17 Nov - 1 Dec 2025),IT S51 (1 Dec - 15 Dec 2025),IT S52 (15 Dec - 29 Dec 2025),IT S53 (29 Dec - 12 Jan 2026),IT S54 (12 Jan - 26 Jan 2026),IT S55 (26 Jan - 9 Feb 2026),IT S56 (9 Feb - 23 Feb 2026),IT S57 (23 Feb - 9 Mar 2026),IT S58 (9 Mar - 23 Mar 2026),IT S59 (23 Mar - 6 Apr 2026),IT S60 (6 Apr - 20 Apr 2026),,,,,,,,,,,,,1.0,,,,,,,,,,,,,,Billing,,,,,,,,,,,,,,,,,,,,,,,,,,,2024-11-11 17:24:37.902,1_*:*_1_*:*_1186154373_*|*_10009_*:*_1_*:*_0_*|*_10011_*:*_1_*:*_82233_*|*_10010_*:*_1_*:*_16041_*|*_10001_*:*_1_*:*_2597_*|*_10003_*:*_1_*:*_13181_*|*_10006_*:*_2_*:*_44235175250_*|*_10005_*:*_2_*:*_7849,,,"11/Nov/24 5:24 PM;621f1c4f94f7e20069fdd50c;Cadebill will enhance the the capability to hide the zero line item not only for product but also for Package.

This will be developed as a product feature, supported by maintenance (no cost).

Expected in January 2025",27/Jan/25 11:20 AM;6114ed43e6e6f80071784a76;Planned to be upload to Prod on 11/2,20/Apr/26 4:30 AM;621f1c4f94f7e20069fdd50c;This has already been deployed Q1 2025,,,,,,,,,Done,20/Apr/26 4:31 AM
Cadebill - Subtraction capabilities based on customer configuration,IT-34236,864630,Change Request,Qualified,IT,IT,software,Ronit Shor,6114ed430b454a00688bb433,,,P3,,Meital Rashti,70121:33c9c08c-01ca-4a34-ac93-994a2946b894,Eitan Fireberg,621f1c4f94f7e20069fdd50c,Eitan Fireberg,621f1c4f94f7e20069fdd50c,06/Jun/26 4:31 PM,10/Aug/26 3:23 PM,,,August 2025,,,,0,,,"Our conversational AI plans to introduce a new SKU, counting calls shorter than 90 seconds. (let’s say PTID 9900).

This is in addition to the regular SKUs, counting all calls, using PTIDs 1147 + 1148.

 

Let’s say in a particular month, a customer has:

* 500 calls shorter than 90 seconds
* 800 calls overall

 

The Billing logic should be:

Look at customer configuration,

# if the <90 SKU exists and Active
#* Charge it based on PTID 9900 = 500
#* Charge the regular SKUs based on PTIDs 1147 + 1148 – 9900 = 300
# If the <90 SKU DOES NOT Exist / Active
#* Charge the regular SKUs based on PTIDs 1147 + 1148 = 800",,Eitan Fireberg,,,,621f1c4f94f7e20069fdd50c,,,,,,,,,,,,,,,,,,,,,,28/Jun/26 5:43 AM;ug:09c91872-a878-4f07-97a1-3f1811d26aca;Proposed_solution_from_MCL_for_IT-34236.docx;https://nice-it.atlassian.net/rest/api/3/attachment/content/192632,,,,,,,,,,,,,,,,,,,,,,,,ApprovalsCFValue{approvals=[]},,,,,,No,,,,,,,,,,,,,Billing,Orr Rachlevsky,63db8d66790148a18094867c,,,,,,,,,,,,,,,,,,,,,,{},,CX,,,,,,,,,,,,,,,,,,,,,,,,"Sizing document change:

PS Architecture change:

PS Methodology change:

PS Project plan change:

Data requirement change:

Update PS Tools:

Training Materials:

Communication:

Update PS Sales:

PS Demo:

General Notes:
1. Alpha testing
2. Beta testing
3. Project Risk Mitigation",FALSE,,,,,,,,,,,,,,,,,Cadebill,,,,,,,,,,,,,,,,,,,,,Cadebill,,,,,,,,,,,,,,,,,,,,,,,,,,,New,,,,,,,,,,,,,,,,,,,,,,,1|i0blvf:,,,No,,,,,,,,,,,,,Orr Rachlevsky,,,,,,,,,,,,,,,,,,,,,,,,,,,,,,,,,IT S64 (1 Jun - 15 Jun 2026),IT S65 (15 Jun - 29 Jun 2026),IT S66 (29 Jun - 13 Jul 2026),IT S67 (13 Jul - 27 Jul 2026),IT S68 (27 Jul - 10 Aug 2026),IT S69 (10 Aug - 24 Aug 2026),,,,,,,,,,,,,,,,,,,,,,,,,,,,,,,,,,,,,,,,,,,,,,,,,,,,,,,,,,Billing,,,,,,,,,,,,,,,,,,,,,,,,,,,,,,,,,,,,,,,,,,To Do,06/Jun/26 4:31 PM
Dropdown is not visible,IT-31554,840655,Bug,Qualified,IT,IT,software,Ronit Shor,6114ed430b454a00688bb433,,,P4,,Ajinkya Jawanjal,712020:852f441b-a0c8-46c8-8fde-f79fe6a35723,Ajinkya Jawanjal,712020:852f441b-a0c8-46c8-8fde-f79fe6a35723,Ajinkya Jawanjal,712020:852f441b-a0c8-46c8-8fde-f79fe6a35723,03/Feb/26 6:59 AM,03/Feb/26 7:24 AM,,,December 2025,,Activities,,0,Cadebill_Request_Collector,,"||Action||Data||Expected Result||Actual Result||
|TC-01: Navigate to Customer Configuration > Products > Properties and verify Swap Product field|N/A|Swap Product field is visible under Properties|Swap Product field is visible under Properties|
|TC-02: Verify dropdown lists all SKUs except current SKU|Account with multiple SKUs in same BU|Dropdown displays all SKUs except the one being edited|-|",,Ajinkya Jawanjal,,,,712020:852f441b-a0c8-46c8-8fde-f79fe6a35723,,,,,,,,,,,,,,,,,,,,,,,,,,,,,,,,,,22/Feb/26 12:00 AM,,,,QA Needed,,,,,Ajinkya Jawanjal,712020:852f441b-a0c8-46c8-8fde-f79fe6a35723,,ApprovalsCFValue{approvals=[]},,,,,,No,,,,,,1.0,,,,,Internal,General,Billing,Ajinkya Jawanjal,712020:852f441b-a0c8-46c8-8fde-f79fe6a35723,,,,,,,,,,,,,,,,,,,Ajinkya Jawanjal,712020:852f441b-a0c8-46c8-8fde-f79fe6a35723,,{},,CX,,,,,,,,,,,,,,,,,,,,,,,,"Sizing document change:

PS Architecture change:

PS Methodology change:

PS Project plan change:

Data requirement change:

Update PS Tools:

Training Materials:

Communication:

Update PS Sales:

PS Demo:

General Notes:
1. Alpha testing
2. Beta testing
3. Project Risk Mitigation",,,,,,,,,,,,,,,,,,,,,,,,,,,,,,,,,,,,,,,Cadebill,,,,,,,,,,,,,,,,,,,,,,,,,,,New,,,,,,,,,,,,,,,,,,,,,,,1|i09jmb:,,,No,,,,,,,,Off-Release,,,,,Ajinkya Jawanjal,,,,,,,Cross alignment,,,,,,,,,,,,,,,,,,,,,,Medium,,,,,,,,,,,,,,,,,,,,,,,,,,,,,,,,,,,,,,,,,,,,,,,,,,,,Steps to Reproduce.,5.0,,,Active Projects,,,,,,,,,,,Billing,,,,,,,,,,,,,,,,,,,,,,,,,,,,,,,03/Feb/26 7:05 AM;712020:852f441b-a0c8-46c8-8fde-f79fe6a35723;Working as expected.,,,,,,,,,,,To Do,03/Feb/26 6:59 AM
Telco CDR Monthly Report by Call Month,IT-27482,810885,Change Request,Qualified,IT,IT,software,Ronit Shor,6114ed430b454a00688bb433,,,P3,,Jonathan Jensen,712020:4c7bb93a-69d9-47b6-bc60-f97d9b955661,Eitan Fireberg,621f1c4f94f7e20069fdd50c,Eitan Fireberg,621f1c4f94f7e20069fdd50c,12/Aug/25 7:28 AM,10/Aug/26 3:23 PM,,,September 2025,,,,0,,,"We request IT’s help in creating and managing a CDR Breakdown Report by Call Month.  This is a report that was built by me several years ago and that Austin on the Billing team currently manages.  The data from this report is used in Mike’s presentation to the SLT on a regular basis and its accuracy is crucial.  We need this report to be IT created and supported going forward.  I ask for your help in assigning resources to this project.

 

Each month after the invoice cycle ends and CDR’s are pushed to the Support site, Billing (Austin) runs a report for Mike Perry’s team that shows Telco Minutes and Revenue by “Call Month” rather than by Invoice month.  This is a critical report Mike’s team to compare billed minutes by Call Month against what Telco providers are charging us in minutes.  The report takes many hours to run each month due to the very large number of CDR’s that must be queried.  I’m sure that IT resources will be able to better optimize and support this report going forward.

 

Once you have created the project and assigned resources, we will provide you the SQL query that we run and will meet with your team to discuss how to successfully transition this report to IT.  This may be project that you assign to MCL for development given their deep knowledge about CDR rating, Split Sonus Tables and large volume of data.  Mike stated that he would prefer to have his team run this report if at all possible so that they’re not dependent on another group to provide the data. 

 ",,Eitan Fireberg,,,,621f1c4f94f7e20069fdd50c,,,,,,,,,,,,,,,,,,,,,,12/Aug/25 7:36 AM;ug:1353b372-f51b-4375-b95a-b04dcee93ca7;RE_ IT Project Request_  Telco CDR Monthly Report by Call Month.msg;https://nice-it.atlassian.net/rest/api/3/attachment/content/162903,,,,,,,,,,,,,,,,,,,,,,,,ApprovalsCFValue{approvals=[]},,,,,,No,,,,,,,,,,,,,Billing,Roi Yossefi,6114ec8f8c15ca006feba02a,,,,,,,,,,,,,,,,,,,,,,{},,CX,,,,,,,,,,,,,,,,,,,,,,,,"Sizing document change:

PS Architecture change:

PS Methodology change:

PS Project plan change:

Data requirement change:

Update PS Tools:

Training Materials:

Communication:

Update PS Sales:

PS Demo:

General Notes:
1. Alpha testing
2. Beta testing
3. Project Risk Mitigation",FALSE,,,,,,,,,,,,,,,,,Cadebill,,,,,,,,,,,,,,,,,,,,,Cadebill,,,,,,,,,,,,,,,,,,,,,,,,,,,New,,,,,,,,,,,,,,,,,,,,,,,1|i0736j:,,,No,,,,,,,,,,,,,Robert Gordon,,,,,,,,,,,,,,,,,,,,,,,,,,,,,,,,,IT S43 (11 Aug - 25 Aug 2025),IT S44 (25 Aug -  8 Sep 2025),IT S45 (8 Sep - 22 Sep 2025),IT S46 (22 Sep - 6 Oct 2025),IT S47 (6 Oct - 20 Oct 2025),IT S48 (20 Oct - 3 Nov 2025),IT S49 (3 Nov - 17 Nov 2025),IT S50 (17 Nov - 1 Dec 2025),IT S51 (1 Dec - 15 Dec 2025),IT S52 (15 Dec - 29 Dec 2025),IT S53 (29 Dec - 12 Jan 2026),IT S54 (12 Jan - 26 Jan 2026),IT S55 (26 Jan - 9 Feb 2026),IT S56 (9 Feb - 23 Feb 2026),IT S57 (23 Feb - 9 Mar 2026),IT S58 (9 Mar - 23 Mar 2026),IT S59 (23 Mar - 6 Apr 2026),IT S60 (6 Apr - 20 Apr 2026),IT S61 (20 Apr - 4 May 2026),IT S62 (4 May - 18 May 2026),IT S63 (18 May - 1 Jun 2026),IT S64 (1 Jun - 15 Jun 2026),IT S65 (15 Jun - 29 Jun 2026),IT S66 (29 Jun - 13 Jul 2026),IT S67 (13 Jul - 27 Jul 2026),IT S68 (27 Jul - 10 Aug 2026),IT S69 (10 Aug - 24 Aug 2026),,,,,,,,,,,,,,,,,,,,,,,,,,,,,,,,,,,,,Billing,,,,,,,,,,,,,,,,,,,,,,,,,,,,,,,"14/Aug/25 4:53 AM;621f1c4f94f7e20069fdd50c;If you go to [https://cadebill-reporting.ucn.net|https://cadebill-reporting.ucn.net/]

You should see a menu/report by name “Product Summary”",,,,,,,,,,,To Do,12/Aug/25 7:28 AM
Add AgentID to CDRs in Sonus,IT-21746,778439,Change Request,Qualified,IT,IT,software,Ronit Shor,6114ed430b454a00688bb433,,,P3,,Eitan Fireberg,621f1c4f94f7e20069fdd50c,Uri Zernitsky,6114ec5175ad960069a77ba9,Eitan Fireberg,621f1c4f94f7e20069fdd50c,12/Nov/24 7:49 AM,03/Dec/24 5:18 PM,,,March 2025,,,,0,,,"Apparently, when there was a transition from ESN to Sonos, a field called AgentID wasn’t added.

As a results, Customers struggle to allocate costs per unit.

Michael will prepare requirements for MCL.",,Eitan Fireberg,,,,621f1c4f94f7e20069fdd50c,,,,,,,,,,,,,,,,,,,,,,12/Nov/24 7:49 AM;ug:1353b372-f51b-4375-b95a-b04dcee93ca7;CallDetail_NICECXone-Report.zip;https://nice-it.atlassian.net/rest/api/3/attachment/content/154373,,,,,,,,,,,,,,,,,,,,,,,,ApprovalsCFValue{approvals=[]},,,,,,No,,,,,,,,,,,,,Billing,Orr Rachlevsky,63db8d66790148a18094867c,,,,,,,,,,,,,,,,,,,,,,{},,inContact,,,,,,,,,,,,,,,,,,,,,,,,"Sizing document change:

PS Architecture change:

PS Methodology change:

PS Project plan change:

Data requirement change:

Update PS Tools:

Training Materials:

Communication:

Update PS Sales:

PS Demo:

General Notes:
1. Alpha testing
2. Beta testing
3. Project Risk Mitigation",FALSE,,,,,,,,,,,,,,,,,Cadebill,,,,,,,,,,,,,,,,,,,,,Cadebill,,,,,,,,,,,,,,,,,,,,,,,,,,,,,,,,,,,,,,,,,,,,,,,,,,1|i02pfr:,,,No,,,,,,,,,,,,,eitan fireberg,,,,,,,,,,,,,,,,,,,,,,,,,,,,,,,,,,,,,,,,,,,,,,,,,,,,,,,,,,,,,,,,,,,,,,,,,,,,,,,,,,,,,,,,,,,,,,,,Billing,,,,,,,,,,,,,,,,,,,,,,,,,,,2024-11-24 12:20:02.783,,,,24/Nov/24 12:20 PM;621f1c4f94f7e20069fdd50c;Change should be done by @david Duggar from Robert’s team.,"03/Dec/24 5:18 PM;621f1c4f94f7e20069fdd50c;We decided this will be discuessed with the Voice team to add this to the CDRs streaming to SBC.

@David Duggar to manage this",,,,,,,,,,To Do,12/Nov/24 7:49 AM
Track_User_Fields,IT-32336,848851,Change Request,In UAT,IT,IT,software,Ronit Shor,6114ed430b454a00688bb433,,,P3,,Meital Rashti,70121:33c9c08c-01ca-4a34-ac93-994a2946b894,Meital Rashti,70121:33c9c08c-01ca-4a34-ac93-994a2946b894,Meital Rashti,70121:33c9c08c-01ca-4a34-ac93-994a2946b894,09/Mar/26 7:37 AM,10/Aug/26 3:23 PM,11/Aug/26 2:02 PM,,July 2026,,,,0,SFDC_Automation_to_Cadebill,,"Reason for failure:

The request was sent to end date some products which have start date as future dated. For those products end date sent in the request is earlier than the start date. So, start _dt is later than end_dt error returned in the response.



Solution:

Need to update the start date and the end date

need to make sure it does not impact the invoice ",,Meital Rashti,,,,70121:33c9c08c-01ca-4a34-ac93-994a2946b894,,,,,,,,,,,,,,,,,,,,,,23/Jun/26 12:29 PM;ug:09c91872-a878-4f07-97a1-3f1811d26aca;DesignDocument_IT-32336_Product_removal_fix_for_future_dated_products.docx;https://nice-it.atlassian.net/rest/api/3/attachment/content/192015,07/May/26 7:52 AM;ug:09c91872-a878-4f07-97a1-3f1811d26aca;IT-32336_Track_User_Fields_v1.0.docx;https://nice-it.atlassian.net/rest/api/3/attachment/content/184808,,,,,,,,,,,,,,,,,,,,Meital Rashti,70121:33c9c08c-01ca-4a34-ac93-994a2946b894,,ApprovalsCFValue{approvals=[]},,,,,,No,,,,,,,,,,,,,Billing,Meital Rashti,70121:33c9c08c-01ca-4a34-ac93-994a2946b894,,,,,,,,,,,,,,,,,,,,,,{},,,,,,,,,,,,,,,,,,,,,,,,,,"*Workato Recipe Logic:*

# Workato Recipe 56162808 (SF2CB Amendments) — before each Track_User_Fields API call to Cadebill (table: customer_product_instance), a conditional step checks whether the product's start_date is greater than the requested end_date.
# If start_date > end_date (or start_date = end_date), the recipe overrides end_date = start_date + 1 day before sending the payload to Cadebill.
# If start_date <= end_date (product is active or end date is valid), no override is applied and the original end_date is used.
# The Workato job log records the original end_date and the overridden value whenever a substitution occurs, for audit purposes.

*Pre-Condition:*

# Invoice impact of the start_date + 1 override must be validated with Orr (Finance/Billing) before production deployment. A future-dated product end-dated at start_date + 1 should produce a zero-value or cancelled line — confirmation required.",FALSE,,,,,,,,,,,,,,,,,Cadebill,,,,,,,,,,,,,,,,,,,,,Cadebill,,,,,,,,,,,,,,,,,,,,,,,,,,,New,,,,,,,,,,,,,,,,,,,,,,,1|i0a4f7:,,,No,,,,,,,,,,,,,Meital Rashti,,,,,,,,,,,,,,,,,,,,,,,,,,,,,,,,,IT S67 (13 Jul - 27 Jul 2026),IT S68 (27 Jul - 10 Aug 2026),IT S69 (10 Aug - 24 Aug 2026),,,,,,,,,,,,,,,,,,,,,,,,,,,,,,,,,,,,,,,,,,,,,,,5.0,,,,,,,,,,,,,,Billing,,,,,,,,,,,,,,,,,,,,,,,,,,,,,,,15/Apr/26 11:16 AM;70121:33c9c08c-01ca-4a34-ac93-994a2946b894;Modified the end date - Start Date +1  ( need to check with Orr),,,,,,,,,,,In Progress,23/Jun/26 12:28 PM
Import Rebill Quantities into Cadebill,IT-27365,810247,Change Request,In UAT,IT,IT,software,Ronit Shor,6114ed430b454a00688bb433,,,P3,,Jonathan Jensen,712020:4c7bb93a-69d9-47b6-bc60-f97d9b955661,Eitan Fireberg,621f1c4f94f7e20069fdd50c,Eitan Fireberg,621f1c4f94f7e20069fdd50c,06/Aug/25 11:22 AM,10/Aug/26 3:23 PM,,,November 2025,September 2025,,,0,,,We talked to all of you about adding the ability to Import Rebill Quantities into Cadebill.  It would be a new Import option for this screen.  We would prefer to either add based on CPID OR SKU (all 3 parts).  Please add this project to your list if it is not there already.,,Eitan Fireberg,,,,621f1c4f94f7e20069fdd50c,,,,,,,,,,,,,,,,,,,,,,22/Oct/25 3:40 PM;ug:1353b372-f51b-4375-b95a-b04dcee93ca7;OverrideRebillQuantities.xlsx;https://nice-it.atlassian.net/rest/api/3/attachment/content/167002,22/Oct/25 3:40 PM;ug:1353b372-f51b-4375-b95a-b04dcee93ca7;Steps to Import Rebill Quantities.docx;https://nice-it.atlassian.net/rest/api/3/attachment/content/167003,06/Aug/25 11:25 AM;ug:1353b372-f51b-4375-b95a-b04dcee93ca7;image (4).png;https://nice-it.atlassian.net/rest/api/3/attachment/content/162616,,,,,,,,,,,,,,,,,,,jonathan.jensen,712020:0ccf8b0f-2002-4a3d-bc14-ae34e9bc6d3c,,ApprovalsCFValue{approvals=[]},,,,,,No,,,,,,,,,,,,,Billing,Roi Yossefi,6114ec8f8c15ca006feba02a,,,,,,,,,,,,,,,,,,,,,,{},,CX,,,,,,,,,,,,,,,,,,,,,,,,"Sizing document change:

PS Architecture change:

PS Methodology change:

PS Project plan change:

Data requirement change:

Update PS Tools:

Training Materials:

Communication:

Update PS Sales:

PS Demo:

General Notes:
1. Alpha testing
2. Beta testing
3. Project Risk Mitigation",FALSE,,,,,,,,,,,,,,,,,Cadebill,,,,,,,,,,,,,,,,,,,,,Cadebill,,,,,,,,,,,,,,,,,,,,,,,,,,,New,,,,,,,,,,,,,,,,,,,,,,,1|i0717n:,,,No,,,,,,,,,,,,,Robert Gordon,,,,,,,,,,,,,,,,,,,,,,,,,,,,,,,,,IT S42 (28 Jul - 11 Aug 2025),IT S43 (11 Aug - 25 Aug 2025),IT S44 (25 Aug -  8 Sep 2025),IT S45 (8 Sep - 22 Sep 2025),IT S46 (22 Sep - 6 Oct 2025),IT S47 (6 Oct - 20 Oct 2025),IT S48 (20 Oct - 3 Nov 2025),IT S49 (3 Nov - 17 Nov 2025),IT S50 (17 Nov - 1 Dec 2025),IT S51 (1 Dec - 15 Dec 2025),IT S52 (15 Dec - 29 Dec 2025),IT S53 (29 Dec - 12 Jan 2026),IT S54 (12 Jan - 26 Jan 2026),IT S55 (26 Jan - 9 Feb 2026),IT S56 (9 Feb - 23 Feb 2026),IT S57 (23 Feb - 9 Mar 2026),IT S58 (9 Mar - 23 Mar 2026),IT S59 (23 Mar - 6 Apr 2026),IT S60 (6 Apr - 20 Apr 2026),IT S61 (20 Apr - 4 May 2026),IT S62 (4 May - 18 May 2026),IT S63 (18 May - 1 Jun 2026),IT S64 (1 Jun - 15 Jun 2026),IT S65 (15 Jun - 29 Jun 2026),IT S66 (29 Jun - 13 Jul 2026),IT S67 (13 Jul - 27 Jul 2026),IT S68 (27 Jul - 10 Aug 2026),IT S69 (10 Aug - 24 Aug 2026),,,,,,,,,,,,,,,,,,,,,,1.0,,,,,,,,,,,,,,Billing,,,,,,,,,,,,,,,,,,,,,,,,,,,,,,,"22/Oct/25 3:40 PM;621f1c4f94f7e20069fdd50c;Hi Team,
Please find attached the document detailing the steps to import rebill quantities, along with the Excel file used for testing “Import Via Excel Option”.

Additionally, we have implemented a change in the “Add New Rebill Quantities” UI by making the Account Number a mandatory field.

This enhancement is intended to improve the overall performance and usability of the user interface.

 

Regards,
Kishore Kumar.","23/Oct/25 3:27 AM;621f1c4f94f7e20069fdd50c;Robert’s comment:



Thanks for the document.  I agree with adding Account number to the import.  I like importing via Text or Excel for new entries or updates.  All that looks great.  It is similar to what we do with other imports into Cadebill.  Thank you.

I believe my original request was to be able to import using a SKU instead of requiring the CPID.  For the Billing team, looking up the CPID is manual and time consuming especially if there are several or many records to import.  We plan to use this rebill import when LiveVox is integrated into Cadebill and there will likely be hundreds of LiveVox imports monthly beginning in January.

Request:  Can you enhance the import/update function using Account# and SKU (ProductID, FeatureKey, FeatureDetailID)?  The import would need to use the ChargeDate to determine which CPID is Active as part of the import.  I understand that there may be times where there may be more than 1 active CPID for the Account and ChargeDate so there would need to be some method to ""Prompt"" users to select the correct CPID, or Reject the batch and provide an error message on which lines could not be imported due to multiple active CPID's.  Can this be done?  What concerns or issues am I missing with this request?

We can test this new import function and roll that into Production as Step 1.  My request is that we figure out Step 2 which would be uploading Quantity by Account, SKU (parts) and Chargedate.  Thoughts?",,,,,,,,,,In Progress,22/Oct/25 3:41 PM
Add Apportionment to SF Cadebill Automation for New Logo & Amendment,IT-25151,785904,Change Request,In UAT,IT,IT,software,Ronit Shor,6114ed430b454a00688bb433,,,P3,,Dana Trybiasz,6114ed43e6e6f80071784a76,Eitan Fireberg,621f1c4f94f7e20069fdd50c,Eitan Fireberg,621f1c4f94f7e20069fdd50c,07/May/25 10:25 AM,10/Aug/26 3:23 PM,,,August 2025,,,,0,MCL,mis,Add Apportionment to SF Cadebill Automation for New Logo & Amendment,,Ajinkya Jawanjal,Dana Trybiasz,Eitan Fireberg,,712020:852f441b-a0c8-46c8-8fde-f79fe6a35723,6114ed43e6e6f80071784a76,621f1c4f94f7e20069fdd50c,,,,,,,,,,,,,,,IT-33081,IT-33080,,,,31/Mar/26 3:04 PM;ug:0ae2aa22-d613-49d4-ba65-c117642317c8;Appotionment_Test_Cases.xlsx;https://nice-it.atlassian.net/rest/api/3/attachment/content/183221,03/Aug/25 5:48 AM;ug:0ae2aa22-d613-49d4-ba65-c117642317c8;Design Document for Apportionment Automation_V1.docx;https://nice-it.atlassian.net/rest/api/3/attachment/content/162332,10/Jun/26 3:46 AM;ug:25efd078-2cb1-4c9d-bd50-5e4a260878c4;Design Document for Apportionment Automation_V2 (d76ac97d-dda0-4963-ae63-108e7595c61f).docx;https://nice-it.atlassian.net/rest/api/3/attachment/content/189753,31/Mar/26 3:04 PM;ug:0ae2aa22-d613-49d4-ba65-c117642317c8;Design Document for Apportionment Automation_V2.docx;https://nice-it.atlassian.net/rest/api/3/attachment/content/183222,14/May/25 5:40 AM;ug:0ae2aa22-d613-49d4-ba65-c117642317c8;IT-25151 Apportionment Automation.docx;https://nice-it.atlassian.net/rest/api/3/attachment/content/159174,,,,,,,,,,,,,,,,,,,,ApprovalsCFValue{approvals=[]},,,,,,No,,,,,,,,,,,,,Billing,Orr Rachlevsky,63db8d66790148a18094867c,,,,,,,,,,,,,,,,,,,,,,{},,CX,,,,,,,,,,,,,,,,,,,,,,,,"Sizing document change:

PS Architecture change:

PS Methodology change:

PS Project plan change:

Data requirement change:

Update PS Tools:

Training Materials:

Communication:

Update PS Sales:

PS Demo:

General Notes:
1. Alpha testing
2. Beta testing
3. Project Risk Mitigation",FALSE,,,,,,,,,,,,,,,,,Cadebill,,,,,,,,,,,,,,,,,,,,,Cadebill,,,,,,,,,,,,,,,,,,,,,,,,,,,New,,,,,,,,,,,,,,,,,,,,,,,1|i03puf:,,,No,,,,,,,,,,,,,Robert Gordon,,,,,,,,,,,,,,,,,,,,,,,,,,,,,,,,,IT S42 (28 Jul - 11 Aug 2025),IT S43 (11 Aug - 25 Aug 2025),IT S44 (25 Aug -  8 Sep 2025),IT S45 (8 Sep - 22 Sep 2025),IT S46 (22 Sep - 6 Oct 2025),IT S47 (6 Oct - 20 Oct 2025),IT S48 (20 Oct - 3 Nov 2025),IT S49 (3 Nov - 17 Nov 2025),IT S50 (17 Nov - 1 Dec 2025),IT S51 (1 Dec - 15 Dec 2025),IT S52 (15 Dec - 29 Dec 2025),IT S53 (29 Dec - 12 Jan 2026),IT S54 (12 Jan - 26 Jan 2026),IT S55 (26 Jan - 9 Feb 2026),IT S56 (9 Feb - 23 Feb 2026),IT S57 (23 Feb - 9 Mar 2026),IT S58 (9 Mar - 23 Mar 2026),IT S59 (23 Mar - 6 Apr 2026),IT S60 (6 Apr - 20 Apr 2026),IT S61 (20 Apr - 4 May 2026),IT S62 (4 May - 18 May 2026),IT S63 (18 May - 1 Jun 2026),IT S64 (1 Jun - 15 Jun 2026),IT S65 (15 Jun - 29 Jun 2026),IT S66 (29 Jun - 13 Jul 2026),IT S67 (13 Jul - 27 Jul 2026),IT S68 (27 Jul - 10 Aug 2026),IT S69 (10 Aug - 24 Aug 2026),,,,,,,,,,,,,,,,,,,,,,5.0,,,,,,,,,,,,,,Billing,,,,,,,,,,,,,,,,,,,,,,,,,,,2025-05-14 05:38:29.717,,,,14/May/25 5:38 AM;6114ed43e6e6f80071784a76;waiting for feedbacks on the design document,09/Jun/26 1:34 PM;712020:852f441b-a0c8-46c8-8fde-f79fe6a35723;Test Execution is done.,,,,,,,,,,In Progress,06/Aug/25 11:09 AM
Automatic Cadebill SKU Creation,IT-26708,789683,Epic,Ready for Deployment,IT,IT,software,Ronit Shor,6114ed430b454a00688bb433,,,P3,,Rivka Eisenstein,62c291d8a7de1e7c7c2cdb87,Eitan Fireberg,621f1c4f94f7e20069fdd50c,Eitan Fireberg,621f1c4f94f7e20069fdd50c,09/Jul/25 6:45 AM,10/Aug/26 3:23 PM,,,December 2026,,,,0,,,Automatic Cadebill SKU Creation,,Ajinkya Jawanjal,Amit Noga,Eitan Fireberg,Meital Rashti,712020:852f441b-a0c8-46c8-8fde-f79fe6a35723,712020:3a7505d9-2d9f-4039-8564-836f2fbe4186,621f1c4f94f7e20069fdd50c,70121:33c9c08c-01ca-4a34-ac93-994a2946b894,,,,,,0,,,,,,,,,IT-32082,,,IT-32093,,,,,,,,,,.,,,,,,,,,,,,Meital Rashti,70121:33c9c08c-01ca-4a34-ac93-994a2946b894,,ApprovalsCFValue{approvals=[]},,,,,,No,,,,,,,,,,,,,Billing,Asa Barnea,6114ec50c51f3a00696cf9ed,,,,,,,,,,,,,,,,,,,,,,{},,CX,,,,,,ghx-label-14,,,,,0.0,,,,,,,,,,,,,"Sizing document change:

PS Architecture change:

PS Methodology change:

PS Project plan change:

Data requirement change:

Update PS Tools:

Training Materials:

Communication:

Update PS Sales:

PS Demo:

General Notes:
1. Alpha testing
2. Beta testing
3. Project Risk Mitigation",,,,,,,,,,,,,,,,,,Cadebill,,,,,,,,,,dark_orange,,,,,,,,,,,Cadebill,,.,,,,,,,,,,,,,,,,,,,,,,,,,New,,,,,,,,,,,,,,,,,,,,,,,1|i041g3:,,,No,,,,,,,,Off-Release,,,,,Asa Barnea,,,,,,,,,,,,,,,,,,,,,,,,,,,,,,,,,IT S41 (14 Jul - 28 Jul 2025),IT S42 (28 Jul - 11 Aug 2025),IT S43 (11 Aug - 25 Aug 2025),IT S44 (25 Aug -  8 Sep 2025),IT S45 (8 Sep - 22 Sep 2025),IT S46 (22 Sep - 6 Oct 2025),IT S47 (6 Oct - 20 Oct 2025),IT S48 (20 Oct - 3 Nov 2025),IT S49 (3 Nov - 17 Nov 2025),IT S50 (17 Nov - 1 Dec 2025),IT S51 (1 Dec - 15 Dec 2025),IT S52 (15 Dec - 29 Dec 2025),IT S53 (29 Dec - 12 Jan 2026),IT S54 (12 Jan - 26 Jan 2026),IT S55 (26 Jan - 9 Feb 2026),IT S56 (9 Feb - 23 Feb 2026),IT S57 (23 Feb - 9 Mar 2026),IT S58 (9 Mar - 23 Mar 2026),IT S59 (23 Mar - 6 Apr 2026),IT S60 (6 Apr - 20 Apr 2026),IT S61 (20 Apr - 4 May 2026),IT S62 (4 May - 18 May 2026),IT S63 (18 May - 1 Jun 2026),IT S64 (1 Jun - 15 Jun 2026),IT S65 (15 Jun - 29 Jun 2026),IT S66 (29 Jun - 13 Jul 2026),IT S67 (13 Jul - 27 Jul 2026),IT S68 (27 Jul - 10 Aug 2026),IT S69 (10 Aug - 24 Aug 2026),,,,,,,,,,,,,,,,,,,,,30.0,,,,,,,,,,,,,,Billing,,,,,,,,,,,,,,,,,,,,,,,,,,,2026-01-20 09:46:17.241,,,,20/Jan/26 9:46 AM;70121:33c9c08c-01ca-4a34-ac93-994a2946b894;[IT-26708 Automatic Cadebill SKU Creation.docx|https://niceonline.sharepoint.com/:w:/r/teams/BillingIT/Shared%20Documents/General/Auto%20SKU%20Creation/IT-26708%20Automatic%20Cadebill%20SKU%20Creation.docx?d=w3cb35d23e3a041d8ab5c18d21c0128cc&csf=1&web=1&e=N2jEqH],25/Feb/26 6:56 AM;712020:852f441b-a0c8-46c8-8fde-f79fe6a35723;Created the test and test execution and linked to the main feature.,"25/Feb/26 9:58 AM;712020:852f441b-a0c8-46c8-8fde-f79fe6a35723;Working as expected and updated the test cases in test execution.

* Automatic SKU creation feature.
* Linkage to the existing product.",14/Apr/26 12:13 PM;712020:3a7505d9-2d9f-4039-8564-836f2fbe4186;Awaiting approval for Phase 1 go‑live,,,,,836188,IT-30949,AI-Billing,In Progress,10/Mar/26 10:55 AM
Cadebill to Oracle API - Send State name (province name) instead of the State code ,IT-23360,782301,Change Request,Ready for Deployment,IT,IT,software,Ronit Shor,6114ed430b454a00688bb433,,,P3,,Dana Trybiasz,6114ed43e6e6f80071784a76,Dana Trybiasz,6114ed43e6e6f80071784a76,Dana Trybiasz,6114ed43e6e6f80071784a76,20/Feb/25 8:53 AM,10/Aug/26 3:23 PM,,,March 2025,,,,0,MCL,,"There are 2 APIs from Cadebill to Oracle:

# API that creates a request in SNOW to create the customer: 

[https://apim.nice.com/servicenow-nsc-api-suite-v1/execute-action/CustomerCreateUpdate|https://apim.nice.com/servicenow-nsc-api-suite-v1/execute-action/CustomerCreateUpdate]

 API that verifies that the customer created in Oracle is created in Cadebill with the same parameters. 

 

We need to update both APIs to send the state name (province name) instead of the state code (e.g., 'Quebec' instead of 'QC').",,Dana Trybiasz,,,,6114ed43e6e6f80071784a76,,,,,,,,,,,,,,,,,,,,,,20/Feb/25 9:56 AM;ug:0ae2aa22-d613-49d4-ba65-c117642317c8;IT-23360 Cadebill to Oracle API - Send State name (province name) instead of the State code.docx;https://nice-it.atlassian.net/rest/api/3/attachment/content/157398,,,,,,,,,,,,,,,,,,,,,Dana Trybiasz,6114ed43e6e6f80071784a76,,ApprovalsCFValue{approvals=[]},,,,,,No,,,,,,,,,,,,,Billing,Eitan Fireberg,621f1c4f94f7e20069fdd50c,,,,,,,,,,,,,,,,,,,,,,{},,inContact,,,,,,,,,,,,,,,,,,,,,,,,"Sizing document change:

PS Architecture change:

PS Methodology change:

PS Project plan change:

Data requirement change:

Update PS Tools:

Training Materials:

Communication:

Update PS Sales:

PS Demo:

General Notes:
1. Alpha testing
2. Beta testing
3. Project Risk Mitigation",FALSE,,,,,,,,,,,,,,,,,Cadebill,,,,,,,,,,,,,,,,,,,,,Cadebill,,,,,,,,,,,,,,,,,,,,,,,,,,,,,,,,,,,,,,,,,,,,,,,,,,1|i039gn:,,,No,,,,,,,,Off-Release,,,,,Eitan Fireberg,,,,,,,,,,,,,,,,,,,,,,,,,,,,,,,,,IT S31 (24 Feb - 10 Mar 2025),IT S32 (10 Mar - 24 Mar 2025),IT S33 (24 Mar - 7 Apr 2025),IT S34 (7 Apr - 21 Apr 2025),IT S35 (21 Apr - 5 May 2025),IT S36 (5 May - 19 May 2025),IT S37 (19 May - 2 Jun 2025),IT S38 (2 Jun - 16 Jun 2025),IT S39 (16 Jun - 30 Jun 2025),IT S40 (30 Jun - 14 Jul 2025),IT S41 (14 Jul - 28 Jul 2025),IT S42 (28 Jul - 11 Aug 2025),IT S43 (11 Aug - 25 Aug 2025),IT S44 (25 Aug -  8 Sep 2025),IT S45 (8 Sep - 22 Sep 2025),IT S46 (22 Sep - 6 Oct 2025),IT S47 (6 Oct - 20 Oct 2025),IT S48 (20 Oct - 3 Nov 2025),IT S49 (3 Nov - 17 Nov 2025),IT S50 (17 Nov - 1 Dec 2025),IT S51 (1 Dec - 15 Dec 2025),IT S52 (15 Dec - 29 Dec 2025),IT S53 (29 Dec - 12 Jan 2026),IT S54 (12 Jan - 26 Jan 2026),IT S55 (26 Jan - 9 Feb 2026),IT S56 (9 Feb - 23 Feb 2026),IT S57 (23 Feb - 9 Mar 2026),IT S58 (9 Mar - 23 Mar 2026),IT S59 (23 Mar - 6 Apr 2026),IT S60 (6 Apr - 20 Apr 2026),IT S61 (20 Apr - 4 May 2026),IT S62 (4 May - 18 May 2026),IT S63 (18 May - 1 Jun 2026),IT S64 (1 Jun - 15 Jun 2026),IT S65 (15 Jun - 29 Jun 2026),IT S66 (29 Jun - 13 Jul 2026),IT S67 (13 Jul - 27 Jul 2026),IT S68 (27 Jul - 10 Aug 2026),IT S69 (10 Aug - 24 Aug 2026),,,,,,,,,,,2.0,,,,,,,,,,,,,,Billing,,,,,,,,,,,,,,,,,,,,,,,,,,,,,,,,,,,,,,,,,,In Progress,04/Mar/25 3:38 PM
Dummy Bug for demo : Dropdown not visible.,IT-31569,840678,Bug,UAT Approved,IT,IT,software,Ronit Shor,6114ed430b454a00688bb433,,,P3,,Ajinkya Jawanjal,712020:852f441b-a0c8-46c8-8fde-f79fe6a35723,Ajinkya Jawanjal,712020:852f441b-a0c8-46c8-8fde-f79fe6a35723,Ajinkya Jawanjal,712020:852f441b-a0c8-46c8-8fde-f79fe6a35723,03/Feb/26 10:08 AM,10/Aug/26 3:23 PM,,,November 2025,,Activities,,0,,,"||Action||Data||Expected Result||Actual Result||
|TC-01: Navigate to Customer Configuration > Products > Properties and verify Swap Product field|N/A|Swap Product field is visible under Properties|Swap Product field is visible under Properties|
|TC-02: Verify dropdown lists all SKUs except current SKU|Account with multiple SKUs in same BU|Dropdown displays all SKUs except the one being edited|-|",,Ajinkya Jawanjal,,,,712020:852f441b-a0c8-46c8-8fde-f79fe6a35723,,,,,,,,,,,,,IT-31568,IT-31567,,,,,,,,,,,,,,,,,,,,,,,,,,,,,Ajinkya Jawanjal,712020:852f441b-a0c8-46c8-8fde-f79fe6a35723,,ApprovalsCFValue{approvals=[]},,,,,,No,,,,,,,,,,,Internal,Regression,Billing,Ajinkya Jawanjal,712020:852f441b-a0c8-46c8-8fde-f79fe6a35723,,,,,,,,,,,,,,,,,,,,,,{},,,,,,,,,,,,,,,,,,,,,,,,,,"Sizing document change:

PS Architecture change:

PS Methodology change:

PS Project plan change:

Data requirement change:

Update PS Tools:

Training Materials:

Communication:

Update PS Sales:

PS Demo:

General Notes:
1. Alpha testing
2. Beta testing
3. Project Risk Mitigation",,,,,,,,,,,,,,,,,,Cadebill,,,,,,,,,,,,,,,,,,,,,Cadebill,,,,,,,,,,,,,,,,,,,,,,,,,,,New,,,,,,,,,,,,,,,,,,,,,,,1|i09jpn:,,,No,,,,,,,,,,,,,Ajinkya Jawanjal,,,,,,,,,,,,,,,,,,,,,,,,,,,,,Medium,,,,IT S55 (26 Jan - 9 Feb 2026),IT S56 (9 Feb - 23 Feb 2026),IT S57 (23 Feb - 9 Mar 2026),IT S58 (9 Mar - 23 Mar 2026),IT S59 (23 Mar - 6 Apr 2026),IT S60 (6 Apr - 20 Apr 2026),IT S61 (20 Apr - 4 May 2026),IT S62 (4 May - 18 May 2026),IT S63 (18 May - 1 Jun 2026),IT S64 (1 Jun - 15 Jun 2026),IT S65 (15 Jun - 29 Jun 2026),IT S66 (29 Jun - 13 Jul 2026),IT S67 (13 Jul - 27 Jul 2026),IT S68 (27 Jul - 10 Aug 2026),IT S69 (10 Aug - 24 Aug 2026),,,,,,,,,,,,,,,,,,,,,,,,,,,,,,,,,,Steps ,2.0,,,,,,,,,,,,,,Billing,,,,,,,,,,,,,,,,,,,,,,,,,,,,,,,,,,,,,,,,,,In Progress,10/Feb/26 5:59 AM
